global_id,city,scene,patch_id,patch_path,row_start,col_start,patch_size,valid_percentage
0,Ahmedabad,Scene_1_2025-05-01,0,C:\Users\Aditya main\Desktop\Project_Sih\patches\Ahmedabad\Scene_1_2025-05-01\patch_0000.npy,2083,2787,512,100.0
1,Ahmedabad,Scene_1_2025-05-01,1,C:\Users\Aditya main\Desktop\Project_Sih\patches\Ahmedabad\Scene_1_2025-05-01\patch_0001.npy,2083,3299,512,100.0
2,Ahmedabad,Scene_1_2025-05-01,2,C:\Users\Aditya main\Desktop\Project_Sih\patches\Ahmedabad\Scene_1_2025-05-01\patch_0002.npy,2083,3811,512,100.0
3,Ahmedabad,Scene_1_2025-05-01,3,C:\Users\Aditya main\Desktop\Project_Sih\patches\Ahmedabad\Scene_1_2025-05-01\patch_0003.npy,2083,4323,512,100.0
4,Ahmedabad,Scene_1_2025-05-01,4,C:\Users\Aditya main\Desktop\Project_Sih\patches\Ahmedabad\Scene_1_2025-05-01\patch_0004.npy,2083,4835,512,100.0
5,Ahmedabad,Scene_1_2025-05-01,5,C:\Users\Aditya main\Desktop\Project_Sih\patches\Ahmedabad\Scene_1_2025-05-01\patch_0005.npy,2083,5347,512,100.0
6,Ahmedabad,Scene_1_2025-05-01,6,C:\Users\Aditya main\Desktop\Project_Sih\patches\Ahmedabad\Scene_1_2025-05-01\patch_0006.npy,2083,5859,512,100.0
7,Ahmedabad,Scene_1_2025-05-01,7,C:\Users\Aditya main\Desktop\Project_Sih\patches\Ahmedabad\Scene_1_2025-05-01\patch_0007.npy,2083,6371,512,100.0
8,Ahmedabad,Scene_1_2025-05-01,8,C:\Users\Aditya main\Desktop\Project_Sih\patches\Ahmedabad\Scene_1_2025-05-01\patch_0008.npy,2083,6883,512,100.0
9,Ahmedabad,Scene_1_2025-05-01,9,C:\Users\Aditya main\Desktop\Project_Sih\patches\Ahmedabad\Scene_1_2025-05-01\patch_0009.npy,2595,2787,512,100.0
10,Ahmedabad,Scene_1_2025-05-01,10,C:\Users\Aditya main\Desktop\Project_Sih\patches\Ahmedabad\Scene_1_2025-05-01\patch_0010.npy,2595,3299,512,100.0
11,Ahmedabad,Scene_1_2025-05-01,11,C:\Users\Aditya main\Desktop\Project_Sih\patches\Ahmedabad\Scene_1_2025-05-01\patch_0011.npy,2595,3811,512,100.0
12,Ahmedabad,Scene_1_2025-05-01,12,C:\Users\Aditya main\Desktop\Project_Sih\patches\Ahmedabad\Scene_1_2025-05-01\patch_0012.npy,2595,4323,512,100.0
13,Ahmedabad,Scene_1_2025-05-01,13,C:\Users\Aditya main\Desktop\Project_Sih\patches\Ahmedabad\Scene_1_2025-05-01\patch_0013.npy,2595,4835,512,100.0
14,Ahmedabad,Scene_1_2025-05-01,14,C:\Users\Aditya main\Desktop\Project_Sih\patches\Ahmedabad\Scene_1_2025-05-01\patch_0014.npy,2595,5347,512,100.0
15,Ahmedabad,Scene_1_2025-05-01,15,C:\Users\Aditya main\Desktop\Project_Sih\patches\Ahmedabad\Scene_1_2025-05-01\patch_0015.npy,2595,5859,512,100.0
16,Ahmedabad,Scene_1_2025-05-01,16,C:\Users\Aditya main\Desktop\Project_Sih\patches\Ahmedabad\Scene_1_2025-05-01\patch_0016.npy,2595,6371,512,100.0
17,Ahmedabad,Scene_1_2025-05-01,17,C:\Users\Aditya main\Desktop\Project_Sih\patches\Ahmedabad\Scene_1_2025-05-01\patch_0017.npy,2595,6883,512,100.0
18,Ahmedabad,Scene_1_2025-05-01,18,C:\Users\Aditya main\Desktop\Project_Sih\patches\Ahmedabad\Scene_1_2025-05-01\patch_0018.npy,3107,2787,512,100.0
19,Ahmedabad,Scene_1_2025-05-01,19,C:\Users\Aditya main\Desktop\Project_Sih\patches\Ahmedabad\Scene_1_2025-05-01\patch_0019.npy,3107,3299,512,100.0
20,Ahmedabad,Scene_1_2025-05-01,20,C:\Users\Aditya main\Desktop\Project_Sih\patches\Ahmedabad\Scene_1_2025-05-01\patch_0020.npy,3107,3811,512,100.0
21,Ahmedabad,Scene_1_2025-05-01,21,C:\Users\Aditya main\Desktop\Project_Sih\patches\Ahmedabad\Scene_1_2025-05-01\patch_0021.npy,3107,4323,512,100.0
22,Ahmedabad,Scene_1_2025-05-01,22,C:\Users\Aditya main\Desktop\Project_Sih\patches\Ahmedabad\Scene_1_2025-05-01\patch_0022.npy,3107,4835,512,100.0
23,Ahmedabad,Scene_1_2025-05-01,23,C:\Users\Aditya main\Desktop\Project_Sih\patches\Ahmedabad\Scene_1_2025-05-01\patch_0023.npy,3107,5347,512,100.0
24,Ahmedabad,Scene_1_2025-05-01,24,C:\Users\Aditya main\Desktop\Project_Sih\patches\Ahmedabad\Scene_1_2025-05-01\patch_0024.npy,3107,5859,512,100.0
25,Ahmedabad,Scene_1_2025-05-01,25,C:\Users\Aditya main\Desktop\Project_Sih\patches\Ahmedabad\Scene_1_2025-05-01\patch_0025.npy,3107,6371,512,100.0
26,Ahmedabad,Scene_1_2025-05-01,26,C:\Users\Aditya main\Desktop\Project_Sih\patches\Ahmedabad\Scene_1_2025-05-01\patch_0026.npy,3107,6883,512,100.0
27,Ahmedabad,Scene_1_2025-05-01,27,C:\Users\Aditya main\Desktop\Project_Sih\patches\Ahmedabad\Scene_1_2025-05-01\patch_0027.npy,3619,2787,512,100.0
28,Ahmedabad,Scene_1_2025-05-01,28,C:\Users\Aditya main\Desktop\Project_Sih\patches\Ahmedabad\Scene_1_2025-05-01\patch_0028.npy,3619,3299,512,100.0
29,Ahmedabad,Scene_1_2025-05-01,29,C:\Users\Aditya main\Desktop\Project_Sih\patches\Ahmedabad\Scene_1_2025-05-01\patch_0029.npy,3619,3811,512,100.0
30,Ahmedabad,Scene_1_2025-05-01,30,C:\Users\Aditya main\Desktop\Project_Sih\patches\Ahmedabad\Scene_1_2025-05-01\patch_0030.npy,3619,4323,512,99.99847412109376
31,Ahmedabad,Scene_1_2025-05-01,31,C:\Users\Aditya main\Desktop\Project_Sih\patches\Ahmedabad\Scene_1_2025-05-01\patch_0031.npy,3619,4835,512,100.0
32,Ahmedabad,Scene_1_2025-05-01,32,C:\Users\Aditya main\Desktop\Project_Sih\patches\Ahmedabad\Scene_1_2025-05-01\patch_0032.npy,3619,5347,512,100.0
33,Ahmedabad,Scene_1_2025-05-01,33,C:\Users\Aditya main\Desktop\Project_Sih\patches\Ahmedabad\Scene_1_2025-05-01\patch_0033.npy,3619,5859,512,100.0
34,Ahmedabad,Scene_1_2025-05-01,34,C:\Users\Aditya main\Desktop\Project_Sih\patches\Ahmedabad\Scene_1_2025-05-01\patch_0034.npy,3619,6371,512,100.0
35,Ahmedabad,Scene_1_2025-05-01,35,C:\Users\Aditya main\Desktop\Project_Sih\patches\Ahmedabad\Scene_1_2025-05-01\patch_0035.npy,3619,6883,512,100.0
36,Ahmedabad,Scene_1_2025-05-01,36,C:\Users\Aditya main\Desktop\Project_Sih\patches\Ahmedabad\Scene_1_2025-05-01\patch_0036.npy,4131,2787,512,100.0
37,Ahmedabad,Scene_1_2025-05-01,37,C:\Users\Aditya main\Desktop\Project_Sih\patches\Ahmedabad\Scene_1_2025-05-01\patch_0037.npy,4131,3299,512,100.0
38,Ahmedabad,Scene_1_2025-05-01,38,C:\Users\Aditya main\Desktop\Project_Sih\patches\Ahmedabad\Scene_1_2025-05-01\patch_0038.npy,4131,3811,512,100.0
39,Ahmedabad,Scene_1_2025-05-01,39,C:\Users\Aditya main\Desktop\Project_Sih\patches\Ahmedabad\Scene_1_2025-05-01\patch_0039.npy,4131,4323,512,99.99847412109376
40,Ahmedabad,Scene_1_2025-05-01,40,C:\Users\Aditya main\Desktop\Project_Sih\patches\Ahmedabad\Scene_1_2025-05-01\patch_0040.npy,4131,4835,512,99.9298095703125
41,Ahmedabad,Scene_1_2025-05-01,41,C:\Users\Aditya main\Desktop\Project_Sih\patches\Ahmedabad\Scene_1_2025-05-01\patch_0041.npy,4131,5347,512,100.0
42,Ahmedabad,Scene_1_2025-05-01,42,C:\Users\Aditya main\Desktop\Project_Sih\patches\Ahmedabad\Scene_1_2025-05-01\patch_0042.npy,4131,5859,512,100.0
43,Ahmedabad,Scene_1_2025-05-01,43,C:\Users\Aditya main\Desktop\Project_Sih\patches\Ahmedabad\Scene_1_2025-05-01\patch_0043.npy,4131,6371,512,100.0
44,Ahmedabad,Scene_1_2025-05-01,44,C:\Users\Aditya main\Desktop\Project_Sih\patches\Ahmedabad\Scene_1_2025-05-01\patch_0044.npy,4131,6883,512,100.0
45,Ahmedabad,Scene_1_2025-05-01,45,C:\Users\Aditya main\Desktop\Project_Sih\patches\Ahmedabad\Scene_1_2025-05-01\patch_0045.npy,4643,2787,512,100.0
46,Ahmedabad,Scene_1_2025-05-01,46,C:\Users\Aditya main\Desktop\Project_Sih\patches\Ahmedabad\Scene_1_2025-05-01\patch_0046.npy,4643,3299,512,100.0
47,Ahmedabad,Scene_1_2025-05-01,47,C:\Users\Aditya main\Desktop\Project_Sih\patches\Ahmedabad\Scene_1_2025-05-01\patch_0047.npy,4643,3811,512,100.0
48,Ahmedabad,Scene_1_2025-05-01,48,C:\Users\Aditya main\Desktop\Project_Sih\patches\Ahmedabad\Scene_1_2025-05-01\patch_0048.npy,4643,4323,512,100.0
49,Ahmedabad,Scene_1_2025-05-01,49,C:\Users\Aditya main\Desktop\Project_Sih\patches\Ahmedabad\Scene_1_2025-05-01\patch_0049.npy,4643,4835,512,100.0
50,Ahmedabad,Scene_1_2025-05-01,50,C:\Users\Aditya main\Desktop\Project_Sih\patches\Ahmedabad\Scene_1_2025-05-01\patch_0050.npy,4643,5347,512,99.981689453125
51,Ahmedabad,Scene_1_2025-05-01,51,C:\Users\Aditya main\Desktop\Project_Sih\patches\Ahmedabad\Scene_1_2025-05-01\patch_0051.npy,4643,5859,512,100.0
52,Ahmedabad,Scene_1_2025-05-01,52,C:\Users\Aditya main\Desktop\Project_Sih\patches\Ahmedabad\Scene_1_2025-05-01\patch_0052.npy,4643,6371,512,100.0
53,Ahmedabad,Scene_1_2025-05-01,53,C:\Users\Aditya main\Desktop\Project_Sih\patches\Ahmedabad\Scene_1_2025-05-01\patch_0053.npy,4643,6883,512,100.0
54,Ahmedabad,Scene_1_2025-05-01,54,C:\Users\Aditya main\Desktop\Project_Sih\patches\Ahmedabad\Scene_1_2025-05-01\patch_0054.npy,5155,2787,512,100.0
55,Ahmedabad,Scene_1_2025-05-01,55,C:\Users\Aditya main\Desktop\Project_Sih\patches\Ahmedabad\Scene_1_2025-05-01\patch_0055.npy,5155,3299,512,100.0
56,Ahmedabad,Scene_1_2025-05-01,56,C:\Users\Aditya main\Desktop\Project_Sih\patches\Ahmedabad\Scene_1_2025-05-01\patch_0056.npy,5155,3811,512,100.0
57,Ahmedabad,Scene_1_2025-05-01,57,C:\Users\Aditya main\Desktop\Project_Sih\patches\Ahmedabad\Scene_1_2025-05-01\patch_0057.npy,5155,4323,512,100.0
58,Ahmedabad,Scene_1_2025-05-01,58,C:\Users\Aditya main\Desktop\Project_Sih\patches\Ahmedabad\Scene_1_2025-05-01\patch_0058.npy,5155,4835,512,100.0
59,Ahmedabad,Scene_1_2025-05-01,59,C:\Users\Aditya main\Desktop\Project_Sih\patches\Ahmedabad\Scene_1_2025-05-01\patch_0059.npy,5155,5347,512,100.0
60,Ahmedabad,Scene_1_2025-05-01,60,C:\Users\Aditya main\Desktop\Project_Sih\patches\Ahmedabad\Scene_1_2025-05-01\patch_0060.npy,5155,5859,512,99.98779296875
61,Ahmedabad,Scene_1_2025-05-01,61,C:\Users\Aditya main\Desktop\Project_Sih\patches\Ahmedabad\Scene_1_2025-05-01\patch_0061.npy,5155,6371,512,100.0
62,Ahmedabad,Scene_1_2025-05-01,62,C:\Users\Aditya main\Desktop\Project_Sih\patches\Ahmedabad\Scene_1_2025-05-01\patch_0062.npy,5155,6883,512,100.0
63,Ahmedabad,Scene_1_2025-05-01,63,C:\Users\Aditya main\Desktop\Project_Sih\patches\Ahmedabad\Scene_1_2025-05-01\patch_0063.npy,5667,2787,512,100.0
64,Ahmedabad,Scene_1_2025-05-01,64,C:\Users\Aditya main\Desktop\Project_Sih\patches\Ahmedabad\Scene_1_2025-05-01\patch_0064.npy,5667,3299,512,100.0
65,Ahmedabad,Scene_1_2025-05-01,65,C:\Users\Aditya main\Desktop\Project_Sih\patches\Ahmedabad\Scene_1_2025-05-01\patch_0065.npy,5667,3811,512,100.0
66,Ahmedabad,Scene_1_2025-05-01,66,C:\Users\Aditya main\Desktop\Project_Sih\patches\Ahmedabad\Scene_1_2025-05-01\patch_0066.npy,5667,4323,512,100.0
67,Ahmedabad,Scene_1_2025-05-01,67,C:\Users\Aditya main\Desktop\Project_Sih\patches\Ahmedabad\Scene_1_2025-05-01\patch_0067.npy,5667,4835,512,100.0
68,Ahmedabad,Scene_1_2025-05-01,68,C:\Users\Aditya main\Desktop\Project_Sih\patches\Ahmedabad\Scene_1_2025-05-01\patch_0068.npy,5667,5347,512,100.0
69,Ahmedabad,Scene_1_2025-05-01,69,C:\Users\Aditya main\Desktop\Project_Sih\patches\Ahmedabad\Scene_1_2025-05-01\patch_0069.npy,5667,5859,512,100.0
70,Ahmedabad,Scene_1_2025-05-01,70,C:\Users\Aditya main\Desktop\Project_Sih\patches\Ahmedabad\Scene_1_2025-05-01\patch_0070.npy,5667,6371,512,100.0
71,Ahmedabad,Scene_1_2025-05-01,71,C:\Users\Aditya main\Desktop\Project_Sih\patches\Ahmedabad\Scene_1_2025-05-01\patch_0071.npy,5667,6883,512,100.0
72,Ahmedabad,Scene_1_2025-05-01,72,C:\Users\Aditya main\Desktop\Project_Sih\patches\Ahmedabad\Scene_1_2025-05-01\patch_0072.npy,6179,2787,512,100.0
73,Ahmedabad,Scene_1_2025-05-01,73,C:\Users\Aditya main\Desktop\Project_Sih\patches\Ahmedabad\Scene_1_2025-05-01\patch_0073.npy,6179,3299,512,100.0
74,Ahmedabad,Scene_1_2025-05-01,74,C:\Users\Aditya main\Desktop\Project_Sih\patches\Ahmedabad\Scene_1_2025-05-01\patch_0074.npy,6179,3811,512,100.0
75,Ahmedabad,Scene_1_2025-05-01,75,C:\Users\Aditya main\Desktop\Project_Sih\patches\Ahmedabad\Scene_1_2025-05-01\patch_0075.npy,6179,4323,512,100.0
76,Ahmedabad,Scene_1_2025-05-01,76,C:\Users\Aditya main\Desktop\Project_Sih\patches\Ahmedabad\Scene_1_2025-05-01\patch_0076.npy,6179,4835,512,100.0
77,Ahmedabad,Scene_1_2025-05-01,77,C:\Users\Aditya main\Desktop\Project_Sih\patches\Ahmedabad\Scene_1_2025-05-01\patch_0077.npy,6179,5347,512,100.0
78,Ahmedabad,Scene_1_2025-05-01,78,C:\Users\Aditya main\Desktop\Project_Sih\patches\Ahmedabad\Scene_1_2025-05-01\patch_0078.npy,6179,5859,512,100.0
79,Ahmedabad,Scene_1_2025-05-01,79,C:\Users\Aditya main\Desktop\Project_Sih\patches\Ahmedabad\Scene_1_2025-05-01\patch_0079.npy,6179,6371,512,100.0
80,Ahmedabad,Scene_1_2025-05-01,80,C:\Users\Aditya main\Desktop\Project_Sih\patches\Ahmedabad\Scene_1_2025-05-01\patch_0080.npy,6179,6883,512,100.0
81,Ahmedabad,Scene_1_2025-05-01,81,C:\Users\Aditya main\Desktop\Project_Sih\patches\Ahmedabad\Scene_1_2025-05-01\patch_0081.npy,6691,2787,512,100.0
82,Ahmedabad,Scene_1_2025-05-01,82,C:\Users\Aditya main\Desktop\Project_Sih\patches\Ahmedabad\Scene_1_2025-05-01\patch_0082.npy,6691,3299,512,100.0
83,Ahmedabad,Scene_1_2025-05-01,83,C:\Users\Aditya main\Desktop\Project_Sih\patches\Ahmedabad\Scene_1_2025-05-01\patch_0083.npy,6691,3811,512,100.0
84,Ahmedabad,Scene_1_2025-05-01,84,C:\Users\Aditya main\Desktop\Project_Sih\patches\Ahmedabad\Scene_1_2025-05-01\patch_0084.npy,6691,4323,512,100.0
85,Ahmedabad,Scene_1_2025-05-01,85,C:\Users\Aditya main\Desktop\Project_Sih\patches\Ahmedabad\Scene_1_2025-05-01\patch_0085.npy,6691,4835,512,100.0
86,Ahmedabad,Scene_1_2025-05-01,86,C:\Users\Aditya main\Desktop\Project_Sih\patches\Ahmedabad\Scene_1_2025-05-01\patch_0086.npy,6691,5347,512,100.0
87,Ahmedabad,Scene_1_2025-05-01,87,C:\Users\Aditya main\Desktop\Project_Sih\patches\Ahmedabad\Scene_1_2025-05-01\patch_0087.npy,6691,5859,512,100.0
88,Ahmedabad,Scene_1_2025-05-01,88,C:\Users\Aditya main\Desktop\Project_Sih\patches\Ahmedabad\Scene_1_2025-05-01\patch_0088.npy,6691,6371,512,100.0
89,Ahmedabad,Scene_1_2025-05-01,89,C:\Users\Aditya main\Desktop\Project_Sih\patches\Ahmedabad\Scene_1_2025-05-01\patch_0089.npy,6691,6883,512,100.0
90,Ahmedabad,Scene_1_2025-05-01,90,C:\Users\Aditya main\Desktop\Project_Sih\patches\Ahmedabad\Scene_1_2025-05-01\patch_0090.npy,7203,2787,512,100.0
91,Ahmedabad,Scene_1_2025-05-01,91,C:\Users\Aditya main\Desktop\Project_Sih\patches\Ahmedabad\Scene_1_2025-05-01\patch_0091.npy,7203,3299,512,100.0
92,Ahmedabad,Scene_1_2025-05-01,92,C:\Users\Aditya main\Desktop\Project_Sih\patches\Ahmedabad\Scene_1_2025-05-01\patch_0092.npy,7203,3811,512,100.0
93,Ahmedabad,Scene_1_2025-05-01,93,C:\Users\Aditya main\Desktop\Project_Sih\patches\Ahmedabad\Scene_1_2025-05-01\patch_0093.npy,7203,4323,512,100.0
94,Ahmedabad,Scene_1_2025-05-01,94,C:\Users\Aditya main\Desktop\Project_Sih\patches\Ahmedabad\Scene_1_2025-05-01\patch_0094.npy,7203,4835,512,100.0
95,Ahmedabad,Scene_1_2025-05-01,95,C:\Users\Aditya main\Desktop\Project_Sih\patches\Ahmedabad\Scene_1_2025-05-01\patch_0095.npy,7203,5347,512,100.0
96,Ahmedabad,Scene_1_2025-05-01,96,C:\Users\Aditya main\Desktop\Project_Sih\patches\Ahmedabad\Scene_1_2025-05-01\patch_0096.npy,7203,5859,512,100.0
97,Ahmedabad,Scene_1_2025-05-01,97,C:\Users\Aditya main\Desktop\Project_Sih\patches\Ahmedabad\Scene_1_2025-05-01\patch_0097.npy,7203,6371,512,100.0
98,Ahmedabad,Scene_1_2025-05-01,98,C:\Users\Aditya main\Desktop\Project_Sih\patches\Ahmedabad\Scene_1_2025-05-01\patch_0098.npy,7203,6883,512,100.0
99,Ahmedabad,Scene_1_2025-05-01,99,C:\Users\Aditya main\Desktop\Project_Sih\patches\Ahmedabad\Scene_1_2025-05-01\patch_0099.npy,7715,2787,512,100.0
100,Ahmedabad,Scene_1_2025-05-01,100,C:\Users\Aditya main\Desktop\Project_Sih\patches\Ahmedabad\Scene_1_2025-05-01\patch_0100.npy,7715,3299,512,100.0
101,Ahmedabad,Scene_1_2025-05-01,101,C:\Users\Aditya main\Desktop\Project_Sih\patches\Ahmedabad\Scene_1_2025-05-01\patch_0101.npy,7715,3811,512,100.0
102,Ahmedabad,Scene_1_2025-05-01,102,C:\Users\Aditya main\Desktop\Project_Sih\patches\Ahmedabad\Scene_1_2025-05-01\patch_0102.npy,7715,4323,512,100.0
103,Ahmedabad,Scene_1_2025-05-01,103,C:\Users\Aditya main\Desktop\Project_Sih\patches\Ahmedabad\Scene_1_2025-05-01\patch_0103.npy,7715,4835,512,100.0
104,Ahmedabad,Scene_1_2025-05-01,104,C:\Users\Aditya main\Desktop\Project_Sih\patches\Ahmedabad\Scene_1_2025-05-01\patch_0104.npy,7715,5347,512,100.0
105,Ahmedabad,Scene_1_2025-05-01,105,C:\Users\Aditya main\Desktop\Project_Sih\patches\Ahmedabad\Scene_1_2025-05-01\patch_0105.npy,7715,5859,512,100.0
106,Ahmedabad,Scene_1_2025-05-01,106,C:\Users\Aditya main\Desktop\Project_Sih\patches\Ahmedabad\Scene_1_2025-05-01\patch_0106.npy,7715,6371,512,100.0
107,Ahmedabad,Scene_1_2025-05-01,107,C:\Users\Aditya main\Desktop\Project_Sih\patches\Ahmedabad\Scene_1_2025-05-01\patch_0107.npy,7715,6883,512,100.0
108,Ahmedabad,Scene_2_2025-04-03,0,C:\Users\Aditya main\Desktop\Project_Sih\patches\Ahmedabad\Scene_2_2025-04-03\patch_0000.npy,2083,2787,512,100.0
109,Ahmedabad,Scene_2_2025-04-03,1,C:\Users\Aditya main\Desktop\Project_Sih\patches\Ahmedabad\Scene_2_2025-04-03\patch_0001.npy,2083,3299,512,100.0
110,Ahmedabad,Scene_2_2025-04-03,2,C:\Users\Aditya main\Desktop\Project_Sih\patches\Ahmedabad\Scene_2_2025-04-03\patch_0002.npy,2083,3811,512,100.0
111,Ahmedabad,Scene_2_2025-04-03,3,C:\Users\Aditya main\Desktop\Project_Sih\patches\Ahmedabad\Scene_2_2025-04-03\patch_0003.npy,2083,4323,512,100.0
112,Ahmedabad,Scene_2_2025-04-03,4,C:\Users\Aditya main\Desktop\Project_Sih\patches\Ahmedabad\Scene_2_2025-04-03\patch_0004.npy,2083,4835,512,100.0
113,Ahmedabad,Scene_2_2025-04-03,5,C:\Users\Aditya main\Desktop\Project_Sih\patches\Ahmedabad\Scene_2_2025-04-03\patch_0005.npy,2083,5347,512,100.0
114,Ahmedabad,Scene_2_2025-04-03,6,C:\Users\Aditya main\Desktop\Project_Sih\patches\Ahmedabad\Scene_2_2025-04-03\patch_0006.npy,2083,5859,512,100.0
115,Ahmedabad,Scene_2_2025-04-03,7,C:\Users\Aditya main\Desktop\Project_Sih\patches\Ahmedabad\Scene_2_2025-04-03\patch_0007.npy,2083,6371,512,100.0
116,Ahmedabad,Scene_2_2025-04-03,8,C:\Users\Aditya main\Desktop\Project_Sih\patches\Ahmedabad\Scene_2_2025-04-03\patch_0008.npy,2083,6883,512,100.0
117,Ahmedabad,Scene_2_2025-04-03,9,C:\Users\Aditya main\Desktop\Project_Sih\patches\Ahmedabad\Scene_2_2025-04-03\patch_0009.npy,2595,2787,512,100.0
118,Ahmedabad,Scene_2_2025-04-03,10,C:\Users\Aditya main\Desktop\Project_Sih\patches\Ahmedabad\Scene_2_2025-04-03\patch_0010.npy,2595,3299,512,100.0
119,Ahmedabad,Scene_2_2025-04-03,11,C:\Users\Aditya main\Desktop\Project_Sih\patches\Ahmedabad\Scene_2_2025-04-03\patch_0011.npy,2595,3811,512,100.0
120,Ahmedabad,Scene_2_2025-04-03,12,C:\Users\Aditya main\Desktop\Project_Sih\patches\Ahmedabad\Scene_2_2025-04-03\patch_0012.npy,2595,4323,512,100.0
121,Ahmedabad,Scene_2_2025-04-03,13,C:\Users\Aditya main\Desktop\Project_Sih\patches\Ahmedabad\Scene_2_2025-04-03\patch_0013.npy,2595,4835,512,100.0
122,Ahmedabad,Scene_2_2025-04-03,14,C:\Users\Aditya main\Desktop\Project_Sih\patches\Ahmedabad\Scene_2_2025-04-03\patch_0014.npy,2595,5347,512,100.0
123,Ahmedabad,Scene_2_2025-04-03,15,C:\Users\Aditya main\Desktop\Project_Sih\patches\Ahmedabad\Scene_2_2025-04-03\patch_0015.npy,2595,5859,512,100.0
124,Ahmedabad,Scene_2_2025-04-03,16,C:\Users\Aditya main\Desktop\Project_Sih\patches\Ahmedabad\Scene_2_2025-04-03\patch_0016.npy,2595,6371,512,100.0
125,Ahmedabad,Scene_2_2025-04-03,17,C:\Users\Aditya main\Desktop\Project_Sih\patches\Ahmedabad\Scene_2_2025-04-03\patch_0017.npy,2595,6883,512,100.0
126,Ahmedabad,Scene_2_2025-04-03,18,C:\Users\Aditya main\Desktop\Project_Sih\patches\Ahmedabad\Scene_2_2025-04-03\patch_0018.npy,3107,2787,512,100.0
127,Ahmedabad,Scene_2_2025-04-03,19,C:\Users\Aditya main\Desktop\Project_Sih\patches\Ahmedabad\Scene_2_2025-04-03\patch_0019.npy,3107,3299,512,100.0
128,Ahmedabad,Scene_2_2025-04-03,20,C:\Users\Aditya main\Desktop\Project_Sih\patches\Ahmedabad\Scene_2_2025-04-03\patch_0020.npy,3107,3811,512,100.0
129,Ahmedabad,Scene_2_2025-04-03,21,C:\Users\Aditya main\Desktop\Project_Sih\patches\Ahmedabad\Scene_2_2025-04-03\patch_0021.npy,3107,4323,512,100.0
130,Ahmedabad,Scene_2_2025-04-03,22,C:\Users\Aditya main\Desktop\Project_Sih\patches\Ahmedabad\Scene_2_2025-04-03\patch_0022.npy,3107,4835,512,100.0
131,Ahmedabad,Scene_2_2025-04-03,23,C:\Users\Aditya main\Desktop\Project_Sih\patches\Ahmedabad\Scene_2_2025-04-03\patch_0023.npy,3107,5347,512,100.0
132,Ahmedabad,Scene_2_2025-04-03,24,C:\Users\Aditya main\Desktop\Project_Sih\patches\Ahmedabad\Scene_2_2025-04-03\patch_0024.npy,3107,5859,512,100.0
133,Ahmedabad,Scene_2_2025-04-03,25,C:\Users\Aditya main\Desktop\Project_Sih\patches\Ahmedabad\Scene_2_2025-04-03\patch_0025.npy,3107,6371,512,100.0
134,Ahmedabad,Scene_2_2025-04-03,26,C:\Users\Aditya main\Desktop\Project_Sih\patches\Ahmedabad\Scene_2_2025-04-03\patch_0026.npy,3107,6883,512,100.0
135,Ahmedabad,Scene_2_2025-04-03,27,C:\Users\Aditya main\Desktop\Project_Sih\patches\Ahmedabad\Scene_2_2025-04-03\patch_0027.npy,3619,2787,512,100.0
136,Ahmedabad,Scene_2_2025-04-03,28,C:\Users\Aditya main\Desktop\Project_Sih\patches\Ahmedabad\Scene_2_2025-04-03\patch_0028.npy,3619,3299,512,100.0
137,Ahmedabad,Scene_2_2025-04-03,29,C:\Users\Aditya main\Desktop\Project_Sih\patches\Ahmedabad\Scene_2_2025-04-03\patch_0029.npy,3619,3811,512,100.0
138,Ahmedabad,Scene_2_2025-04-03,30,C:\Users\Aditya main\Desktop\Project_Sih\patches\Ahmedabad\Scene_2_2025-04-03\patch_0030.npy,3619,4323,512,100.0
139,Ahmedabad,Scene_2_2025-04-03,31,C:\Users\Aditya main\Desktop\Project_Sih\patches\Ahmedabad\Scene_2_2025-04-03\patch_0031.npy,3619,4835,512,100.0
140,Ahmedabad,Scene_2_2025-04-03,32,C:\Users\Aditya main\Desktop\Project_Sih\patches\Ahmedabad\Scene_2_2025-04-03\patch_0032.npy,3619,5347,512,100.0
141,Ahmedabad,Scene_2_2025-04-03,33,C:\Users\Aditya main\Desktop\Project_Sih\patches\Ahmedabad\Scene_2_2025-04-03\patch_0033.npy,3619,5859,512,100.0
142,Ahmedabad,Scene_2_2025-04-03,34,C:\Users\Aditya main\Desktop\Project_Sih\patches\Ahmedabad\Scene_2_2025-04-03\patch_0034.npy,3619,6371,512,100.0
143,Ahmedabad,Scene_2_2025-04-03,35,C:\Users\Aditya main\Desktop\Project_Sih\patches\Ahmedabad\Scene_2_2025-04-03\patch_0035.npy,3619,6883,512,100.0
144,Ahmedabad,Scene_2_2025-04-03,36,C:\Users\Aditya main\Desktop\Project_Sih\patches\Ahmedabad\Scene_2_2025-04-03\patch_0036.npy,4131,2787,512,100.0
145,Ahmedabad,Scene_2_2025-04-03,37,C:\Users\Aditya main\Desktop\Project_Sih\patches\Ahmedabad\Scene_2_2025-04-03\patch_0037.npy,4131,3299,512,100.0
146,Ahmedabad,Scene_2_2025-04-03,38,C:\Users\Aditya main\Desktop\Project_Sih\patches\Ahmedabad\Scene_2_2025-04-03\patch_0038.npy,4131,3811,512,100.0
147,Ahmedabad,Scene_2_2025-04-03,39,C:\Users\Aditya main\Desktop\Project_Sih\patches\Ahmedabad\Scene_2_2025-04-03\patch_0039.npy,4131,4323,512,100.0
148,Ahmedabad,Scene_2_2025-04-03,40,C:\Users\Aditya main\Desktop\Project_Sih\patches\Ahmedabad\Scene_2_2025-04-03\patch_0040.npy,4131,4835,512,100.0
149,Ahmedabad,Scene_2_2025-04-03,41,C:\Users\Aditya main\Desktop\Project_Sih\patches\Ahmedabad\Scene_2_2025-04-03\patch_0041.npy,4131,5347,512,100.0
150,Ahmedabad,Scene_2_2025-04-03,42,C:\Users\Aditya main\Desktop\Project_Sih\patches\Ahmedabad\Scene_2_2025-04-03\patch_0042.npy,4131,5859,512,100.0
151,Ahmedabad,Scene_2_2025-04-03,43,C:\Users\Aditya main\Desktop\Project_Sih\patches\Ahmedabad\Scene_2_2025-04-03\patch_0043.npy,4131,6371,512,100.0
152,Ahmedabad,Scene_2_2025-04-03,44,C:\Users\Aditya main\Desktop\Project_Sih\patches\Ahmedabad\Scene_2_2025-04-03\patch_0044.npy,4131,6883,512,100.0
153,Ahmedabad,Scene_2_2025-04-03,45,C:\Users\Aditya main\Desktop\Project_Sih\patches\Ahmedabad\Scene_2_2025-04-03\patch_0045.npy,4643,2787,512,100.0
154,Ahmedabad,Scene_2_2025-04-03,46,C:\Users\Aditya main\Desktop\Project_Sih\patches\Ahmedabad\Scene_2_2025-04-03\patch_0046.npy,4643,3299,512,100.0
155,Ahmedabad,Scene_2_2025-04-03,47,C:\Users\Aditya main\Desktop\Project_Sih\patches\Ahmedabad\Scene_2_2025-04-03\patch_0047.npy,4643,3811,512,100.0
156,Ahmedabad,Scene_2_2025-04-03,48,C:\Users\Aditya main\Desktop\Project_Sih\patches\Ahmedabad\Scene_2_2025-04-03\patch_0048.npy,4643,4323,512,100.0
157,Ahmedabad,Scene_2_2025-04-03,49,C:\Users\Aditya main\Desktop\Project_Sih\patches\Ahmedabad\Scene_2_2025-04-03\patch_0049.npy,4643,4835,512,100.0
158,Ahmedabad,Scene_2_2025-04-03,50,C:\Users\Aditya main\Desktop\Project_Sih\patches\Ahmedabad\Scene_2_2025-04-03\patch_0050.npy,4643,5347,512,100.0
159,Ahmedabad,Scene_2_2025-04-03,51,C:\Users\Aditya main\Desktop\Project_Sih\patches\Ahmedabad\Scene_2_2025-04-03\patch_0051.npy,4643,5859,512,100.0
160,Ahmedabad,Scene_2_2025-04-03,52,C:\Users\Aditya main\Desktop\Project_Sih\patches\Ahmedabad\Scene_2_2025-04-03\patch_0052.npy,4643,6371,512,100.0
161,Ahmedabad,Scene_2_2025-04-03,53,C:\Users\Aditya main\Desktop\Project_Sih\patches\Ahmedabad\Scene_2_2025-04-03\patch_0053.npy,4643,6883,512,100.0
162,Ahmedabad,Scene_2_2025-04-03,54,C:\Users\Aditya main\Desktop\Project_Sih\patches\Ahmedabad\Scene_2_2025-04-03\patch_0054.npy,5155,2787,512,100.0
163,Ahmedabad,Scene_2_2025-04-03,55,C:\Users\Aditya main\Desktop\Project_Sih\patches\Ahmedabad\Scene_2_2025-04-03\patch_0055.npy,5155,3299,512,100.0
164,Ahmedabad,Scene_2_2025-04-03,56,C:\Users\Aditya main\Desktop\Project_Sih\patches\Ahmedabad\Scene_2_2025-04-03\patch_0056.npy,5155,3811,512,100.0
165,Ahmedabad,Scene_2_2025-04-03,57,C:\Users\Aditya main\Desktop\Project_Sih\patches\Ahmedabad\Scene_2_2025-04-03\patch_0057.npy,5155,4323,512,100.0
166,Ahmedabad,Scene_2_2025-04-03,58,C:\Users\Aditya main\Desktop\Project_Sih\patches\Ahmedabad\Scene_2_2025-04-03\patch_0058.npy,5155,4835,512,99.86572265625
167,Ahmedabad,Scene_2_2025-04-03,59,C:\Users\Aditya main\Desktop\Project_Sih\patches\Ahmedabad\Scene_2_2025-04-03\patch_0059.npy,5155,5347,512,100.0
168,Ahmedabad,Scene_2_2025-04-03,60,C:\Users\Aditya main\Desktop\Project_Sih\patches\Ahmedabad\Scene_2_2025-04-03\patch_0060.npy,5155,5859,512,100.0
169,Ahmedabad,Scene_2_2025-04-03,61,C:\Users\Aditya main\Desktop\Project_Sih\patches\Ahmedabad\Scene_2_2025-04-03\patch_0061.npy,5155,6371,512,100.0
170,Ahmedabad,Scene_2_2025-04-03,62,C:\Users\Aditya main\Desktop\Project_Sih\patches\Ahmedabad\Scene_2_2025-04-03\patch_0062.npy,5155,6883,512,100.0
171,Ahmedabad,Scene_2_2025-04-03,63,C:\Users\Aditya main\Desktop\Project_Sih\patches\Ahmedabad\Scene_2_2025-04-03\patch_0063.npy,5667,2787,512,100.0
172,Ahmedabad,Scene_2_2025-04-03,64,C:\Users\Aditya main\Desktop\Project_Sih\patches\Ahmedabad\Scene_2_2025-04-03\patch_0064.npy,5667,3299,512,100.0
173,Ahmedabad,Scene_2_2025-04-03,65,C:\Users\Aditya main\Desktop\Project_Sih\patches\Ahmedabad\Scene_2_2025-04-03\patch_0065.npy,5667,3811,512,100.0
174,Ahmedabad,Scene_2_2025-04-03,66,C:\Users\Aditya main\Desktop\Project_Sih\patches\Ahmedabad\Scene_2_2025-04-03\patch_0066.npy,5667,4323,512,100.0
175,Ahmedabad,Scene_2_2025-04-03,67,C:\Users\Aditya main\Desktop\Project_Sih\patches\Ahmedabad\Scene_2_2025-04-03\patch_0067.npy,5667,4835,512,100.0
176,Ahmedabad,Scene_2_2025-04-03,68,C:\Users\Aditya main\Desktop\Project_Sih\patches\Ahmedabad\Scene_2_2025-04-03\patch_0068.npy,5667,5347,512,100.0
177,Ahmedabad,Scene_2_2025-04-03,69,C:\Users\Aditya main\Desktop\Project_Sih\patches\Ahmedabad\Scene_2_2025-04-03\patch_0069.npy,5667,5859,512,100.0
178,Ahmedabad,Scene_2_2025-04-03,70,C:\Users\Aditya main\Desktop\Project_Sih\patches\Ahmedabad\Scene_2_2025-04-03\patch_0070.npy,5667,6371,512,100.0
179,Ahmedabad,Scene_2_2025-04-03,71,C:\Users\Aditya main\Desktop\Project_Sih\patches\Ahmedabad\Scene_2_2025-04-03\patch_0071.npy,5667,6883,512,100.0
180,Ahmedabad,Scene_2_2025-04-03,72,C:\Users\Aditya main\Desktop\Project_Sih\patches\Ahmedabad\Scene_2_2025-04-03\patch_0072.npy,6179,2787,512,100.0
181,Ahmedabad,Scene_2_2025-04-03,73,C:\Users\Aditya main\Desktop\Project_Sih\patches\Ahmedabad\Scene_2_2025-04-03\patch_0073.npy,6179,3299,512,100.0
182,Ahmedabad,Scene_2_2025-04-03,74,C:\Users\Aditya main\Desktop\Project_Sih\patches\Ahmedabad\Scene_2_2025-04-03\patch_0074.npy,6179,3811,512,100.0
183,Ahmedabad,Scene_2_2025-04-03,75,C:\Users\Aditya main\Desktop\Project_Sih\patches\Ahmedabad\Scene_2_2025-04-03\patch_0075.npy,6179,4323,512,100.0
184,Ahmedabad,Scene_2_2025-04-03,76,C:\Users\Aditya main\Desktop\Project_Sih\patches\Ahmedabad\Scene_2_2025-04-03\patch_0076.npy,6179,4835,512,100.0
185,Ahmedabad,Scene_2_2025-04-03,77,C:\Users\Aditya main\Desktop\Project_Sih\patches\Ahmedabad\Scene_2_2025-04-03\patch_0077.npy,6179,5347,512,100.0
186,Ahmedabad,Scene_2_2025-04-03,78,C:\Users\Aditya main\Desktop\Project_Sih\patches\Ahmedabad\Scene_2_2025-04-03\patch_0078.npy,6179,5859,512,100.0
187,Ahmedabad,Scene_2_2025-04-03,79,C:\Users\Aditya main\Desktop\Project_Sih\patches\Ahmedabad\Scene_2_2025-04-03\patch_0079.npy,6179,6371,512,100.0
188,Ahmedabad,Scene_2_2025-04-03,80,C:\Users\Aditya main\Desktop\Project_Sih\patches\Ahmedabad\Scene_2_2025-04-03\patch_0080.npy,6179,6883,512,100.0
189,Ahmedabad,Scene_2_2025-04-03,81,C:\Users\Aditya main\Desktop\Project_Sih\patches\Ahmedabad\Scene_2_2025-04-03\patch_0081.npy,6691,2787,512,100.0
190,Ahmedabad,Scene_2_2025-04-03,82,C:\Users\Aditya main\Desktop\Project_Sih\patches\Ahmedabad\Scene_2_2025-04-03\patch_0082.npy,6691,3299,512,100.0
191,Ahmedabad,Scene_2_2025-04-03,83,C:\Users\Aditya main\Desktop\Project_Sih\patches\Ahmedabad\Scene_2_2025-04-03\patch_0083.npy,6691,3811,512,99.98779296875
192,Ahmedabad,Scene_2_2025-04-03,84,C:\Users\Aditya main\Desktop\Project_Sih\patches\Ahmedabad\Scene_2_2025-04-03\patch_0084.npy,6691,4323,512,100.0
193,Ahmedabad,Scene_2_2025-04-03,85,C:\Users\Aditya main\Desktop\Project_Sih\patches\Ahmedabad\Scene_2_2025-04-03\patch_0085.npy,6691,4835,512,100.0
194,Ahmedabad,Scene_2_2025-04-03,86,C:\Users\Aditya main\Desktop\Project_Sih\patches\Ahmedabad\Scene_2_2025-04-03\patch_0086.npy,6691,5347,512,100.0
195,Ahmedabad,Scene_2_2025-04-03,87,C:\Users\Aditya main\Desktop\Project_Sih\patches\Ahmedabad\Scene_2_2025-04-03\patch_0087.npy,6691,5859,512,100.0
196,Ahmedabad,Scene_2_2025-04-03,88,C:\Users\Aditya main\Desktop\Project_Sih\patches\Ahmedabad\Scene_2_2025-04-03\patch_0088.npy,6691,6371,512,100.0
197,Ahmedabad,Scene_2_2025-04-03,89,C:\Users\Aditya main\Desktop\Project_Sih\patches\Ahmedabad\Scene_2_2025-04-03\patch_0089.npy,6691,6883,512,100.0
198,Ahmedabad,Scene_2_2025-04-03,90,C:\Users\Aditya main\Desktop\Project_Sih\patches\Ahmedabad\Scene_2_2025-04-03\patch_0090.npy,7203,2787,512,100.0
199,Ahmedabad,Scene_2_2025-04-03,91,C:\Users\Aditya main\Desktop\Project_Sih\patches\Ahmedabad\Scene_2_2025-04-03\patch_0091.npy,7203,3299,512,100.0
200,Ahmedabad,Scene_2_2025-04-03,92,C:\Users\Aditya main\Desktop\Project_Sih\patches\Ahmedabad\Scene_2_2025-04-03\patch_0092.npy,7203,3811,512,100.0
201,Ahmedabad,Scene_2_2025-04-03,93,C:\Users\Aditya main\Desktop\Project_Sih\patches\Ahmedabad\Scene_2_2025-04-03\patch_0093.npy,7203,4323,512,100.0
202,Ahmedabad,Scene_2_2025-04-03,94,C:\Users\Aditya main\Desktop\Project_Sih\patches\Ahmedabad\Scene_2_2025-04-03\patch_0094.npy,7203,4835,512,100.0
203,Ahmedabad,Scene_2_2025-04-03,95,C:\Users\Aditya main\Desktop\Project_Sih\patches\Ahmedabad\Scene_2_2025-04-03\patch_0095.npy,7203,5347,512,100.0
204,Ahmedabad,Scene_2_2025-04-03,96,C:\Users\Aditya main\Desktop\Project_Sih\patches\Ahmedabad\Scene_2_2025-04-03\patch_0096.npy,7203,5859,512,100.0
205,Ahmedabad,Scene_2_2025-04-03,97,C:\Users\Aditya main\Desktop\Project_Sih\patches\Ahmedabad\Scene_2_2025-04-03\patch_0097.npy,7203,6371,512,100.0
206,Ahmedabad,Scene_2_2025-04-03,98,C:\Users\Aditya main\Desktop\Project_Sih\patches\Ahmedabad\Scene_2_2025-04-03\patch_0098.npy,7203,6883,512,100.0
207,Ahmedabad,Scene_2_2025-04-03,99,C:\Users\Aditya main\Desktop\Project_Sih\patches\Ahmedabad\Scene_2_2025-04-03\patch_0099.npy,7715,2787,512,100.0
208,Ahmedabad,Scene_2_2025-04-03,100,C:\Users\Aditya main\Desktop\Project_Sih\patches\Ahmedabad\Scene_2_2025-04-03\patch_0100.npy,7715,3299,512,100.0
209,Ahmedabad,Scene_2_2025-04-03,101,C:\Users\Aditya main\Desktop\Project_Sih\patches\Ahmedabad\Scene_2_2025-04-03\patch_0101.npy,7715,3811,512,100.0
210,Ahmedabad,Scene_2_2025-04-03,102,C:\Users\Aditya main\Desktop\Project_Sih\patches\Ahmedabad\Scene_2_2025-04-03\patch_0102.npy,7715,4323,512,100.0
211,Ahmedabad,Scene_2_2025-04-03,103,C:\Users\Aditya main\Desktop\Project_Sih\patches\Ahmedabad\Scene_2_2025-04-03\patch_0103.npy,7715,4835,512,100.0
212,Ahmedabad,Scene_2_2025-04-03,104,C:\Users\Aditya main\Desktop\Project_Sih\patches\Ahmedabad\Scene_2_2025-04-03\patch_0104.npy,7715,5347,512,100.0
213,Ahmedabad,Scene_2_2025-04-03,105,C:\Users\Aditya main\Desktop\Project_Sih\patches\Ahmedabad\Scene_2_2025-04-03\patch_0105.npy,7715,5859,512,100.0
214,Ahmedabad,Scene_2_2025-04-03,106,C:\Users\Aditya main\Desktop\Project_Sih\patches\Ahmedabad\Scene_2_2025-04-03\patch_0106.npy,7715,6371,512,100.0
215,Ahmedabad,Scene_2_2025-04-03,107,C:\Users\Aditya main\Desktop\Project_Sih\patches\Ahmedabad\Scene_2_2025-04-03\patch_0107.npy,7715,6883,512,100.0
216,Ahmedabad,Scene_3_2025-05-16,0,C:\Users\Aditya main\Desktop\Project_Sih\patches\Ahmedabad\Scene_3_2025-05-16\patch_0000.npy,2083,2787,512,100.0
217,Ahmedabad,Scene_3_2025-05-16,1,C:\Users\Aditya main\Desktop\Project_Sih\patches\Ahmedabad\Scene_3_2025-05-16\patch_0001.npy,2083,3299,512,100.0
218,Ahmedabad,Scene_3_2025-05-16,2,C:\Users\Aditya main\Desktop\Project_Sih\patches\Ahmedabad\Scene_3_2025-05-16\patch_0002.npy,2083,3811,512,100.0
219,Ahmedabad,Scene_3_2025-05-16,3,C:\Users\Aditya main\Desktop\Project_Sih\patches\Ahmedabad\Scene_3_2025-05-16\patch_0003.npy,2083,4323,512,100.0
220,Ahmedabad,Scene_3_2025-05-16,4,C:\Users\Aditya main\Desktop\Project_Sih\patches\Ahmedabad\Scene_3_2025-05-16\patch_0004.npy,2083,4835,512,100.0
221,Ahmedabad,Scene_3_2025-05-16,5,C:\Users\Aditya main\Desktop\Project_Sih\patches\Ahmedabad\Scene_3_2025-05-16\patch_0005.npy,2083,5347,512,100.0
222,Ahmedabad,Scene_3_2025-05-16,6,C:\Users\Aditya main\Desktop\Project_Sih\patches\Ahmedabad\Scene_3_2025-05-16\patch_0006.npy,2083,5859,512,100.0
223,Ahmedabad,Scene_3_2025-05-16,7,C:\Users\Aditya main\Desktop\Project_Sih\patches\Ahmedabad\Scene_3_2025-05-16\patch_0007.npy,2083,6371,512,100.0
224,Ahmedabad,Scene_3_2025-05-16,8,C:\Users\Aditya main\Desktop\Project_Sih\patches\Ahmedabad\Scene_3_2025-05-16\patch_0008.npy,2083,6883,512,100.0
225,Ahmedabad,Scene_3_2025-05-16,9,C:\Users\Aditya main\Desktop\Project_Sih\patches\Ahmedabad\Scene_3_2025-05-16\patch_0009.npy,2595,2787,512,100.0
226,Ahmedabad,Scene_3_2025-05-16,10,C:\Users\Aditya main\Desktop\Project_Sih\patches\Ahmedabad\Scene_3_2025-05-16\patch_0010.npy,2595,3299,512,100.0
227,Ahmedabad,Scene_3_2025-05-16,11,C:\Users\Aditya main\Desktop\Project_Sih\patches\Ahmedabad\Scene_3_2025-05-16\patch_0011.npy,2595,3811,512,100.0
228,Ahmedabad,Scene_3_2025-05-16,12,C:\Users\Aditya main\Desktop\Project_Sih\patches\Ahmedabad\Scene_3_2025-05-16\patch_0012.npy,2595,4323,512,100.0
229,Ahmedabad,Scene_3_2025-05-16,13,C:\Users\Aditya main\Desktop\Project_Sih\patches\Ahmedabad\Scene_3_2025-05-16\patch_0013.npy,2595,4835,512,100.0
230,Ahmedabad,Scene_3_2025-05-16,14,C:\Users\Aditya main\Desktop\Project_Sih\patches\Ahmedabad\Scene_3_2025-05-16\patch_0014.npy,2595,5347,512,100.0
231,Ahmedabad,Scene_3_2025-05-16,15,C:\Users\Aditya main\Desktop\Project_Sih\patches\Ahmedabad\Scene_3_2025-05-16\patch_0015.npy,2595,5859,512,100.0
232,Ahmedabad,Scene_3_2025-05-16,16,C:\Users\Aditya main\Desktop\Project_Sih\patches\Ahmedabad\Scene_3_2025-05-16\patch_0016.npy,2595,6371,512,100.0
233,Ahmedabad,Scene_3_2025-05-16,17,C:\Users\Aditya main\Desktop\Project_Sih\patches\Ahmedabad\Scene_3_2025-05-16\patch_0017.npy,2595,6883,512,100.0
234,Ahmedabad,Scene_3_2025-05-16,18,C:\Users\Aditya main\Desktop\Project_Sih\patches\Ahmedabad\Scene_3_2025-05-16\patch_0018.npy,3107,2787,512,100.0
235,Ahmedabad,Scene_3_2025-05-16,19,C:\Users\Aditya main\Desktop\Project_Sih\patches\Ahmedabad\Scene_3_2025-05-16\patch_0019.npy,3107,3299,512,100.0
236,Ahmedabad,Scene_3_2025-05-16,20,C:\Users\Aditya main\Desktop\Project_Sih\patches\Ahmedabad\Scene_3_2025-05-16\patch_0020.npy,3107,3811,512,100.0
237,Ahmedabad,Scene_3_2025-05-16,21,C:\Users\Aditya main\Desktop\Project_Sih\patches\Ahmedabad\Scene_3_2025-05-16\patch_0021.npy,3107,4323,512,100.0
238,Ahmedabad,Scene_3_2025-05-16,22,C:\Users\Aditya main\Desktop\Project_Sih\patches\Ahmedabad\Scene_3_2025-05-16\patch_0022.npy,3107,4835,512,100.0
239,Ahmedabad,Scene_3_2025-05-16,23,C:\Users\Aditya main\Desktop\Project_Sih\patches\Ahmedabad\Scene_3_2025-05-16\patch_0023.npy,3107,5347,512,100.0
240,Ahmedabad,Scene_3_2025-05-16,24,C:\Users\Aditya main\Desktop\Project_Sih\patches\Ahmedabad\Scene_3_2025-05-16\patch_0024.npy,3107,5859,512,100.0
241,Ahmedabad,Scene_3_2025-05-16,25,C:\Users\Aditya main\Desktop\Project_Sih\patches\Ahmedabad\Scene_3_2025-05-16\patch_0025.npy,3107,6371,512,100.0
242,Ahmedabad,Scene_3_2025-05-16,26,C:\Users\Aditya main\Desktop\Project_Sih\patches\Ahmedabad\Scene_3_2025-05-16\patch_0026.npy,3107,6883,512,100.0
243,Ahmedabad,Scene_3_2025-05-16,27,C:\Users\Aditya main\Desktop\Project_Sih\patches\Ahmedabad\Scene_3_2025-05-16\patch_0027.npy,3619,2787,512,100.0
244,Ahmedabad,Scene_3_2025-05-16,28,C:\Users\Aditya main\Desktop\Project_Sih\patches\Ahmedabad\Scene_3_2025-05-16\patch_0028.npy,3619,3299,512,100.0
245,Ahmedabad,Scene_3_2025-05-16,29,C:\Users\Aditya main\Desktop\Project_Sih\patches\Ahmedabad\Scene_3_2025-05-16\patch_0029.npy,3619,3811,512,100.0
246,Ahmedabad,Scene_3_2025-05-16,30,C:\Users\Aditya main\Desktop\Project_Sih\patches\Ahmedabad\Scene_3_2025-05-16\patch_0030.npy,3619,4323,512,100.0
247,Ahmedabad,Scene_3_2025-05-16,31,C:\Users\Aditya main\Desktop\Project_Sih\patches\Ahmedabad\Scene_3_2025-05-16\patch_0031.npy,3619,4835,512,100.0
248,Ahmedabad,Scene_3_2025-05-16,32,C:\Users\Aditya main\Desktop\Project_Sih\patches\Ahmedabad\Scene_3_2025-05-16\patch_0032.npy,3619,5347,512,100.0
249,Ahmedabad,Scene_3_2025-05-16,33,C:\Users\Aditya main\Desktop\Project_Sih\patches\Ahmedabad\Scene_3_2025-05-16\patch_0033.npy,3619,5859,512,100.0
250,Ahmedabad,Scene_3_2025-05-16,34,C:\Users\Aditya main\Desktop\Project_Sih\patches\Ahmedabad\Scene_3_2025-05-16\patch_0034.npy,3619,6371,512,100.0
251,Ahmedabad,Scene_3_2025-05-16,35,C:\Users\Aditya main\Desktop\Project_Sih\patches\Ahmedabad\Scene_3_2025-05-16\patch_0035.npy,3619,6883,512,100.0
252,Ahmedabad,Scene_3_2025-05-16,36,C:\Users\Aditya main\Desktop\Project_Sih\patches\Ahmedabad\Scene_3_2025-05-16\patch_0036.npy,4131,2787,512,100.0
253,Ahmedabad,Scene_3_2025-05-16,37,C:\Users\Aditya main\Desktop\Project_Sih\patches\Ahmedabad\Scene_3_2025-05-16\patch_0037.npy,4131,3299,512,100.0
254,Ahmedabad,Scene_3_2025-05-16,38,C:\Users\Aditya main\Desktop\Project_Sih\patches\Ahmedabad\Scene_3_2025-05-16\patch_0038.npy,4131,3811,512,100.0
255,Ahmedabad,Scene_3_2025-05-16,39,C:\Users\Aditya main\Desktop\Project_Sih\patches\Ahmedabad\Scene_3_2025-05-16\patch_0039.npy,4131,4323,512,100.0
256,Ahmedabad,Scene_3_2025-05-16,40,C:\Users\Aditya main\Desktop\Project_Sih\patches\Ahmedabad\Scene_3_2025-05-16\patch_0040.npy,4131,4835,512,100.0
257,Ahmedabad,Scene_3_2025-05-16,41,C:\Users\Aditya main\Desktop\Project_Sih\patches\Ahmedabad\Scene_3_2025-05-16\patch_0041.npy,4131,5347,512,100.0
258,Ahmedabad,Scene_3_2025-05-16,42,C:\Users\Aditya main\Desktop\Project_Sih\patches\Ahmedabad\Scene_3_2025-05-16\patch_0042.npy,4131,5859,512,100.0
259,Ahmedabad,Scene_3_2025-05-16,43,C:\Users\Aditya main\Desktop\Project_Sih\patches\Ahmedabad\Scene_3_2025-05-16\patch_0043.npy,4131,6371,512,100.0
260,Ahmedabad,Scene_3_2025-05-16,44,C:\Users\Aditya main\Desktop\Project_Sih\patches\Ahmedabad\Scene_3_2025-05-16\patch_0044.npy,4131,6883,512,100.0
261,Ahmedabad,Scene_3_2025-05-16,45,C:\Users\Aditya main\Desktop\Project_Sih\patches\Ahmedabad\Scene_3_2025-05-16\patch_0045.npy,4643,2787,512,100.0
262,Ahmedabad,Scene_3_2025-05-16,46,C:\Users\Aditya main\Desktop\Project_Sih\patches\Ahmedabad\Scene_3_2025-05-16\patch_0046.npy,4643,3299,512,100.0
263,Ahmedabad,Scene_3_2025-05-16,47,C:\Users\Aditya main\Desktop\Project_Sih\patches\Ahmedabad\Scene_3_2025-05-16\patch_0047.npy,4643,3811,512,100.0
264,Ahmedabad,Scene_3_2025-05-16,48,C:\Users\Aditya main\Desktop\Project_Sih\patches\Ahmedabad\Scene_3_2025-05-16\patch_0048.npy,4643,4323,512,100.0
265,Ahmedabad,Scene_3_2025-05-16,49,C:\Users\Aditya main\Desktop\Project_Sih\patches\Ahmedabad\Scene_3_2025-05-16\patch_0049.npy,4643,4835,512,100.0
266,Ahmedabad,Scene_3_2025-05-16,50,C:\Users\Aditya main\Desktop\Project_Sih\patches\Ahmedabad\Scene_3_2025-05-16\patch_0050.npy,4643,5347,512,100.0
267,Ahmedabad,Scene_3_2025-05-16,51,C:\Users\Aditya main\Desktop\Project_Sih\patches\Ahmedabad\Scene_3_2025-05-16\patch_0051.npy,4643,5859,512,100.0
268,Ahmedabad,Scene_3_2025-05-16,52,C:\Users\Aditya main\Desktop\Project_Sih\patches\Ahmedabad\Scene_3_2025-05-16\patch_0052.npy,4643,6371,512,100.0
269,Ahmedabad,Scene_3_2025-05-16,53,C:\Users\Aditya main\Desktop\Project_Sih\patches\Ahmedabad\Scene_3_2025-05-16\patch_0053.npy,4643,6883,512,100.0
270,Ahmedabad,Scene_3_2025-05-16,54,C:\Users\Aditya main\Desktop\Project_Sih\patches\Ahmedabad\Scene_3_2025-05-16\patch_0054.npy,5155,2787,512,100.0
271,Ahmedabad,Scene_3_2025-05-16,55,C:\Users\Aditya main\Desktop\Project_Sih\patches\Ahmedabad\Scene_3_2025-05-16\patch_0055.npy,5155,3299,512,100.0
272,Ahmedabad,Scene_3_2025-05-16,56,C:\Users\Aditya main\Desktop\Project_Sih\patches\Ahmedabad\Scene_3_2025-05-16\patch_0056.npy,5155,3811,512,100.0
273,Ahmedabad,Scene_3_2025-05-16,57,C:\Users\Aditya main\Desktop\Project_Sih\patches\Ahmedabad\Scene_3_2025-05-16\patch_0057.npy,5155,4323,512,100.0
274,Ahmedabad,Scene_3_2025-05-16,58,C:\Users\Aditya main\Desktop\Project_Sih\patches\Ahmedabad\Scene_3_2025-05-16\patch_0058.npy,5155,4835,512,100.0
275,Ahmedabad,Scene_3_2025-05-16,59,C:\Users\Aditya main\Desktop\Project_Sih\patches\Ahmedabad\Scene_3_2025-05-16\patch_0059.npy,5155,5347,512,100.0
276,Ahmedabad,Scene_3_2025-05-16,60,C:\Users\Aditya main\Desktop\Project_Sih\patches\Ahmedabad\Scene_3_2025-05-16\patch_0060.npy,5155,5859,512,100.0
277,Ahmedabad,Scene_3_2025-05-16,61,C:\Users\Aditya main\Desktop\Project_Sih\patches\Ahmedabad\Scene_3_2025-05-16\patch_0061.npy,5155,6371,512,100.0
278,Ahmedabad,Scene_3_2025-05-16,62,C:\Users\Aditya main\Desktop\Project_Sih\patches\Ahmedabad\Scene_3_2025-05-16\patch_0062.npy,5155,6883,512,100.0
279,Ahmedabad,Scene_3_2025-05-16,63,C:\Users\Aditya main\Desktop\Project_Sih\patches\Ahmedabad\Scene_3_2025-05-16\patch_0063.npy,5667,2787,512,100.0
280,Ahmedabad,Scene_3_2025-05-16,64,C:\Users\Aditya main\Desktop\Project_Sih\patches\Ahmedabad\Scene_3_2025-05-16\patch_0064.npy,5667,3299,512,99.06463623046876
281,Ahmedabad,Scene_3_2025-05-16,65,C:\Users\Aditya main\Desktop\Project_Sih\patches\Ahmedabad\Scene_3_2025-05-16\patch_0065.npy,5667,3811,512,100.0
282,Ahmedabad,Scene_3_2025-05-16,66,C:\Users\Aditya main\Desktop\Project_Sih\patches\Ahmedabad\Scene_3_2025-05-16\patch_0066.npy,5667,4323,512,100.0
283,Ahmedabad,Scene_3_2025-05-16,67,C:\Users\Aditya main\Desktop\Project_Sih\patches\Ahmedabad\Scene_3_2025-05-16\patch_0067.npy,5667,4835,512,100.0
284,Ahmedabad,Scene_3_2025-05-16,68,C:\Users\Aditya main\Desktop\Project_Sih\patches\Ahmedabad\Scene_3_2025-05-16\patch_0068.npy,5667,5347,512,98.34060668945312
285,Ahmedabad,Scene_3_2025-05-16,69,C:\Users\Aditya main\Desktop\Project_Sih\patches\Ahmedabad\Scene_3_2025-05-16\patch_0069.npy,5667,5859,512,99.24545288085938
286,Ahmedabad,Scene_3_2025-05-16,70,C:\Users\Aditya main\Desktop\Project_Sih\patches\Ahmedabad\Scene_3_2025-05-16\patch_0070.npy,5667,6371,512,99.761962890625
287,Ahmedabad,Scene_3_2025-05-16,71,C:\Users\Aditya main\Desktop\Project_Sih\patches\Ahmedabad\Scene_3_2025-05-16\patch_0071.npy,5667,6883,512,98.86703491210938
288,Ahmedabad,Scene_3_2025-05-16,72,C:\Users\Aditya main\Desktop\Project_Sih\patches\Ahmedabad\Scene_3_2025-05-16\patch_0072.npy,6179,2787,512,100.0
289,Ahmedabad,Scene_3_2025-05-16,73,C:\Users\Aditya main\Desktop\Project_Sih\patches\Ahmedabad\Scene_3_2025-05-16\patch_0073.npy,6179,3299,512,99.43466186523438
290,Ahmedabad,Scene_3_2025-05-16,74,C:\Users\Aditya main\Desktop\Project_Sih\patches\Ahmedabad\Scene_3_2025-05-16\patch_0074.npy,6179,3811,512,100.0
291,Ahmedabad,Scene_3_2025-05-16,75,C:\Users\Aditya main\Desktop\Project_Sih\patches\Ahmedabad\Scene_3_2025-05-16\patch_0075.npy,6179,4323,512,100.0
292,Ahmedabad,Scene_3_2025-05-16,76,C:\Users\Aditya main\Desktop\Project_Sih\patches\Ahmedabad\Scene_3_2025-05-16\patch_0076.npy,6179,4835,512,100.0
293,Ahmedabad,Scene_3_2025-05-16,77,C:\Users\Aditya main\Desktop\Project_Sih\patches\Ahmedabad\Scene_3_2025-05-16\patch_0077.npy,6179,5347,512,100.0
294,Ahmedabad,Scene_3_2025-05-16,78,C:\Users\Aditya main\Desktop\Project_Sih\patches\Ahmedabad\Scene_3_2025-05-16\patch_0078.npy,6179,5859,512,100.0
295,Ahmedabad,Scene_3_2025-05-16,79,C:\Users\Aditya main\Desktop\Project_Sih\patches\Ahmedabad\Scene_3_2025-05-16\patch_0079.npy,6179,6371,512,99.35150146484376
296,Ahmedabad,Scene_3_2025-05-16,80,C:\Users\Aditya main\Desktop\Project_Sih\patches\Ahmedabad\Scene_3_2025-05-16\patch_0080.npy,6179,6883,512,92.67501831054688
297,Ahmedabad,Scene_3_2025-05-16,81,C:\Users\Aditya main\Desktop\Project_Sih\patches\Ahmedabad\Scene_3_2025-05-16\patch_0081.npy,6691,2787,512,99.78179931640624
298,Ahmedabad,Scene_3_2025-05-16,82,C:\Users\Aditya main\Desktop\Project_Sih\patches\Ahmedabad\Scene_3_2025-05-16\patch_0082.npy,6691,3299,512,91.63742065429688
299,Ahmedabad,Scene_3_2025-05-16,83,C:\Users\Aditya main\Desktop\Project_Sih\patches\Ahmedabad\Scene_3_2025-05-16\patch_0083.npy,6691,3811,512,99.78256225585938
300,Ahmedabad,Scene_3_2025-05-16,84,C:\Users\Aditya main\Desktop\Project_Sih\patches\Ahmedabad\Scene_3_2025-05-16\patch_0084.npy,6691,4323,512,100.0
301,Ahmedabad,Scene_3_2025-05-16,85,C:\Users\Aditya main\Desktop\Project_Sih\patches\Ahmedabad\Scene_3_2025-05-16\patch_0085.npy,6691,4835,512,99.969482421875
302,Ahmedabad,Scene_3_2025-05-16,86,C:\Users\Aditya main\Desktop\Project_Sih\patches\Ahmedabad\Scene_3_2025-05-16\patch_0086.npy,6691,5347,512,100.0
303,Ahmedabad,Scene_3_2025-05-16,87,C:\Users\Aditya main\Desktop\Project_Sih\patches\Ahmedabad\Scene_3_2025-05-16\patch_0087.npy,6691,5859,512,100.0
304,Ahmedabad,Scene_3_2025-05-16,88,C:\Users\Aditya main\Desktop\Project_Sih\patches\Ahmedabad\Scene_3_2025-05-16\patch_0088.npy,6691,6371,512,98.74420166015624
305,Ahmedabad,Scene_3_2025-05-16,89,C:\Users\Aditya main\Desktop\Project_Sih\patches\Ahmedabad\Scene_3_2025-05-16\patch_0089.npy,6691,6883,512,99.13177490234376
306,Ahmedabad,Scene_3_2025-05-16,90,C:\Users\Aditya main\Desktop\Project_Sih\patches\Ahmedabad\Scene_3_2025-05-16\patch_0090.npy,7203,2787,512,100.0
307,Ahmedabad,Scene_3_2025-05-16,91,C:\Users\Aditya main\Desktop\Project_Sih\patches\Ahmedabad\Scene_3_2025-05-16\patch_0091.npy,7203,3811,512,99.67193603515624
308,Ahmedabad,Scene_3_2025-05-16,92,C:\Users\Aditya main\Desktop\Project_Sih\patches\Ahmedabad\Scene_3_2025-05-16\patch_0092.npy,7203,4323,512,100.0
309,Ahmedabad,Scene_3_2025-05-16,93,C:\Users\Aditya main\Desktop\Project_Sih\patches\Ahmedabad\Scene_3_2025-05-16\patch_0093.npy,7203,4835,512,100.0
310,Ahmedabad,Scene_3_2025-05-16,94,C:\Users\Aditya main\Desktop\Project_Sih\patches\Ahmedabad\Scene_3_2025-05-16\patch_0094.npy,7203,5347,512,98.93951416015624
311,Ahmedabad,Scene_3_2025-05-16,95,C:\Users\Aditya main\Desktop\Project_Sih\patches\Ahmedabad\Scene_3_2025-05-16\patch_0095.npy,7203,5859,512,98.53973388671876
312,Ahmedabad,Scene_3_2025-05-16,96,C:\Users\Aditya main\Desktop\Project_Sih\patches\Ahmedabad\Scene_3_2025-05-16\patch_0096.npy,7203,6371,512,98.23455810546876
313,Ahmedabad,Scene_3_2025-05-16,97,C:\Users\Aditya main\Desktop\Project_Sih\patches\Ahmedabad\Scene_3_2025-05-16\patch_0097.npy,7203,6883,512,99.9664306640625
314,Ahmedabad,Scene_3_2025-05-16,98,C:\Users\Aditya main\Desktop\Project_Sih\patches\Ahmedabad\Scene_3_2025-05-16\patch_0098.npy,7715,2787,512,100.0
315,Ahmedabad,Scene_3_2025-05-16,99,C:\Users\Aditya main\Desktop\Project_Sih\patches\Ahmedabad\Scene_3_2025-05-16\patch_0099.npy,7715,3299,512,99.25994873046876
316,Ahmedabad,Scene_3_2025-05-16,100,C:\Users\Aditya main\Desktop\Project_Sih\patches\Ahmedabad\Scene_3_2025-05-16\patch_0100.npy,7715,3811,512,100.0
317,Ahmedabad,Scene_3_2025-05-16,101,C:\Users\Aditya main\Desktop\Project_Sih\patches\Ahmedabad\Scene_3_2025-05-16\patch_0101.npy,7715,4323,512,100.0
318,Ahmedabad,Scene_3_2025-05-16,102,C:\Users\Aditya main\Desktop\Project_Sih\patches\Ahmedabad\Scene_3_2025-05-16\patch_0102.npy,7715,4835,512,99.5025634765625
319,Ahmedabad,Scene_3_2025-05-16,103,C:\Users\Aditya main\Desktop\Project_Sih\patches\Ahmedabad\Scene_3_2025-05-16\patch_0103.npy,7715,5347,512,99.43084716796876
320,Ahmedabad,Scene_3_2025-05-16,104,C:\Users\Aditya main\Desktop\Project_Sih\patches\Ahmedabad\Scene_3_2025-05-16\patch_0104.npy,7715,5859,512,99.981689453125
321,Ahmedabad,Scene_3_2025-05-16,105,C:\Users\Aditya main\Desktop\Project_Sih\patches\Ahmedabad\Scene_3_2025-05-16\patch_0105.npy,7715,6371,512,100.0
322,Ahmedabad,Scene_3_2025-05-16,106,C:\Users\Aditya main\Desktop\Project_Sih\patches\Ahmedabad\Scene_3_2025-05-16\patch_0106.npy,7715,6883,512,99.78485107421876
323,Ahmedabad,Scene_4_2025-03-22,0,C:\Users\Aditya main\Desktop\Project_Sih\patches\Ahmedabad\Scene_4_2025-03-22\patch_0000.npy,1820,4270,512,100.0
324,Ahmedabad,Scene_4_2025-03-22,1,C:\Users\Aditya main\Desktop\Project_Sih\patches\Ahmedabad\Scene_4_2025-03-22\patch_0001.npy,1820,4782,512,100.0
325,Ahmedabad,Scene_4_2025-03-22,2,C:\Users\Aditya main\Desktop\Project_Sih\patches\Ahmedabad\Scene_4_2025-03-22\patch_0002.npy,1820,5294,512,100.0
326,Ahmedabad,Scene_4_2025-03-22,3,C:\Users\Aditya main\Desktop\Project_Sih\patches\Ahmedabad\Scene_4_2025-03-22\patch_0003.npy,1820,5806,512,100.0
327,Ahmedabad,Scene_4_2025-03-22,4,C:\Users\Aditya main\Desktop\Project_Sih\patches\Ahmedabad\Scene_4_2025-03-22\patch_0004.npy,1820,6318,512,100.0
328,Ahmedabad,Scene_4_2025-03-22,5,C:\Users\Aditya main\Desktop\Project_Sih\patches\Ahmedabad\Scene_4_2025-03-22\patch_0005.npy,1820,6830,512,100.0
329,Ahmedabad,Scene_4_2025-03-22,6,C:\Users\Aditya main\Desktop\Project_Sih\patches\Ahmedabad\Scene_4_2025-03-22\patch_0006.npy,1820,7342,512,100.0
330,Ahmedabad,Scene_4_2025-03-22,7,C:\Users\Aditya main\Desktop\Project_Sih\patches\Ahmedabad\Scene_4_2025-03-22\patch_0007.npy,1820,7854,512,100.0
331,Ahmedabad,Scene_4_2025-03-22,8,C:\Users\Aditya main\Desktop\Project_Sih\patches\Ahmedabad\Scene_4_2025-03-22\patch_0008.npy,1820,8366,512,100.0
332,Ahmedabad,Scene_4_2025-03-22,9,C:\Users\Aditya main\Desktop\Project_Sih\patches\Ahmedabad\Scene_4_2025-03-22\patch_0009.npy,2332,4270,512,100.0
333,Ahmedabad,Scene_4_2025-03-22,10,C:\Users\Aditya main\Desktop\Project_Sih\patches\Ahmedabad\Scene_4_2025-03-22\patch_0010.npy,2332,4782,512,100.0
334,Ahmedabad,Scene_4_2025-03-22,11,C:\Users\Aditya main\Desktop\Project_Sih\patches\Ahmedabad\Scene_4_2025-03-22\patch_0011.npy,2332,5294,512,100.0
335,Ahmedabad,Scene_4_2025-03-22,12,C:\Users\Aditya main\Desktop\Project_Sih\patches\Ahmedabad\Scene_4_2025-03-22\patch_0012.npy,2332,5806,512,100.0
336,Ahmedabad,Scene_4_2025-03-22,13,C:\Users\Aditya main\Desktop\Project_Sih\patches\Ahmedabad\Scene_4_2025-03-22\patch_0013.npy,2332,6318,512,100.0
337,Ahmedabad,Scene_4_2025-03-22,14,C:\Users\Aditya main\Desktop\Project_Sih\patches\Ahmedabad\Scene_4_2025-03-22\patch_0014.npy,2332,6830,512,100.0
338,Ahmedabad,Scene_4_2025-03-22,15,C:\Users\Aditya main\Desktop\Project_Sih\patches\Ahmedabad\Scene_4_2025-03-22\patch_0015.npy,2332,7342,512,100.0
339,Ahmedabad,Scene_4_2025-03-22,16,C:\Users\Aditya main\Desktop\Project_Sih\patches\Ahmedabad\Scene_4_2025-03-22\patch_0016.npy,2332,7854,512,100.0
340,Ahmedabad,Scene_4_2025-03-22,17,C:\Users\Aditya main\Desktop\Project_Sih\patches\Ahmedabad\Scene_4_2025-03-22\patch_0017.npy,2332,8366,512,100.0
341,Ahmedabad,Scene_4_2025-03-22,18,C:\Users\Aditya main\Desktop\Project_Sih\patches\Ahmedabad\Scene_4_2025-03-22\patch_0018.npy,2844,4270,512,100.0
342,Ahmedabad,Scene_4_2025-03-22,19,C:\Users\Aditya main\Desktop\Project_Sih\patches\Ahmedabad\Scene_4_2025-03-22\patch_0019.npy,2844,4782,512,100.0
343,Ahmedabad,Scene_4_2025-03-22,20,C:\Users\Aditya main\Desktop\Project_Sih\patches\Ahmedabad\Scene_4_2025-03-22\patch_0020.npy,2844,5294,512,100.0
344,Ahmedabad,Scene_4_2025-03-22,21,C:\Users\Aditya main\Desktop\Project_Sih\patches\Ahmedabad\Scene_4_2025-03-22\patch_0021.npy,2844,5806,512,100.0
345,Ahmedabad,Scene_4_2025-03-22,22,C:\Users\Aditya main\Desktop\Project_Sih\patches\Ahmedabad\Scene_4_2025-03-22\patch_0022.npy,2844,6318,512,100.0
346,Ahmedabad,Scene_4_2025-03-22,23,C:\Users\Aditya main\Desktop\Project_Sih\patches\Ahmedabad\Scene_4_2025-03-22\patch_0023.npy,2844,6830,512,100.0
347,Ahmedabad,Scene_4_2025-03-22,24,C:\Users\Aditya main\Desktop\Project_Sih\patches\Ahmedabad\Scene_4_2025-03-22\patch_0024.npy,2844,7342,512,99.9969482421875
348,Ahmedabad,Scene_4_2025-03-22,25,C:\Users\Aditya main\Desktop\Project_Sih\patches\Ahmedabad\Scene_4_2025-03-22\patch_0025.npy,2844,7854,512,100.0
349,Ahmedabad,Scene_4_2025-03-22,26,C:\Users\Aditya main\Desktop\Project_Sih\patches\Ahmedabad\Scene_4_2025-03-22\patch_0026.npy,2844,8366,512,100.0
350,Ahmedabad,Scene_4_2025-03-22,27,C:\Users\Aditya main\Desktop\Project_Sih\patches\Ahmedabad\Scene_4_2025-03-22\patch_0027.npy,3356,4270,512,100.0
351,Ahmedabad,Scene_4_2025-03-22,28,C:\Users\Aditya main\Desktop\Project_Sih\patches\Ahmedabad\Scene_4_2025-03-22\patch_0028.npy,3356,4782,512,100.0
352,Ahmedabad,Scene_4_2025-03-22,29,C:\Users\Aditya main\Desktop\Project_Sih\patches\Ahmedabad\Scene_4_2025-03-22\patch_0029.npy,3356,5294,512,100.0
353,Ahmedabad,Scene_4_2025-03-22,30,C:\Users\Aditya main\Desktop\Project_Sih\patches\Ahmedabad\Scene_4_2025-03-22\patch_0030.npy,3356,5806,512,100.0
354,Ahmedabad,Scene_4_2025-03-22,31,C:\Users\Aditya main\Desktop\Project_Sih\patches\Ahmedabad\Scene_4_2025-03-22\patch_0031.npy,3356,6318,512,100.0
355,Ahmedabad,Scene_4_2025-03-22,32,C:\Users\Aditya main\Desktop\Project_Sih\patches\Ahmedabad\Scene_4_2025-03-22\patch_0032.npy,3356,6830,512,100.0
356,Ahmedabad,Scene_4_2025-03-22,33,C:\Users\Aditya main\Desktop\Project_Sih\patches\Ahmedabad\Scene_4_2025-03-22\patch_0033.npy,3356,7342,512,100.0
357,Ahmedabad,Scene_4_2025-03-22,34,C:\Users\Aditya main\Desktop\Project_Sih\patches\Ahmedabad\Scene_4_2025-03-22\patch_0034.npy,3356,7854,512,100.0
358,Ahmedabad,Scene_4_2025-03-22,35,C:\Users\Aditya main\Desktop\Project_Sih\patches\Ahmedabad\Scene_4_2025-03-22\patch_0035.npy,3356,8366,512,100.0
359,Ahmedabad,Scene_4_2025-03-22,36,C:\Users\Aditya main\Desktop\Project_Sih\patches\Ahmedabad\Scene_4_2025-03-22\patch_0036.npy,3868,4270,512,100.0
360,Ahmedabad,Scene_4_2025-03-22,37,C:\Users\Aditya main\Desktop\Project_Sih\patches\Ahmedabad\Scene_4_2025-03-22\patch_0037.npy,3868,4782,512,100.0
361,Ahmedabad,Scene_4_2025-03-22,38,C:\Users\Aditya main\Desktop\Project_Sih\patches\Ahmedabad\Scene_4_2025-03-22\patch_0038.npy,3868,5294,512,100.0
362,Ahmedabad,Scene_4_2025-03-22,39,C:\Users\Aditya main\Desktop\Project_Sih\patches\Ahmedabad\Scene_4_2025-03-22\patch_0039.npy,3868,5806,512,100.0
363,Ahmedabad,Scene_4_2025-03-22,40,C:\Users\Aditya main\Desktop\Project_Sih\patches\Ahmedabad\Scene_4_2025-03-22\patch_0040.npy,3868,6318,512,100.0
364,Ahmedabad,Scene_4_2025-03-22,41,C:\Users\Aditya main\Desktop\Project_Sih\patches\Ahmedabad\Scene_4_2025-03-22\patch_0041.npy,3868,6830,512,100.0
365,Ahmedabad,Scene_4_2025-03-22,42,C:\Users\Aditya main\Desktop\Project_Sih\patches\Ahmedabad\Scene_4_2025-03-22\patch_0042.npy,3868,7342,512,100.0
366,Ahmedabad,Scene_4_2025-03-22,43,C:\Users\Aditya main\Desktop\Project_Sih\patches\Ahmedabad\Scene_4_2025-03-22\patch_0043.npy,3868,7854,512,100.0
367,Ahmedabad,Scene_4_2025-03-22,44,C:\Users\Aditya main\Desktop\Project_Sih\patches\Ahmedabad\Scene_4_2025-03-22\patch_0044.npy,3868,8366,512,100.0
368,Ahmedabad,Scene_4_2025-03-22,45,C:\Users\Aditya main\Desktop\Project_Sih\patches\Ahmedabad\Scene_4_2025-03-22\patch_0045.npy,4380,4270,512,100.0
369,Ahmedabad,Scene_4_2025-03-22,46,C:\Users\Aditya main\Desktop\Project_Sih\patches\Ahmedabad\Scene_4_2025-03-22\patch_0046.npy,4380,4782,512,99.871826171875
370,Ahmedabad,Scene_4_2025-03-22,47,C:\Users\Aditya main\Desktop\Project_Sih\patches\Ahmedabad\Scene_4_2025-03-22\patch_0047.npy,4380,5294,512,100.0
371,Ahmedabad,Scene_4_2025-03-22,48,C:\Users\Aditya main\Desktop\Project_Sih\patches\Ahmedabad\Scene_4_2025-03-22\patch_0048.npy,4380,5806,512,100.0
372,Ahmedabad,Scene_4_2025-03-22,49,C:\Users\Aditya main\Desktop\Project_Sih\patches\Ahmedabad\Scene_4_2025-03-22\patch_0049.npy,4380,6318,512,100.0
373,Ahmedabad,Scene_4_2025-03-22,50,C:\Users\Aditya main\Desktop\Project_Sih\patches\Ahmedabad\Scene_4_2025-03-22\patch_0050.npy,4380,6830,512,99.9908447265625
374,Ahmedabad,Scene_4_2025-03-22,51,C:\Users\Aditya main\Desktop\Project_Sih\patches\Ahmedabad\Scene_4_2025-03-22\patch_0051.npy,4380,7342,512,100.0
375,Ahmedabad,Scene_4_2025-03-22,52,C:\Users\Aditya main\Desktop\Project_Sih\patches\Ahmedabad\Scene_4_2025-03-22\patch_0052.npy,4380,7854,512,100.0
376,Ahmedabad,Scene_4_2025-03-22,53,C:\Users\Aditya main\Desktop\Project_Sih\patches\Ahmedabad\Scene_4_2025-03-22\patch_0053.npy,4380,8366,512,100.0
377,Ahmedabad,Scene_4_2025-03-22,54,C:\Users\Aditya main\Desktop\Project_Sih\patches\Ahmedabad\Scene_4_2025-03-22\patch_0054.npy,4892,4270,512,100.0
378,Ahmedabad,Scene_4_2025-03-22,55,C:\Users\Aditya main\Desktop\Project_Sih\patches\Ahmedabad\Scene_4_2025-03-22\patch_0055.npy,4892,4782,512,100.0
379,Ahmedabad,Scene_4_2025-03-22,56,C:\Users\Aditya main\Desktop\Project_Sih\patches\Ahmedabad\Scene_4_2025-03-22\patch_0056.npy,4892,5294,512,100.0
380,Ahmedabad,Scene_4_2025-03-22,57,C:\Users\Aditya main\Desktop\Project_Sih\patches\Ahmedabad\Scene_4_2025-03-22\patch_0057.npy,4892,5806,512,100.0
381,Ahmedabad,Scene_4_2025-03-22,58,C:\Users\Aditya main\Desktop\Project_Sih\patches\Ahmedabad\Scene_4_2025-03-22\patch_0058.npy,4892,6318,512,99.99847412109376
382,Ahmedabad,Scene_4_2025-03-22,59,C:\Users\Aditya main\Desktop\Project_Sih\patches\Ahmedabad\Scene_4_2025-03-22\patch_0059.npy,4892,6830,512,100.0
383,Ahmedabad,Scene_4_2025-03-22,60,C:\Users\Aditya main\Desktop\Project_Sih\patches\Ahmedabad\Scene_4_2025-03-22\patch_0060.npy,4892,7342,512,100.0
384,Ahmedabad,Scene_4_2025-03-22,61,C:\Users\Aditya main\Desktop\Project_Sih\patches\Ahmedabad\Scene_4_2025-03-22\patch_0061.npy,4892,7854,512,100.0
385,Ahmedabad,Scene_4_2025-03-22,62,C:\Users\Aditya main\Desktop\Project_Sih\patches\Ahmedabad\Scene_4_2025-03-22\patch_0062.npy,4892,8366,512,100.0
386,Ahmedabad,Scene_4_2025-03-22,63,C:\Users\Aditya main\Desktop\Project_Sih\patches\Ahmedabad\Scene_4_2025-03-22\patch_0063.npy,5404,4270,512,100.0
387,Ahmedabad,Scene_4_2025-03-22,64,C:\Users\Aditya main\Desktop\Project_Sih\patches\Ahmedabad\Scene_4_2025-03-22\patch_0064.npy,5404,4782,512,100.0
388,Ahmedabad,Scene_4_2025-03-22,65,C:\Users\Aditya main\Desktop\Project_Sih\patches\Ahmedabad\Scene_4_2025-03-22\patch_0065.npy,5404,5294,512,100.0
389,Ahmedabad,Scene_4_2025-03-22,66,C:\Users\Aditya main\Desktop\Project_Sih\patches\Ahmedabad\Scene_4_2025-03-22\patch_0066.npy,5404,5806,512,100.0
390,Ahmedabad,Scene_4_2025-03-22,67,C:\Users\Aditya main\Desktop\Project_Sih\patches\Ahmedabad\Scene_4_2025-03-22\patch_0067.npy,5404,6318,512,100.0
391,Ahmedabad,Scene_4_2025-03-22,68,C:\Users\Aditya main\Desktop\Project_Sih\patches\Ahmedabad\Scene_4_2025-03-22\patch_0068.npy,5404,6830,512,100.0
392,Ahmedabad,Scene_4_2025-03-22,69,C:\Users\Aditya main\Desktop\Project_Sih\patches\Ahmedabad\Scene_4_2025-03-22\patch_0069.npy,5404,7342,512,100.0
393,Ahmedabad,Scene_4_2025-03-22,70,C:\Users\Aditya main\Desktop\Project_Sih\patches\Ahmedabad\Scene_4_2025-03-22\patch_0070.npy,5404,7854,512,100.0
394,Ahmedabad,Scene_4_2025-03-22,71,C:\Users\Aditya main\Desktop\Project_Sih\patches\Ahmedabad\Scene_4_2025-03-22\patch_0071.npy,5404,8366,512,100.0
395,Ahmedabad,Scene_4_2025-03-22,72,C:\Users\Aditya main\Desktop\Project_Sih\patches\Ahmedabad\Scene_4_2025-03-22\patch_0072.npy,5916,4270,512,100.0
396,Ahmedabad,Scene_4_2025-03-22,73,C:\Users\Aditya main\Desktop\Project_Sih\patches\Ahmedabad\Scene_4_2025-03-22\patch_0073.npy,5916,4782,512,100.0
397,Ahmedabad,Scene_4_2025-03-22,74,C:\Users\Aditya main\Desktop\Project_Sih\patches\Ahmedabad\Scene_4_2025-03-22\patch_0074.npy,5916,5294,512,100.0
398,Ahmedabad,Scene_4_2025-03-22,75,C:\Users\Aditya main\Desktop\Project_Sih\patches\Ahmedabad\Scene_4_2025-03-22\patch_0075.npy,5916,5806,512,100.0
399,Ahmedabad,Scene_4_2025-03-22,76,C:\Users\Aditya main\Desktop\Project_Sih\patches\Ahmedabad\Scene_4_2025-03-22\patch_0076.npy,5916,6318,512,100.0
400,Ahmedabad,Scene_4_2025-03-22,77,C:\Users\Aditya main\Desktop\Project_Sih\patches\Ahmedabad\Scene_4_2025-03-22\patch_0077.npy,5916,6830,512,100.0
401,Ahmedabad,Scene_4_2025-03-22,78,C:\Users\Aditya main\Desktop\Project_Sih\patches\Ahmedabad\Scene_4_2025-03-22\patch_0078.npy,5916,7342,512,100.0
402,Ahmedabad,Scene_4_2025-03-22,79,C:\Users\Aditya main\Desktop\Project_Sih\patches\Ahmedabad\Scene_4_2025-03-22\patch_0079.npy,5916,7854,512,100.0
403,Ahmedabad,Scene_4_2025-03-22,80,C:\Users\Aditya main\Desktop\Project_Sih\patches\Ahmedabad\Scene_4_2025-03-22\patch_0080.npy,5916,8366,512,100.0
404,Ahmedabad,Scene_4_2025-03-22,81,C:\Users\Aditya main\Desktop\Project_Sih\patches\Ahmedabad\Scene_4_2025-03-22\patch_0081.npy,6428,4270,512,100.0
405,Ahmedabad,Scene_4_2025-03-22,82,C:\Users\Aditya main\Desktop\Project_Sih\patches\Ahmedabad\Scene_4_2025-03-22\patch_0082.npy,6428,4782,512,100.0
406,Ahmedabad,Scene_4_2025-03-22,83,C:\Users\Aditya main\Desktop\Project_Sih\patches\Ahmedabad\Scene_4_2025-03-22\patch_0083.npy,6428,5294,512,100.0
407,Ahmedabad,Scene_4_2025-03-22,84,C:\Users\Aditya main\Desktop\Project_Sih\patches\Ahmedabad\Scene_4_2025-03-22\patch_0084.npy,6428,5806,512,100.0
408,Ahmedabad,Scene_4_2025-03-22,85,C:\Users\Aditya main\Desktop\Project_Sih\patches\Ahmedabad\Scene_4_2025-03-22\patch_0085.npy,6428,6318,512,100.0
409,Ahmedabad,Scene_4_2025-03-22,86,C:\Users\Aditya main\Desktop\Project_Sih\patches\Ahmedabad\Scene_4_2025-03-22\patch_0086.npy,6428,6830,512,100.0
410,Ahmedabad,Scene_4_2025-03-22,87,C:\Users\Aditya main\Desktop\Project_Sih\patches\Ahmedabad\Scene_4_2025-03-22\patch_0087.npy,6428,7342,512,100.0
411,Ahmedabad,Scene_4_2025-03-22,88,C:\Users\Aditya main\Desktop\Project_Sih\patches\Ahmedabad\Scene_4_2025-03-22\patch_0088.npy,6428,7854,512,100.0
412,Ahmedabad,Scene_4_2025-03-22,89,C:\Users\Aditya main\Desktop\Project_Sih\patches\Ahmedabad\Scene_4_2025-03-22\patch_0089.npy,6428,8366,512,100.0
413,Ahmedabad,Scene_4_2025-03-22,90,C:\Users\Aditya main\Desktop\Project_Sih\patches\Ahmedabad\Scene_4_2025-03-22\patch_0090.npy,6940,4270,512,100.0
414,Ahmedabad,Scene_4_2025-03-22,91,C:\Users\Aditya main\Desktop\Project_Sih\patches\Ahmedabad\Scene_4_2025-03-22\patch_0091.npy,6940,4782,512,100.0
415,Ahmedabad,Scene_4_2025-03-22,92,C:\Users\Aditya main\Desktop\Project_Sih\patches\Ahmedabad\Scene_4_2025-03-22\patch_0092.npy,6940,5294,512,100.0
416,Ahmedabad,Scene_4_2025-03-22,93,C:\Users\Aditya main\Desktop\Project_Sih\patches\Ahmedabad\Scene_4_2025-03-22\patch_0093.npy,6940,5806,512,100.0
417,Ahmedabad,Scene_4_2025-03-22,94,C:\Users\Aditya main\Desktop\Project_Sih\patches\Ahmedabad\Scene_4_2025-03-22\patch_0094.npy,6940,6318,512,100.0
418,Ahmedabad,Scene_4_2025-03-22,95,C:\Users\Aditya main\Desktop\Project_Sih\patches\Ahmedabad\Scene_4_2025-03-22\patch_0095.npy,6940,6830,512,100.0
419,Ahmedabad,Scene_4_2025-03-22,96,C:\Users\Aditya main\Desktop\Project_Sih\patches\Ahmedabad\Scene_4_2025-03-22\patch_0096.npy,6940,7342,512,100.0
420,Ahmedabad,Scene_4_2025-03-22,97,C:\Users\Aditya main\Desktop\Project_Sih\patches\Ahmedabad\Scene_4_2025-03-22\patch_0097.npy,6940,7854,512,100.0
421,Ahmedabad,Scene_4_2025-03-22,98,C:\Users\Aditya main\Desktop\Project_Sih\patches\Ahmedabad\Scene_4_2025-03-22\patch_0098.npy,6940,8366,512,100.0
422,Ahmedabad,Scene_4_2025-03-22,99,C:\Users\Aditya main\Desktop\Project_Sih\patches\Ahmedabad\Scene_4_2025-03-22\patch_0099.npy,7452,4270,512,100.0
423,Ahmedabad,Scene_4_2025-03-22,100,C:\Users\Aditya main\Desktop\Project_Sih\patches\Ahmedabad\Scene_4_2025-03-22\patch_0100.npy,7452,4782,512,100.0
424,Ahmedabad,Scene_4_2025-03-22,101,C:\Users\Aditya main\Desktop\Project_Sih\patches\Ahmedabad\Scene_4_2025-03-22\patch_0101.npy,7452,5294,512,100.0
425,Ahmedabad,Scene_4_2025-03-22,102,C:\Users\Aditya main\Desktop\Project_Sih\patches\Ahmedabad\Scene_4_2025-03-22\patch_0102.npy,7452,5806,512,100.0
426,Ahmedabad,Scene_4_2025-03-22,103,C:\Users\Aditya main\Desktop\Project_Sih\patches\Ahmedabad\Scene_4_2025-03-22\patch_0103.npy,7452,6318,512,100.0
427,Ahmedabad,Scene_4_2025-03-22,104,C:\Users\Aditya main\Desktop\Project_Sih\patches\Ahmedabad\Scene_4_2025-03-22\patch_0104.npy,7452,6830,512,100.0
428,Ahmedabad,Scene_4_2025-03-22,105,C:\Users\Aditya main\Desktop\Project_Sih\patches\Ahmedabad\Scene_4_2025-03-22\patch_0105.npy,7452,7342,512,100.0
429,Ahmedabad,Scene_4_2025-03-22,106,C:\Users\Aditya main\Desktop\Project_Sih\patches\Ahmedabad\Scene_4_2025-03-22\patch_0106.npy,7452,7854,512,100.0
430,Ahmedabad,Scene_4_2025-03-22,107,C:\Users\Aditya main\Desktop\Project_Sih\patches\Ahmedabad\Scene_4_2025-03-22\patch_0107.npy,7452,8366,512,100.0
431,Ahmedabad,Scene_5_2025-04-06,0,C:\Users\Aditya main\Desktop\Project_Sih\patches\Ahmedabad\Scene_5_2025-04-06\patch_0000.npy,2083,2787,512,100.0
432,Ahmedabad,Scene_5_2025-04-06,1,C:\Users\Aditya main\Desktop\Project_Sih\patches\Ahmedabad\Scene_5_2025-04-06\patch_0001.npy,2083,3299,512,100.0
433,Ahmedabad,Scene_5_2025-04-06,2,C:\Users\Aditya main\Desktop\Project_Sih\patches\Ahmedabad\Scene_5_2025-04-06\patch_0002.npy,2083,3811,512,100.0
434,Ahmedabad,Scene_5_2025-04-06,3,C:\Users\Aditya main\Desktop\Project_Sih\patches\Ahmedabad\Scene_5_2025-04-06\patch_0003.npy,2083,4323,512,100.0
435,Ahmedabad,Scene_5_2025-04-06,4,C:\Users\Aditya main\Desktop\Project_Sih\patches\Ahmedabad\Scene_5_2025-04-06\patch_0004.npy,2083,4835,512,100.0
436,Ahmedabad,Scene_5_2025-04-06,5,C:\Users\Aditya main\Desktop\Project_Sih\patches\Ahmedabad\Scene_5_2025-04-06\patch_0005.npy,2083,5347,512,100.0
437,Ahmedabad,Scene_5_2025-04-06,6,C:\Users\Aditya main\Desktop\Project_Sih\patches\Ahmedabad\Scene_5_2025-04-06\patch_0006.npy,2083,5859,512,100.0
438,Ahmedabad,Scene_5_2025-04-06,7,C:\Users\Aditya main\Desktop\Project_Sih\patches\Ahmedabad\Scene_5_2025-04-06\patch_0007.npy,2083,6371,512,100.0
439,Ahmedabad,Scene_5_2025-04-06,8,C:\Users\Aditya main\Desktop\Project_Sih\patches\Ahmedabad\Scene_5_2025-04-06\patch_0008.npy,2083,6883,512,100.0
440,Ahmedabad,Scene_5_2025-04-06,9,C:\Users\Aditya main\Desktop\Project_Sih\patches\Ahmedabad\Scene_5_2025-04-06\patch_0009.npy,2595,2787,512,100.0
441,Ahmedabad,Scene_5_2025-04-06,10,C:\Users\Aditya main\Desktop\Project_Sih\patches\Ahmedabad\Scene_5_2025-04-06\patch_0010.npy,2595,3299,512,100.0
442,Ahmedabad,Scene_5_2025-04-06,11,C:\Users\Aditya main\Desktop\Project_Sih\patches\Ahmedabad\Scene_5_2025-04-06\patch_0011.npy,2595,3811,512,100.0
443,Ahmedabad,Scene_5_2025-04-06,12,C:\Users\Aditya main\Desktop\Project_Sih\patches\Ahmedabad\Scene_5_2025-04-06\patch_0012.npy,2595,4323,512,100.0
444,Ahmedabad,Scene_5_2025-04-06,13,C:\Users\Aditya main\Desktop\Project_Sih\patches\Ahmedabad\Scene_5_2025-04-06\patch_0013.npy,2595,4835,512,100.0
445,Ahmedabad,Scene_5_2025-04-06,14,C:\Users\Aditya main\Desktop\Project_Sih\patches\Ahmedabad\Scene_5_2025-04-06\patch_0014.npy,2595,5347,512,100.0
446,Ahmedabad,Scene_5_2025-04-06,15,C:\Users\Aditya main\Desktop\Project_Sih\patches\Ahmedabad\Scene_5_2025-04-06\patch_0015.npy,2595,5859,512,100.0
447,Ahmedabad,Scene_5_2025-04-06,16,C:\Users\Aditya main\Desktop\Project_Sih\patches\Ahmedabad\Scene_5_2025-04-06\patch_0016.npy,2595,6371,512,100.0
448,Ahmedabad,Scene_5_2025-04-06,17,C:\Users\Aditya main\Desktop\Project_Sih\patches\Ahmedabad\Scene_5_2025-04-06\patch_0017.npy,2595,6883,512,100.0
449,Ahmedabad,Scene_5_2025-04-06,18,C:\Users\Aditya main\Desktop\Project_Sih\patches\Ahmedabad\Scene_5_2025-04-06\patch_0018.npy,3107,2787,512,100.0
450,Ahmedabad,Scene_5_2025-04-06,19,C:\Users\Aditya main\Desktop\Project_Sih\patches\Ahmedabad\Scene_5_2025-04-06\patch_0019.npy,3107,3299,512,100.0
451,Ahmedabad,Scene_5_2025-04-06,20,C:\Users\Aditya main\Desktop\Project_Sih\patches\Ahmedabad\Scene_5_2025-04-06\patch_0020.npy,3107,3811,512,100.0
452,Ahmedabad,Scene_5_2025-04-06,21,C:\Users\Aditya main\Desktop\Project_Sih\patches\Ahmedabad\Scene_5_2025-04-06\patch_0021.npy,3107,4323,512,100.0
453,Ahmedabad,Scene_5_2025-04-06,22,C:\Users\Aditya main\Desktop\Project_Sih\patches\Ahmedabad\Scene_5_2025-04-06\patch_0022.npy,3107,4835,512,100.0
454,Ahmedabad,Scene_5_2025-04-06,23,C:\Users\Aditya main\Desktop\Project_Sih\patches\Ahmedabad\Scene_5_2025-04-06\patch_0023.npy,3107,5347,512,100.0
455,Ahmedabad,Scene_5_2025-04-06,24,C:\Users\Aditya main\Desktop\Project_Sih\patches\Ahmedabad\Scene_5_2025-04-06\patch_0024.npy,3107,5859,512,100.0
456,Ahmedabad,Scene_5_2025-04-06,25,C:\Users\Aditya main\Desktop\Project_Sih\patches\Ahmedabad\Scene_5_2025-04-06\patch_0025.npy,3107,6371,512,100.0
457,Ahmedabad,Scene_5_2025-04-06,26,C:\Users\Aditya main\Desktop\Project_Sih\patches\Ahmedabad\Scene_5_2025-04-06\patch_0026.npy,3107,6883,512,100.0
458,Ahmedabad,Scene_5_2025-04-06,27,C:\Users\Aditya main\Desktop\Project_Sih\patches\Ahmedabad\Scene_5_2025-04-06\patch_0027.npy,3619,2787,512,100.0
459,Ahmedabad,Scene_5_2025-04-06,28,C:\Users\Aditya main\Desktop\Project_Sih\patches\Ahmedabad\Scene_5_2025-04-06\patch_0028.npy,3619,3299,512,100.0
460,Ahmedabad,Scene_5_2025-04-06,29,C:\Users\Aditya main\Desktop\Project_Sih\patches\Ahmedabad\Scene_5_2025-04-06\patch_0029.npy,3619,3811,512,100.0
461,Ahmedabad,Scene_5_2025-04-06,30,C:\Users\Aditya main\Desktop\Project_Sih\patches\Ahmedabad\Scene_5_2025-04-06\patch_0030.npy,3619,4323,512,100.0
462,Ahmedabad,Scene_5_2025-04-06,31,C:\Users\Aditya main\Desktop\Project_Sih\patches\Ahmedabad\Scene_5_2025-04-06\patch_0031.npy,3619,4835,512,100.0
463,Ahmedabad,Scene_5_2025-04-06,32,C:\Users\Aditya main\Desktop\Project_Sih\patches\Ahmedabad\Scene_5_2025-04-06\patch_0032.npy,3619,5347,512,100.0
464,Ahmedabad,Scene_5_2025-04-06,33,C:\Users\Aditya main\Desktop\Project_Sih\patches\Ahmedabad\Scene_5_2025-04-06\patch_0033.npy,3619,5859,512,100.0
465,Ahmedabad,Scene_5_2025-04-06,34,C:\Users\Aditya main\Desktop\Project_Sih\patches\Ahmedabad\Scene_5_2025-04-06\patch_0034.npy,3619,6371,512,100.0
466,Ahmedabad,Scene_5_2025-04-06,35,C:\Users\Aditya main\Desktop\Project_Sih\patches\Ahmedabad\Scene_5_2025-04-06\patch_0035.npy,3619,6883,512,100.0
467,Ahmedabad,Scene_5_2025-04-06,36,C:\Users\Aditya main\Desktop\Project_Sih\patches\Ahmedabad\Scene_5_2025-04-06\patch_0036.npy,4131,2787,512,100.0
468,Ahmedabad,Scene_5_2025-04-06,37,C:\Users\Aditya main\Desktop\Project_Sih\patches\Ahmedabad\Scene_5_2025-04-06\patch_0037.npy,4131,3299,512,100.0
469,Ahmedabad,Scene_5_2025-04-06,38,C:\Users\Aditya main\Desktop\Project_Sih\patches\Ahmedabad\Scene_5_2025-04-06\patch_0038.npy,4131,3811,512,100.0
470,Ahmedabad,Scene_5_2025-04-06,39,C:\Users\Aditya main\Desktop\Project_Sih\patches\Ahmedabad\Scene_5_2025-04-06\patch_0039.npy,4131,4323,512,100.0
471,Ahmedabad,Scene_5_2025-04-06,40,C:\Users\Aditya main\Desktop\Project_Sih\patches\Ahmedabad\Scene_5_2025-04-06\patch_0040.npy,4131,4835,512,100.0
472,Ahmedabad,Scene_5_2025-04-06,41,C:\Users\Aditya main\Desktop\Project_Sih\patches\Ahmedabad\Scene_5_2025-04-06\patch_0041.npy,4131,5347,512,100.0
473,Ahmedabad,Scene_5_2025-04-06,42,C:\Users\Aditya main\Desktop\Project_Sih\patches\Ahmedabad\Scene_5_2025-04-06\patch_0042.npy,4131,5859,512,100.0
474,Ahmedabad,Scene_5_2025-04-06,43,C:\Users\Aditya main\Desktop\Project_Sih\patches\Ahmedabad\Scene_5_2025-04-06\patch_0043.npy,4131,6371,512,100.0
475,Ahmedabad,Scene_5_2025-04-06,44,C:\Users\Aditya main\Desktop\Project_Sih\patches\Ahmedabad\Scene_5_2025-04-06\patch_0044.npy,4131,6883,512,100.0
476,Ahmedabad,Scene_5_2025-04-06,45,C:\Users\Aditya main\Desktop\Project_Sih\patches\Ahmedabad\Scene_5_2025-04-06\patch_0045.npy,4643,2787,512,100.0
477,Ahmedabad,Scene_5_2025-04-06,46,C:\Users\Aditya main\Desktop\Project_Sih\patches\Ahmedabad\Scene_5_2025-04-06\patch_0046.npy,4643,3299,512,100.0
478,Ahmedabad,Scene_5_2025-04-06,47,C:\Users\Aditya main\Desktop\Project_Sih\patches\Ahmedabad\Scene_5_2025-04-06\patch_0047.npy,4643,3811,512,100.0
479,Ahmedabad,Scene_5_2025-04-06,48,C:\Users\Aditya main\Desktop\Project_Sih\patches\Ahmedabad\Scene_5_2025-04-06\patch_0048.npy,4643,4323,512,100.0
480,Ahmedabad,Scene_5_2025-04-06,49,C:\Users\Aditya main\Desktop\Project_Sih\patches\Ahmedabad\Scene_5_2025-04-06\patch_0049.npy,4643,4835,512,99.99542236328124
481,Ahmedabad,Scene_5_2025-04-06,50,C:\Users\Aditya main\Desktop\Project_Sih\patches\Ahmedabad\Scene_5_2025-04-06\patch_0050.npy,4643,5347,512,100.0
482,Ahmedabad,Scene_5_2025-04-06,51,C:\Users\Aditya main\Desktop\Project_Sih\patches\Ahmedabad\Scene_5_2025-04-06\patch_0051.npy,4643,5859,512,100.0
483,Ahmedabad,Scene_5_2025-04-06,52,C:\Users\Aditya main\Desktop\Project_Sih\patches\Ahmedabad\Scene_5_2025-04-06\patch_0052.npy,4643,6371,512,100.0
484,Ahmedabad,Scene_5_2025-04-06,53,C:\Users\Aditya main\Desktop\Project_Sih\patches\Ahmedabad\Scene_5_2025-04-06\patch_0053.npy,4643,6883,512,100.0
485,Ahmedabad,Scene_5_2025-04-06,54,C:\Users\Aditya main\Desktop\Project_Sih\patches\Ahmedabad\Scene_5_2025-04-06\patch_0054.npy,5155,2787,512,100.0
486,Ahmedabad,Scene_5_2025-04-06,55,C:\Users\Aditya main\Desktop\Project_Sih\patches\Ahmedabad\Scene_5_2025-04-06\patch_0055.npy,5155,3299,512,100.0
487,Ahmedabad,Scene_5_2025-04-06,56,C:\Users\Aditya main\Desktop\Project_Sih\patches\Ahmedabad\Scene_5_2025-04-06\patch_0056.npy,5155,3811,512,100.0
488,Ahmedabad,Scene_5_2025-04-06,57,C:\Users\Aditya main\Desktop\Project_Sih\patches\Ahmedabad\Scene_5_2025-04-06\patch_0057.npy,5155,4323,512,100.0
489,Ahmedabad,Scene_5_2025-04-06,58,C:\Users\Aditya main\Desktop\Project_Sih\patches\Ahmedabad\Scene_5_2025-04-06\patch_0058.npy,5155,4835,512,100.0
490,Ahmedabad,Scene_5_2025-04-06,59,C:\Users\Aditya main\Desktop\Project_Sih\patches\Ahmedabad\Scene_5_2025-04-06\patch_0059.npy,5155,5347,512,100.0
491,Ahmedabad,Scene_5_2025-04-06,60,C:\Users\Aditya main\Desktop\Project_Sih\patches\Ahmedabad\Scene_5_2025-04-06\patch_0060.npy,5155,5859,512,100.0
492,Ahmedabad,Scene_5_2025-04-06,61,C:\Users\Aditya main\Desktop\Project_Sih\patches\Ahmedabad\Scene_5_2025-04-06\patch_0061.npy,5155,6371,512,100.0
493,Ahmedabad,Scene_5_2025-04-06,62,C:\Users\Aditya main\Desktop\Project_Sih\patches\Ahmedabad\Scene_5_2025-04-06\patch_0062.npy,5155,6883,512,100.0
494,Ahmedabad,Scene_5_2025-04-06,63,C:\Users\Aditya main\Desktop\Project_Sih\patches\Ahmedabad\Scene_5_2025-04-06\patch_0063.npy,5667,2787,512,100.0
495,Ahmedabad,Scene_5_2025-04-06,64,C:\Users\Aditya main\Desktop\Project_Sih\patches\Ahmedabad\Scene_5_2025-04-06\patch_0064.npy,5667,3299,512,100.0
496,Ahmedabad,Scene_5_2025-04-06,65,C:\Users\Aditya main\Desktop\Project_Sih\patches\Ahmedabad\Scene_5_2025-04-06\patch_0065.npy,5667,3811,512,100.0
497,Ahmedabad,Scene_5_2025-04-06,66,C:\Users\Aditya main\Desktop\Project_Sih\patches\Ahmedabad\Scene_5_2025-04-06\patch_0066.npy,5667,4323,512,100.0
498,Ahmedabad,Scene_5_2025-04-06,67,C:\Users\Aditya main\Desktop\Project_Sih\patches\Ahmedabad\Scene_5_2025-04-06\patch_0067.npy,5667,4835,512,100.0
499,Ahmedabad,Scene_5_2025-04-06,68,C:\Users\Aditya main\Desktop\Project_Sih\patches\Ahmedabad\Scene_5_2025-04-06\patch_0068.npy,5667,5347,512,100.0
500,Ahmedabad,Scene_5_2025-04-06,69,C:\Users\Aditya main\Desktop\Project_Sih\patches\Ahmedabad\Scene_5_2025-04-06\patch_0069.npy,5667,5859,512,100.0
501,Ahmedabad,Scene_5_2025-04-06,70,C:\Users\Aditya main\Desktop\Project_Sih\patches\Ahmedabad\Scene_5_2025-04-06\patch_0070.npy,5667,6371,512,100.0
502,Ahmedabad,Scene_5_2025-04-06,71,C:\Users\Aditya main\Desktop\Project_Sih\patches\Ahmedabad\Scene_5_2025-04-06\patch_0071.npy,5667,6883,512,100.0
503,Ahmedabad,Scene_5_2025-04-06,72,C:\Users\Aditya main\Desktop\Project_Sih\patches\Ahmedabad\Scene_5_2025-04-06\patch_0072.npy,6179,2787,512,100.0
504,Ahmedabad,Scene_5_2025-04-06,73,C:\Users\Aditya main\Desktop\Project_Sih\patches\Ahmedabad\Scene_5_2025-04-06\patch_0073.npy,6179,3299,512,100.0
505,Ahmedabad,Scene_5_2025-04-06,74,C:\Users\Aditya main\Desktop\Project_Sih\patches\Ahmedabad\Scene_5_2025-04-06\patch_0074.npy,6179,3811,512,100.0
506,Ahmedabad,Scene_5_2025-04-06,75,C:\Users\Aditya main\Desktop\Project_Sih\patches\Ahmedabad\Scene_5_2025-04-06\patch_0075.npy,6179,4323,512,100.0
507,Ahmedabad,Scene_5_2025-04-06,76,C:\Users\Aditya main\Desktop\Project_Sih\patches\Ahmedabad\Scene_5_2025-04-06\patch_0076.npy,6179,4835,512,100.0
508,Ahmedabad,Scene_5_2025-04-06,77,C:\Users\Aditya main\Desktop\Project_Sih\patches\Ahmedabad\Scene_5_2025-04-06\patch_0077.npy,6179,5347,512,100.0
509,Ahmedabad,Scene_5_2025-04-06,78,C:\Users\Aditya main\Desktop\Project_Sih\patches\Ahmedabad\Scene_5_2025-04-06\patch_0078.npy,6179,5859,512,100.0
510,Ahmedabad,Scene_5_2025-04-06,79,C:\Users\Aditya main\Desktop\Project_Sih\patches\Ahmedabad\Scene_5_2025-04-06\patch_0079.npy,6179,6371,512,99.993896484375
511,Ahmedabad,Scene_5_2025-04-06,80,C:\Users\Aditya main\Desktop\Project_Sih\patches\Ahmedabad\Scene_5_2025-04-06\patch_0080.npy,6179,6883,512,100.0
512,Ahmedabad,Scene_5_2025-04-06,81,C:\Users\Aditya main\Desktop\Project_Sih\patches\Ahmedabad\Scene_5_2025-04-06\patch_0081.npy,6691,2787,512,100.0
513,Ahmedabad,Scene_5_2025-04-06,82,C:\Users\Aditya main\Desktop\Project_Sih\patches\Ahmedabad\Scene_5_2025-04-06\patch_0082.npy,6691,3299,512,100.0
514,Ahmedabad,Scene_5_2025-04-06,83,C:\Users\Aditya main\Desktop\Project_Sih\patches\Ahmedabad\Scene_5_2025-04-06\patch_0083.npy,6691,3811,512,100.0
515,Ahmedabad,Scene_5_2025-04-06,84,C:\Users\Aditya main\Desktop\Project_Sih\patches\Ahmedabad\Scene_5_2025-04-06\patch_0084.npy,6691,4323,512,100.0
516,Ahmedabad,Scene_5_2025-04-06,85,C:\Users\Aditya main\Desktop\Project_Sih\patches\Ahmedabad\Scene_5_2025-04-06\patch_0085.npy,6691,4835,512,100.0
517,Ahmedabad,Scene_5_2025-04-06,86,C:\Users\Aditya main\Desktop\Project_Sih\patches\Ahmedabad\Scene_5_2025-04-06\patch_0086.npy,6691,5347,512,100.0
518,Ahmedabad,Scene_5_2025-04-06,87,C:\Users\Aditya main\Desktop\Project_Sih\patches\Ahmedabad\Scene_5_2025-04-06\patch_0087.npy,6691,5859,512,100.0
519,Ahmedabad,Scene_5_2025-04-06,88,C:\Users\Aditya main\Desktop\Project_Sih\patches\Ahmedabad\Scene_5_2025-04-06\patch_0088.npy,6691,6371,512,100.0
520,Ahmedabad,Scene_5_2025-04-06,89,C:\Users\Aditya main\Desktop\Project_Sih\patches\Ahmedabad\Scene_5_2025-04-06\patch_0089.npy,6691,6883,512,100.0
521,Ahmedabad,Scene_5_2025-04-06,90,C:\Users\Aditya main\Desktop\Project_Sih\patches\Ahmedabad\Scene_5_2025-04-06\patch_0090.npy,7203,2787,512,100.0
522,Ahmedabad,Scene_5_2025-04-06,91,C:\Users\Aditya main\Desktop\Project_Sih\patches\Ahmedabad\Scene_5_2025-04-06\patch_0091.npy,7203,3299,512,100.0
523,Ahmedabad,Scene_5_2025-04-06,92,C:\Users\Aditya main\Desktop\Project_Sih\patches\Ahmedabad\Scene_5_2025-04-06\patch_0092.npy,7203,3811,512,100.0
524,Ahmedabad,Scene_5_2025-04-06,93,C:\Users\Aditya main\Desktop\Project_Sih\patches\Ahmedabad\Scene_5_2025-04-06\patch_0093.npy,7203,4323,512,100.0
525,Ahmedabad,Scene_5_2025-04-06,94,C:\Users\Aditya main\Desktop\Project_Sih\patches\Ahmedabad\Scene_5_2025-04-06\patch_0094.npy,7203,4835,512,100.0
526,Ahmedabad,Scene_5_2025-04-06,95,C:\Users\Aditya main\Desktop\Project_Sih\patches\Ahmedabad\Scene_5_2025-04-06\patch_0095.npy,7203,5347,512,100.0
527,Ahmedabad,Scene_5_2025-04-06,96,C:\Users\Aditya main\Desktop\Project_Sih\patches\Ahmedabad\Scene_5_2025-04-06\patch_0096.npy,7203,5859,512,100.0
528,Ahmedabad,Scene_5_2025-04-06,97,C:\Users\Aditya main\Desktop\Project_Sih\patches\Ahmedabad\Scene_5_2025-04-06\patch_0097.npy,7203,6371,512,100.0
529,Ahmedabad,Scene_5_2025-04-06,98,C:\Users\Aditya main\Desktop\Project_Sih\patches\Ahmedabad\Scene_5_2025-04-06\patch_0098.npy,7203,6883,512,100.0
530,Ahmedabad,Scene_5_2025-04-06,99,C:\Users\Aditya main\Desktop\Project_Sih\patches\Ahmedabad\Scene_5_2025-04-06\patch_0099.npy,7715,2787,512,100.0
531,Ahmedabad,Scene_5_2025-04-06,100,C:\Users\Aditya main\Desktop\Project_Sih\patches\Ahmedabad\Scene_5_2025-04-06\patch_0100.npy,7715,3299,512,100.0
532,Ahmedabad,Scene_5_2025-04-06,101,C:\Users\Aditya main\Desktop\Project_Sih\patches\Ahmedabad\Scene_5_2025-04-06\patch_0101.npy,7715,3811,512,100.0
533,Ahmedabad,Scene_5_2025-04-06,102,C:\Users\Aditya main\Desktop\Project_Sih\patches\Ahmedabad\Scene_5_2025-04-06\patch_0102.npy,7715,4323,512,100.0
534,Ahmedabad,Scene_5_2025-04-06,103,C:\Users\Aditya main\Desktop\Project_Sih\patches\Ahmedabad\Scene_5_2025-04-06\patch_0103.npy,7715,4835,512,100.0
535,Ahmedabad,Scene_5_2025-04-06,104,C:\Users\Aditya main\Desktop\Project_Sih\patches\Ahmedabad\Scene_5_2025-04-06\patch_0104.npy,7715,5347,512,100.0
536,Ahmedabad,Scene_5_2025-04-06,105,C:\Users\Aditya main\Desktop\Project_Sih\patches\Ahmedabad\Scene_5_2025-04-06\patch_0105.npy,7715,5859,512,100.0
537,Ahmedabad,Scene_5_2025-04-06,106,C:\Users\Aditya main\Desktop\Project_Sih\patches\Ahmedabad\Scene_5_2025-04-06\patch_0106.npy,7715,6371,512,100.0
538,Ahmedabad,Scene_5_2025-04-06,107,C:\Users\Aditya main\Desktop\Project_Sih\patches\Ahmedabad\Scene_5_2025-04-06\patch_0107.npy,7715,6883,512,100.0
539,Guwahati,Scene_1_2025-01-10,0,C:\Users\Aditya main\Desktop\Project_Sih\patches\Guwahati\Scene_1_2025-01-10\patch_0000.npy,0,5481,512,99.99542236328124
540,Guwahati,Scene_1_2025-01-10,1,C:\Users\Aditya main\Desktop\Project_Sih\patches\Guwahati\Scene_1_2025-01-10\patch_0001.npy,0,5993,512,99.9267578125
541,Guwahati,Scene_1_2025-01-10,2,C:\Users\Aditya main\Desktop\Project_Sih\patches\Guwahati\Scene_1_2025-01-10\patch_0002.npy,0,6505,512,92.04788208007812
542,Guwahati,Scene_1_2025-01-10,3,C:\Users\Aditya main\Desktop\Project_Sih\patches\Guwahati\Scene_1_2025-01-10\patch_0003.npy,512,5481,512,99.99847412109376
543,Guwahati,Scene_1_2025-01-10,4,C:\Users\Aditya main\Desktop\Project_Sih\patches\Guwahati\Scene_1_2025-01-10\patch_0004.npy,512,5993,512,99.700927734375
544,Guwahati,Scene_1_2025-01-10,5,C:\Users\Aditya main\Desktop\Project_Sih\patches\Guwahati\Scene_1_2025-01-10\patch_0005.npy,512,6505,512,99.9786376953125
545,Guwahati,Scene_1_2025-01-10,6,C:\Users\Aditya main\Desktop\Project_Sih\patches\Guwahati\Scene_1_2025-01-10\patch_0006.npy,512,7017,512,100.0
546,Guwahati,Scene_1_2025-01-10,7,C:\Users\Aditya main\Desktop\Project_Sih\patches\Guwahati\Scene_1_2025-01-10\patch_0007.npy,512,7529,512,100.0
547,Guwahati,Scene_1_2025-01-10,8,C:\Users\Aditya main\Desktop\Project_Sih\patches\Guwahati\Scene_1_2025-01-10\patch_0008.npy,512,8041,512,100.0
548,Guwahati,Scene_1_2025-01-10,9,C:\Users\Aditya main\Desktop\Project_Sih\patches\Guwahati\Scene_1_2025-01-10\patch_0009.npy,1024,5481,512,100.0
549,Guwahati,Scene_1_2025-01-10,10,C:\Users\Aditya main\Desktop\Project_Sih\patches\Guwahati\Scene_1_2025-01-10\patch_0010.npy,1024,5993,512,100.0
550,Guwahati,Scene_1_2025-01-10,11,C:\Users\Aditya main\Desktop\Project_Sih\patches\Guwahati\Scene_1_2025-01-10\patch_0011.npy,1024,6505,512,100.0
551,Guwahati,Scene_1_2025-01-10,12,C:\Users\Aditya main\Desktop\Project_Sih\patches\Guwahati\Scene_1_2025-01-10\patch_0012.npy,1024,7017,512,100.0
552,Guwahati,Scene_1_2025-01-10,13,C:\Users\Aditya main\Desktop\Project_Sih\patches\Guwahati\Scene_1_2025-01-10\patch_0013.npy,1024,7529,512,100.0
553,Guwahati,Scene_1_2025-01-10,14,C:\Users\Aditya main\Desktop\Project_Sih\patches\Guwahati\Scene_1_2025-01-10\patch_0014.npy,1024,8041,512,100.0
554,Guwahati,Scene_1_2025-01-10,15,C:\Users\Aditya main\Desktop\Project_Sih\patches\Guwahati\Scene_1_2025-01-10\patch_0015.npy,1536,5481,512,100.0
555,Guwahati,Scene_1_2025-01-10,16,C:\Users\Aditya main\Desktop\Project_Sih\patches\Guwahati\Scene_1_2025-01-10\patch_0016.npy,1536,5993,512,100.0
556,Guwahati,Scene_1_2025-01-10,17,C:\Users\Aditya main\Desktop\Project_Sih\patches\Guwahati\Scene_1_2025-01-10\patch_0017.npy,1536,6505,512,100.0
557,Guwahati,Scene_1_2025-01-10,18,C:\Users\Aditya main\Desktop\Project_Sih\patches\Guwahati\Scene_1_2025-01-10\patch_0018.npy,1536,7017,512,100.0
558,Guwahati,Scene_1_2025-01-10,19,C:\Users\Aditya main\Desktop\Project_Sih\patches\Guwahati\Scene_1_2025-01-10\patch_0019.npy,1536,7529,512,100.0
559,Guwahati,Scene_1_2025-01-10,20,C:\Users\Aditya main\Desktop\Project_Sih\patches\Guwahati\Scene_1_2025-01-10\patch_0020.npy,1536,8041,512,100.0
560,Guwahati,Scene_1_2025-01-10,21,C:\Users\Aditya main\Desktop\Project_Sih\patches\Guwahati\Scene_1_2025-01-10\patch_0021.npy,2048,5481,512,100.0
561,Guwahati,Scene_1_2025-01-10,22,C:\Users\Aditya main\Desktop\Project_Sih\patches\Guwahati\Scene_1_2025-01-10\patch_0022.npy,2048,5993,512,100.0
562,Guwahati,Scene_1_2025-01-10,23,C:\Users\Aditya main\Desktop\Project_Sih\patches\Guwahati\Scene_1_2025-01-10\patch_0023.npy,2048,6505,512,100.0
563,Guwahati,Scene_1_2025-01-10,24,C:\Users\Aditya main\Desktop\Project_Sih\patches\Guwahati\Scene_1_2025-01-10\patch_0024.npy,2048,7017,512,100.0
564,Guwahati,Scene_1_2025-01-10,25,C:\Users\Aditya main\Desktop\Project_Sih\patches\Guwahati\Scene_1_2025-01-10\patch_0025.npy,2048,7529,512,100.0
565,Guwahati,Scene_1_2025-01-10,26,C:\Users\Aditya main\Desktop\Project_Sih\patches\Guwahati\Scene_1_2025-01-10\patch_0026.npy,2048,8041,512,100.0
566,Guwahati,Scene_1_2025-01-10,27,C:\Users\Aditya main\Desktop\Project_Sih\patches\Guwahati\Scene_1_2025-01-10\patch_0027.npy,2560,5481,512,100.0
567,Guwahati,Scene_1_2025-01-10,28,C:\Users\Aditya main\Desktop\Project_Sih\patches\Guwahati\Scene_1_2025-01-10\patch_0028.npy,2560,5993,512,100.0
568,Guwahati,Scene_1_2025-01-10,29,C:\Users\Aditya main\Desktop\Project_Sih\patches\Guwahati\Scene_1_2025-01-10\patch_0029.npy,2560,6505,512,100.0
569,Guwahati,Scene_1_2025-01-10,30,C:\Users\Aditya main\Desktop\Project_Sih\patches\Guwahati\Scene_1_2025-01-10\patch_0030.npy,2560,7017,512,100.0
570,Guwahati,Scene_1_2025-01-10,31,C:\Users\Aditya main\Desktop\Project_Sih\patches\Guwahati\Scene_1_2025-01-10\patch_0031.npy,2560,7529,512,100.0
571,Guwahati,Scene_1_2025-01-10,32,C:\Users\Aditya main\Desktop\Project_Sih\patches\Guwahati\Scene_1_2025-01-10\patch_0032.npy,2560,8041,512,100.0
572,Guwahati,Scene_1_2025-01-10,33,C:\Users\Aditya main\Desktop\Project_Sih\patches\Guwahati\Scene_1_2025-01-10\patch_0033.npy,3072,5481,512,100.0
573,Guwahati,Scene_1_2025-01-10,34,C:\Users\Aditya main\Desktop\Project_Sih\patches\Guwahati\Scene_1_2025-01-10\patch_0034.npy,3072,5993,512,100.0
574,Guwahati,Scene_1_2025-01-10,35,C:\Users\Aditya main\Desktop\Project_Sih\patches\Guwahati\Scene_1_2025-01-10\patch_0035.npy,3072,6505,512,100.0
575,Guwahati,Scene_1_2025-01-10,36,C:\Users\Aditya main\Desktop\Project_Sih\patches\Guwahati\Scene_1_2025-01-10\patch_0036.npy,3072,7017,512,100.0
576,Guwahati,Scene_1_2025-01-10,37,C:\Users\Aditya main\Desktop\Project_Sih\patches\Guwahati\Scene_1_2025-01-10\patch_0037.npy,3072,7529,512,100.0
577,Guwahati,Scene_1_2025-01-10,38,C:\Users\Aditya main\Desktop\Project_Sih\patches\Guwahati\Scene_1_2025-01-10\patch_0038.npy,3072,8041,512,100.0
578,Guwahati,Scene_1_2025-01-10,39,C:\Users\Aditya main\Desktop\Project_Sih\patches\Guwahati\Scene_1_2025-01-10\patch_0039.npy,3584,5481,512,100.0
579,Guwahati,Scene_1_2025-01-10,40,C:\Users\Aditya main\Desktop\Project_Sih\patches\Guwahati\Scene_1_2025-01-10\patch_0040.npy,3584,5993,512,100.0
580,Guwahati,Scene_1_2025-01-10,41,C:\Users\Aditya main\Desktop\Project_Sih\patches\Guwahati\Scene_1_2025-01-10\patch_0041.npy,3584,6505,512,100.0
581,Guwahati,Scene_1_2025-01-10,42,C:\Users\Aditya main\Desktop\Project_Sih\patches\Guwahati\Scene_1_2025-01-10\patch_0042.npy,3584,7017,512,100.0
582,Guwahati,Scene_1_2025-01-10,43,C:\Users\Aditya main\Desktop\Project_Sih\patches\Guwahati\Scene_1_2025-01-10\patch_0043.npy,3584,7529,512,100.0
583,Guwahati,Scene_1_2025-01-10,44,C:\Users\Aditya main\Desktop\Project_Sih\patches\Guwahati\Scene_1_2025-01-10\patch_0044.npy,3584,8041,512,100.0
584,Guwahati,Scene_2_2025-02-09,0,C:\Users\Aditya main\Desktop\Project_Sih\patches\Guwahati\Scene_2_2025-02-09\patch_0000.npy,0,5481,512,99.94964599609376
585,Guwahati,Scene_2_2025-02-09,1,C:\Users\Aditya main\Desktop\Project_Sih\patches\Guwahati\Scene_2_2025-02-09\patch_0001.npy,0,5993,512,99.3072509765625
586,Guwahati,Scene_2_2025-02-09,2,C:\Users\Aditya main\Desktop\Project_Sih\patches\Guwahati\Scene_2_2025-02-09\patch_0002.npy,0,6505,512,99.99542236328124
587,Guwahati,Scene_2_2025-02-09,3,C:\Users\Aditya main\Desktop\Project_Sih\patches\Guwahati\Scene_2_2025-02-09\patch_0003.npy,0,7017,512,99.8565673828125
588,Guwahati,Scene_2_2025-02-09,4,C:\Users\Aditya main\Desktop\Project_Sih\patches\Guwahati\Scene_2_2025-02-09\patch_0004.npy,0,7529,512,99.98321533203124
589,Guwahati,Scene_2_2025-02-09,5,C:\Users\Aditya main\Desktop\Project_Sih\patches\Guwahati\Scene_2_2025-02-09\patch_0005.npy,0,8041,512,100.0
590,Guwahati,Scene_2_2025-02-09,6,C:\Users\Aditya main\Desktop\Project_Sih\patches\Guwahati\Scene_2_2025-02-09\patch_0006.npy,512,5481,512,99.60479736328124
591,Guwahati,Scene_2_2025-02-09,7,C:\Users\Aditya main\Desktop\Project_Sih\patches\Guwahati\Scene_2_2025-02-09\patch_0007.npy,512,5993,512,99.98321533203124
592,Guwahati,Scene_2_2025-02-09,8,C:\Users\Aditya main\Desktop\Project_Sih\patches\Guwahati\Scene_2_2025-02-09\patch_0008.npy,512,6505,512,100.0
593,Guwahati,Scene_2_2025-02-09,9,C:\Users\Aditya main\Desktop\Project_Sih\patches\Guwahati\Scene_2_2025-02-09\patch_0009.npy,512,7017,512,100.0
594,Guwahati,Scene_2_2025-02-09,10,C:\Users\Aditya main\Desktop\Project_Sih\patches\Guwahati\Scene_2_2025-02-09\patch_0010.npy,512,7529,512,100.0
595,Guwahati,Scene_2_2025-02-09,11,C:\Users\Aditya main\Desktop\Project_Sih\patches\Guwahati\Scene_2_2025-02-09\patch_0011.npy,512,8041,512,100.0
596,Guwahati,Scene_2_2025-02-09,12,C:\Users\Aditya main\Desktop\Project_Sih\patches\Guwahati\Scene_2_2025-02-09\patch_0012.npy,1024,5481,512,100.0
597,Guwahati,Scene_2_2025-02-09,13,C:\Users\Aditya main\Desktop\Project_Sih\patches\Guwahati\Scene_2_2025-02-09\patch_0013.npy,1024,5993,512,100.0
598,Guwahati,Scene_2_2025-02-09,14,C:\Users\Aditya main\Desktop\Project_Sih\patches\Guwahati\Scene_2_2025-02-09\patch_0014.npy,1024,6505,512,100.0
599,Guwahati,Scene_2_2025-02-09,15,C:\Users\Aditya main\Desktop\Project_Sih\patches\Guwahati\Scene_2_2025-02-09\patch_0015.npy,1024,7017,512,100.0
600,Guwahati,Scene_2_2025-02-09,16,C:\Users\Aditya main\Desktop\Project_Sih\patches\Guwahati\Scene_2_2025-02-09\patch_0016.npy,1024,7529,512,100.0
601,Guwahati,Scene_2_2025-02-09,17,C:\Users\Aditya main\Desktop\Project_Sih\patches\Guwahati\Scene_2_2025-02-09\patch_0017.npy,1024,8041,512,100.0
602,Guwahati,Scene_2_2025-02-09,18,C:\Users\Aditya main\Desktop\Project_Sih\patches\Guwahati\Scene_2_2025-02-09\patch_0018.npy,1536,5481,512,99.98016357421876
603,Guwahati,Scene_2_2025-02-09,19,C:\Users\Aditya main\Desktop\Project_Sih\patches\Guwahati\Scene_2_2025-02-09\patch_0019.npy,1536,5993,512,100.0
604,Guwahati,Scene_2_2025-02-09,20,C:\Users\Aditya main\Desktop\Project_Sih\patches\Guwahati\Scene_2_2025-02-09\patch_0020.npy,1536,6505,512,100.0
605,Guwahati,Scene_2_2025-02-09,21,C:\Users\Aditya main\Desktop\Project_Sih\patches\Guwahati\Scene_2_2025-02-09\patch_0021.npy,1536,7017,512,100.0
606,Guwahati,Scene_2_2025-02-09,22,C:\Users\Aditya main\Desktop\Project_Sih\patches\Guwahati\Scene_2_2025-02-09\patch_0022.npy,1536,7529,512,100.0
607,Guwahati,Scene_2_2025-02-09,23,C:\Users\Aditya main\Desktop\Project_Sih\patches\Guwahati\Scene_2_2025-02-09\patch_0023.npy,1536,8041,512,100.0
608,Guwahati,Scene_2_2025-02-09,24,C:\Users\Aditya main\Desktop\Project_Sih\patches\Guwahati\Scene_2_2025-02-09\patch_0024.npy,2048,5481,512,100.0
609,Guwahati,Scene_2_2025-02-09,25,C:\Users\Aditya main\Desktop\Project_Sih\patches\Guwahati\Scene_2_2025-02-09\patch_0025.npy,2048,5993,512,100.0
610,Guwahati,Scene_2_2025-02-09,26,C:\Users\Aditya main\Desktop\Project_Sih\patches\Guwahati\Scene_2_2025-02-09\patch_0026.npy,2048,6505,512,100.0
611,Guwahati,Scene_2_2025-02-09,27,C:\Users\Aditya main\Desktop\Project_Sih\patches\Guwahati\Scene_2_2025-02-09\patch_0027.npy,2048,7017,512,100.0
612,Guwahati,Scene_2_2025-02-09,28,C:\Users\Aditya main\Desktop\Project_Sih\patches\Guwahati\Scene_2_2025-02-09\patch_0028.npy,2048,7529,512,100.0
613,Guwahati,Scene_2_2025-02-09,29,C:\Users\Aditya main\Desktop\Project_Sih\patches\Guwahati\Scene_2_2025-02-09\patch_0029.npy,2048,8041,512,100.0
614,Guwahati,Scene_2_2025-02-09,30,C:\Users\Aditya main\Desktop\Project_Sih\patches\Guwahati\Scene_2_2025-02-09\patch_0030.npy,2560,5481,512,100.0
615,Guwahati,Scene_2_2025-02-09,31,C:\Users\Aditya main\Desktop\Project_Sih\patches\Guwahati\Scene_2_2025-02-09\patch_0031.npy,2560,5993,512,100.0
616,Guwahati,Scene_2_2025-02-09,32,C:\Users\Aditya main\Desktop\Project_Sih\patches\Guwahati\Scene_2_2025-02-09\patch_0032.npy,2560,6505,512,100.0
617,Guwahati,Scene_2_2025-02-09,33,C:\Users\Aditya main\Desktop\Project_Sih\patches\Guwahati\Scene_2_2025-02-09\patch_0033.npy,2560,7017,512,100.0
618,Guwahati,Scene_2_2025-02-09,34,C:\Users\Aditya main\Desktop\Project_Sih\patches\Guwahati\Scene_2_2025-02-09\patch_0034.npy,2560,7529,512,100.0
619,Guwahati,Scene_2_2025-02-09,35,C:\Users\Aditya main\Desktop\Project_Sih\patches\Guwahati\Scene_2_2025-02-09\patch_0035.npy,2560,8041,512,100.0
620,Guwahati,Scene_2_2025-02-09,36,C:\Users\Aditya main\Desktop\Project_Sih\patches\Guwahati\Scene_2_2025-02-09\patch_0036.npy,3072,5481,512,100.0
621,Guwahati,Scene_2_2025-02-09,37,C:\Users\Aditya main\Desktop\Project_Sih\patches\Guwahati\Scene_2_2025-02-09\patch_0037.npy,3072,5993,512,100.0
622,Guwahati,Scene_2_2025-02-09,38,C:\Users\Aditya main\Desktop\Project_Sih\patches\Guwahati\Scene_2_2025-02-09\patch_0038.npy,3072,6505,512,100.0
623,Guwahati,Scene_2_2025-02-09,39,C:\Users\Aditya main\Desktop\Project_Sih\patches\Guwahati\Scene_2_2025-02-09\patch_0039.npy,3072,7017,512,100.0
624,Guwahati,Scene_2_2025-02-09,40,C:\Users\Aditya main\Desktop\Project_Sih\patches\Guwahati\Scene_2_2025-02-09\patch_0040.npy,3072,7529,512,100.0
625,Guwahati,Scene_2_2025-02-09,41,C:\Users\Aditya main\Desktop\Project_Sih\patches\Guwahati\Scene_2_2025-02-09\patch_0041.npy,3072,8041,512,100.0
626,Guwahati,Scene_2_2025-02-09,42,C:\Users\Aditya main\Desktop\Project_Sih\patches\Guwahati\Scene_2_2025-02-09\patch_0042.npy,3584,5481,512,100.0
627,Guwahati,Scene_2_2025-02-09,43,C:\Users\Aditya main\Desktop\Project_Sih\patches\Guwahati\Scene_2_2025-02-09\patch_0043.npy,3584,5993,512,100.0
628,Guwahati,Scene_2_2025-02-09,44,C:\Users\Aditya main\Desktop\Project_Sih\patches\Guwahati\Scene_2_2025-02-09\patch_0044.npy,3584,6505,512,100.0
629,Guwahati,Scene_2_2025-02-09,45,C:\Users\Aditya main\Desktop\Project_Sih\patches\Guwahati\Scene_2_2025-02-09\patch_0045.npy,3584,7017,512,100.0
630,Guwahati,Scene_2_2025-02-09,46,C:\Users\Aditya main\Desktop\Project_Sih\patches\Guwahati\Scene_2_2025-02-09\patch_0046.npy,3584,7529,512,100.0
631,Guwahati,Scene_2_2025-02-09,47,C:\Users\Aditya main\Desktop\Project_Sih\patches\Guwahati\Scene_2_2025-02-09\patch_0047.npy,3584,8041,512,100.0
632,Guwahati,Scene_3_2026-02-19,0,C:\Users\Aditya main\Desktop\Project_Sih\patches\Guwahati\Scene_3_2026-02-19\patch_0000.npy,8474,5481,512,100.0
633,Guwahati,Scene_3_2026-02-19,1,C:\Users\Aditya main\Desktop\Project_Sih\patches\Guwahati\Scene_3_2026-02-19\patch_0001.npy,8474,5993,512,100.0
634,Guwahati,Scene_3_2026-02-19,2,C:\Users\Aditya main\Desktop\Project_Sih\patches\Guwahati\Scene_3_2026-02-19\patch_0002.npy,8474,6505,512,100.0
635,Guwahati,Scene_3_2026-02-19,3,C:\Users\Aditya main\Desktop\Project_Sih\patches\Guwahati\Scene_3_2026-02-19\patch_0003.npy,8474,7017,512,100.0
636,Guwahati,Scene_3_2026-02-19,4,C:\Users\Aditya main\Desktop\Project_Sih\patches\Guwahati\Scene_3_2026-02-19\patch_0004.npy,8474,7529,512,100.0
637,Guwahati,Scene_3_2026-02-19,5,C:\Users\Aditya main\Desktop\Project_Sih\patches\Guwahati\Scene_3_2026-02-19\patch_0005.npy,8474,8041,512,100.0
638,Guwahati,Scene_3_2026-02-19,6,C:\Users\Aditya main\Desktop\Project_Sih\patches\Guwahati\Scene_3_2026-02-19\patch_0006.npy,8986,5481,512,100.0
639,Guwahati,Scene_3_2026-02-19,7,C:\Users\Aditya main\Desktop\Project_Sih\patches\Guwahati\Scene_3_2026-02-19\patch_0007.npy,8986,5993,512,100.0
640,Guwahati,Scene_3_2026-02-19,8,C:\Users\Aditya main\Desktop\Project_Sih\patches\Guwahati\Scene_3_2026-02-19\patch_0008.npy,8986,6505,512,100.0
641,Guwahati,Scene_3_2026-02-19,9,C:\Users\Aditya main\Desktop\Project_Sih\patches\Guwahati\Scene_3_2026-02-19\patch_0009.npy,8986,7017,512,100.0
642,Guwahati,Scene_3_2026-02-19,10,C:\Users\Aditya main\Desktop\Project_Sih\patches\Guwahati\Scene_3_2026-02-19\patch_0010.npy,8986,7529,512,100.0
643,Guwahati,Scene_3_2026-02-19,11,C:\Users\Aditya main\Desktop\Project_Sih\patches\Guwahati\Scene_3_2026-02-19\patch_0011.npy,8986,8041,512,100.0
644,Guwahati,Scene_3_2026-02-19,12,C:\Users\Aditya main\Desktop\Project_Sih\patches\Guwahati\Scene_3_2026-02-19\patch_0012.npy,9498,5481,512,100.0
645,Guwahati,Scene_3_2026-02-19,13,C:\Users\Aditya main\Desktop\Project_Sih\patches\Guwahati\Scene_3_2026-02-19\patch_0013.npy,9498,5993,512,100.0
646,Guwahati,Scene_3_2026-02-19,14,C:\Users\Aditya main\Desktop\Project_Sih\patches\Guwahati\Scene_3_2026-02-19\patch_0014.npy,9498,6505,512,100.0
647,Guwahati,Scene_3_2026-02-19,15,C:\Users\Aditya main\Desktop\Project_Sih\patches\Guwahati\Scene_3_2026-02-19\patch_0015.npy,9498,7017,512,100.0
648,Guwahati,Scene_3_2026-02-19,16,C:\Users\Aditya main\Desktop\Project_Sih\patches\Guwahati\Scene_3_2026-02-19\patch_0016.npy,9498,7529,512,99.993896484375
649,Guwahati,Scene_3_2026-02-19,17,C:\Users\Aditya main\Desktop\Project_Sih\patches\Guwahati\Scene_3_2026-02-19\patch_0017.npy,9498,8041,512,99.993896484375
650,Guwahati,Scene_3_2026-02-19,18,C:\Users\Aditya main\Desktop\Project_Sih\patches\Guwahati\Scene_3_2026-02-19\patch_0018.npy,10010,5481,512,99.99542236328124
651,Guwahati,Scene_3_2026-02-19,19,C:\Users\Aditya main\Desktop\Project_Sih\patches\Guwahati\Scene_3_2026-02-19\patch_0019.npy,10010,5993,512,99.993896484375
652,Guwahati,Scene_3_2026-02-19,20,C:\Users\Aditya main\Desktop\Project_Sih\patches\Guwahati\Scene_3_2026-02-19\patch_0020.npy,10010,6505,512,100.0
653,Guwahati,Scene_3_2026-02-19,21,C:\Users\Aditya main\Desktop\Project_Sih\patches\Guwahati\Scene_3_2026-02-19\patch_0021.npy,10010,7017,512,99.99237060546876
654,Guwahati,Scene_3_2026-02-19,22,C:\Users\Aditya main\Desktop\Project_Sih\patches\Guwahati\Scene_3_2026-02-19\patch_0022.npy,10010,7529,512,99.98779296875
655,Guwahati,Scene_3_2026-02-19,23,C:\Users\Aditya main\Desktop\Project_Sih\patches\Guwahati\Scene_3_2026-02-19\patch_0023.npy,10010,8041,512,100.0
656,Guwahati,Scene_4_2026-03-08,0,C:\Users\Aditya main\Desktop\Project_Sih\patches\Guwahati\Scene_4_2026-03-08\patch_0000.npy,0,5481,512,99.96566772460938
657,Guwahati,Scene_4_2026-03-08,1,C:\Users\Aditya main\Desktop\Project_Sih\patches\Guwahati\Scene_4_2026-03-08\patch_0001.npy,0,5993,512,99.73678588867188
658,Guwahati,Scene_4_2026-03-08,2,C:\Users\Aditya main\Desktop\Project_Sih\patches\Guwahati\Scene_4_2026-03-08\patch_0002.npy,0,6505,512,99.99542236328124
659,Guwahati,Scene_4_2026-03-08,3,C:\Users\Aditya main\Desktop\Project_Sih\patches\Guwahati\Scene_4_2026-03-08\patch_0003.npy,0,7017,512,99.89166259765624
660,Guwahati,Scene_4_2026-03-08,4,C:\Users\Aditya main\Desktop\Project_Sih\patches\Guwahati\Scene_4_2026-03-08\patch_0004.npy,0,7529,512,99.82757568359376
661,Guwahati,Scene_4_2026-03-08,5,C:\Users\Aditya main\Desktop\Project_Sih\patches\Guwahati\Scene_4_2026-03-08\patch_0005.npy,0,8041,512,100.0
662,Guwahati,Scene_4_2026-03-08,6,C:\Users\Aditya main\Desktop\Project_Sih\patches\Guwahati\Scene_4_2026-03-08\patch_0006.npy,512,5481,512,99.92141723632812
663,Guwahati,Scene_4_2026-03-08,7,C:\Users\Aditya main\Desktop\Project_Sih\patches\Guwahati\Scene_4_2026-03-08\patch_0007.npy,512,5993,512,99.9969482421875
664,Guwahati,Scene_4_2026-03-08,8,C:\Users\Aditya main\Desktop\Project_Sih\patches\Guwahati\Scene_4_2026-03-08\patch_0008.npy,512,6505,512,100.0
665,Guwahati,Scene_4_2026-03-08,9,C:\Users\Aditya main\Desktop\Project_Sih\patches\Guwahati\Scene_4_2026-03-08\patch_0009.npy,512,7017,512,100.0
666,Guwahati,Scene_4_2026-03-08,10,C:\Users\Aditya main\Desktop\Project_Sih\patches\Guwahati\Scene_4_2026-03-08\patch_0010.npy,512,7529,512,100.0
667,Guwahati,Scene_4_2026-03-08,11,C:\Users\Aditya main\Desktop\Project_Sih\patches\Guwahati\Scene_4_2026-03-08\patch_0011.npy,512,8041,512,100.0
668,Guwahati,Scene_4_2026-03-08,12,C:\Users\Aditya main\Desktop\Project_Sih\patches\Guwahati\Scene_4_2026-03-08\patch_0012.npy,1024,5481,512,100.0
669,Guwahati,Scene_4_2026-03-08,13,C:\Users\Aditya main\Desktop\Project_Sih\patches\Guwahati\Scene_4_2026-03-08\patch_0013.npy,1024,5993,512,100.0
670,Guwahati,Scene_4_2026-03-08,14,C:\Users\Aditya main\Desktop\Project_Sih\patches\Guwahati\Scene_4_2026-03-08\patch_0014.npy,1024,6505,512,100.0
671,Guwahati,Scene_4_2026-03-08,15,C:\Users\Aditya main\Desktop\Project_Sih\patches\Guwahati\Scene_4_2026-03-08\patch_0015.npy,1024,7017,512,100.0
672,Guwahati,Scene_4_2026-03-08,16,C:\Users\Aditya main\Desktop\Project_Sih\patches\Guwahati\Scene_4_2026-03-08\patch_0016.npy,1024,7529,512,100.0
673,Guwahati,Scene_4_2026-03-08,17,C:\Users\Aditya main\Desktop\Project_Sih\patches\Guwahati\Scene_4_2026-03-08\patch_0017.npy,1024,8041,512,100.0
674,Guwahati,Scene_4_2026-03-08,18,C:\Users\Aditya main\Desktop\Project_Sih\patches\Guwahati\Scene_4_2026-03-08\patch_0018.npy,1536,5481,512,100.0
675,Guwahati,Scene_4_2026-03-08,19,C:\Users\Aditya main\Desktop\Project_Sih\patches\Guwahati\Scene_4_2026-03-08\patch_0019.npy,1536,5993,512,100.0
676,Guwahati,Scene_4_2026-03-08,20,C:\Users\Aditya main\Desktop\Project_Sih\patches\Guwahati\Scene_4_2026-03-08\patch_0020.npy,1536,6505,512,100.0
677,Guwahati,Scene_4_2026-03-08,21,C:\Users\Aditya main\Desktop\Project_Sih\patches\Guwahati\Scene_4_2026-03-08\patch_0021.npy,1536,7017,512,100.0
678,Guwahati,Scene_4_2026-03-08,22,C:\Users\Aditya main\Desktop\Project_Sih\patches\Guwahati\Scene_4_2026-03-08\patch_0022.npy,1536,7529,512,100.0
679,Guwahati,Scene_4_2026-03-08,23,C:\Users\Aditya main\Desktop\Project_Sih\patches\Guwahati\Scene_4_2026-03-08\patch_0023.npy,1536,8041,512,100.0
680,Guwahati,Scene_4_2026-03-08,24,C:\Users\Aditya main\Desktop\Project_Sih\patches\Guwahati\Scene_4_2026-03-08\patch_0024.npy,2048,5481,512,100.0
681,Guwahati,Scene_4_2026-03-08,25,C:\Users\Aditya main\Desktop\Project_Sih\patches\Guwahati\Scene_4_2026-03-08\patch_0025.npy,2048,5993,512,100.0
682,Guwahati,Scene_4_2026-03-08,26,C:\Users\Aditya main\Desktop\Project_Sih\patches\Guwahati\Scene_4_2026-03-08\patch_0026.npy,2048,6505,512,100.0
683,Guwahati,Scene_4_2026-03-08,27,C:\Users\Aditya main\Desktop\Project_Sih\patches\Guwahati\Scene_4_2026-03-08\patch_0027.npy,2048,7017,512,100.0
684,Guwahati,Scene_4_2026-03-08,28,C:\Users\Aditya main\Desktop\Project_Sih\patches\Guwahati\Scene_4_2026-03-08\patch_0028.npy,2048,7529,512,100.0
685,Guwahati,Scene_4_2026-03-08,29,C:\Users\Aditya main\Desktop\Project_Sih\patches\Guwahati\Scene_4_2026-03-08\patch_0029.npy,2048,8041,512,100.0
686,Guwahati,Scene_4_2026-03-08,30,C:\Users\Aditya main\Desktop\Project_Sih\patches\Guwahati\Scene_4_2026-03-08\patch_0030.npy,2560,5481,512,100.0
687,Guwahati,Scene_4_2026-03-08,31,C:\Users\Aditya main\Desktop\Project_Sih\patches\Guwahati\Scene_4_2026-03-08\patch_0031.npy,2560,5993,512,100.0
688,Guwahati,Scene_4_2026-03-08,32,C:\Users\Aditya main\Desktop\Project_Sih\patches\Guwahati\Scene_4_2026-03-08\patch_0032.npy,2560,6505,512,100.0
689,Guwahati,Scene_4_2026-03-08,33,C:\Users\Aditya main\Desktop\Project_Sih\patches\Guwahati\Scene_4_2026-03-08\patch_0033.npy,2560,7017,512,100.0
690,Guwahati,Scene_4_2026-03-08,34,C:\Users\Aditya main\Desktop\Project_Sih\patches\Guwahati\Scene_4_2026-03-08\patch_0034.npy,2560,7529,512,100.0
691,Guwahati,Scene_4_2026-03-08,35,C:\Users\Aditya main\Desktop\Project_Sih\patches\Guwahati\Scene_4_2026-03-08\patch_0035.npy,2560,8041,512,100.0
692,Guwahati,Scene_4_2026-03-08,36,C:\Users\Aditya main\Desktop\Project_Sih\patches\Guwahati\Scene_4_2026-03-08\patch_0036.npy,3072,5481,512,100.0
693,Guwahati,Scene_4_2026-03-08,37,C:\Users\Aditya main\Desktop\Project_Sih\patches\Guwahati\Scene_4_2026-03-08\patch_0037.npy,3072,5993,512,100.0
694,Guwahati,Scene_4_2026-03-08,38,C:\Users\Aditya main\Desktop\Project_Sih\patches\Guwahati\Scene_4_2026-03-08\patch_0038.npy,3072,6505,512,100.0
695,Guwahati,Scene_4_2026-03-08,39,C:\Users\Aditya main\Desktop\Project_Sih\patches\Guwahati\Scene_4_2026-03-08\patch_0039.npy,3072,7017,512,100.0
696,Guwahati,Scene_4_2026-03-08,40,C:\Users\Aditya main\Desktop\Project_Sih\patches\Guwahati\Scene_4_2026-03-08\patch_0040.npy,3072,7529,512,100.0
697,Guwahati,Scene_4_2026-03-08,41,C:\Users\Aditya main\Desktop\Project_Sih\patches\Guwahati\Scene_4_2026-03-08\patch_0041.npy,3072,8041,512,100.0
698,Guwahati,Scene_4_2026-03-08,42,C:\Users\Aditya main\Desktop\Project_Sih\patches\Guwahati\Scene_4_2026-03-08\patch_0042.npy,3584,5481,512,100.0
699,Guwahati,Scene_4_2026-03-08,43,C:\Users\Aditya main\Desktop\Project_Sih\patches\Guwahati\Scene_4_2026-03-08\patch_0043.npy,3584,5993,512,100.0
700,Guwahati,Scene_4_2026-03-08,44,C:\Users\Aditya main\Desktop\Project_Sih\patches\Guwahati\Scene_4_2026-03-08\patch_0044.npy,3584,6505,512,100.0
701,Guwahati,Scene_4_2026-03-08,45,C:\Users\Aditya main\Desktop\Project_Sih\patches\Guwahati\Scene_4_2026-03-08\patch_0045.npy,3584,7017,512,100.0
702,Guwahati,Scene_4_2026-03-08,46,C:\Users\Aditya main\Desktop\Project_Sih\patches\Guwahati\Scene_4_2026-03-08\patch_0046.npy,3584,7529,512,100.0
703,Guwahati,Scene_4_2026-03-08,47,C:\Users\Aditya main\Desktop\Project_Sih\patches\Guwahati\Scene_4_2026-03-08\patch_0047.npy,3584,8041,512,100.0
704,Guwahati,Scene_5_2026-03-11,0,C:\Users\Aditya main\Desktop\Project_Sih\patches\Guwahati\Scene_5_2026-03-11\patch_0000.npy,0,5481,512,98.62518310546876
705,Guwahati,Scene_5_2026-03-11,1,C:\Users\Aditya main\Desktop\Project_Sih\patches\Guwahati\Scene_5_2026-03-11\patch_0001.npy,0,5993,512,90.203857421875
706,Guwahati,Scene_5_2026-03-11,2,C:\Users\Aditya main\Desktop\Project_Sih\patches\Guwahati\Scene_5_2026-03-11\patch_0002.npy,0,6505,512,99.09820556640624
707,Guwahati,Scene_5_2026-03-11,3,C:\Users\Aditya main\Desktop\Project_Sih\patches\Guwahati\Scene_5_2026-03-11\patch_0003.npy,0,7017,512,98.86322021484376
708,Guwahati,Scene_5_2026-03-11,4,C:\Users\Aditya main\Desktop\Project_Sih\patches\Guwahati\Scene_5_2026-03-11\patch_0004.npy,0,7529,512,96.246337890625
709,Guwahati,Scene_5_2026-03-11,5,C:\Users\Aditya main\Desktop\Project_Sih\patches\Guwahati\Scene_5_2026-03-11\patch_0005.npy,0,8041,512,93.3929443359375
710,Guwahati,Scene_5_2026-03-11,6,C:\Users\Aditya main\Desktop\Project_Sih\patches\Guwahati\Scene_5_2026-03-11\patch_0006.npy,512,5481,512,96.57363891601562
711,Guwahati,Scene_5_2026-03-11,7,C:\Users\Aditya main\Desktop\Project_Sih\patches\Guwahati\Scene_5_2026-03-11\patch_0007.npy,512,5993,512,96.74148559570312
712,Guwahati,Scene_5_2026-03-11,8,C:\Users\Aditya main\Desktop\Project_Sih\patches\Guwahati\Scene_5_2026-03-11\patch_0008.npy,512,6505,512,99.91073608398438
713,Guwahati,Scene_5_2026-03-11,9,C:\Users\Aditya main\Desktop\Project_Sih\patches\Guwahati\Scene_5_2026-03-11\patch_0009.npy,512,7017,512,100.0
714,Guwahati,Scene_5_2026-03-11,10,C:\Users\Aditya main\Desktop\Project_Sih\patches\Guwahati\Scene_5_2026-03-11\patch_0010.npy,512,8041,512,98.48251342773438
715,Guwahati,Scene_5_2026-03-11,11,C:\Users\Aditya main\Desktop\Project_Sih\patches\Guwahati\Scene_5_2026-03-11\patch_0011.npy,1024,5481,512,100.0
716,Guwahati,Scene_5_2026-03-11,12,C:\Users\Aditya main\Desktop\Project_Sih\patches\Guwahati\Scene_5_2026-03-11\patch_0012.npy,1024,5993,512,99.3927001953125
717,Guwahati,Scene_5_2026-03-11,13,C:\Users\Aditya main\Desktop\Project_Sih\patches\Guwahati\Scene_5_2026-03-11\patch_0013.npy,1024,6505,512,97.03598022460938
718,Guwahati,Scene_5_2026-03-11,14,C:\Users\Aditya main\Desktop\Project_Sih\patches\Guwahati\Scene_5_2026-03-11\patch_0014.npy,1536,5481,512,100.0
719,Guwahati,Scene_5_2026-03-11,15,C:\Users\Aditya main\Desktop\Project_Sih\patches\Guwahati\Scene_5_2026-03-11\patch_0015.npy,1536,5993,512,98.0377197265625
720,Guwahati,Scene_5_2026-03-11,16,C:\Users\Aditya main\Desktop\Project_Sih\patches\Guwahati\Scene_5_2026-03-11\patch_0016.npy,2048,5481,512,97.7935791015625
721,Guwahati,Scene_5_2026-03-11,17,C:\Users\Aditya main\Desktop\Project_Sih\patches\Guwahati\Scene_5_2026-03-11\patch_0017.npy,2560,7017,512,99.97406005859376
722,Guwahati,Scene_5_2026-03-11,18,C:\Users\Aditya main\Desktop\Project_Sih\patches\Guwahati\Scene_5_2026-03-11\patch_0018.npy,2560,7529,512,97.70126342773438
723,Guwahati,Scene_5_2026-03-11,19,C:\Users\Aditya main\Desktop\Project_Sih\patches\Guwahati\Scene_5_2026-03-11\patch_0019.npy,2560,8041,512,90.49301147460938
724,Guwahati,Scene_5_2026-03-11,20,C:\Users\Aditya main\Desktop\Project_Sih\patches\Guwahati\Scene_5_2026-03-11\patch_0020.npy,3072,5993,512,91.15066528320312
725,Guwahati,Scene_5_2026-03-11,21,C:\Users\Aditya main\Desktop\Project_Sih\patches\Guwahati\Scene_5_2026-03-11\patch_0021.npy,3072,7529,512,99.15313720703124
726,Guwahati,Scene_5_2026-03-11,22,C:\Users\Aditya main\Desktop\Project_Sih\patches\Guwahati\Scene_5_2026-03-11\patch_0022.npy,3072,8041,512,95.379638671875
727,Guwahati,Scene_5_2026-03-11,23,C:\Users\Aditya main\Desktop\Project_Sih\patches\Guwahati\Scene_5_2026-03-11\patch_0023.npy,3584,5481,512,93.44863891601562
728,Guwahati,Scene_5_2026-03-11,24,C:\Users\Aditya main\Desktop\Project_Sih\patches\Guwahati\Scene_5_2026-03-11\patch_0024.npy,3584,5993,512,94.40994262695312
729,Guwahati,Scene_5_2026-03-11,25,C:\Users\Aditya main\Desktop\Project_Sih\patches\Guwahati\Scene_5_2026-03-11\patch_0025.npy,3584,6505,512,99.66049194335938
730,Guwahati,Scene_5_2026-03-11,26,C:\Users\Aditya main\Desktop\Project_Sih\patches\Guwahati\Scene_5_2026-03-11\patch_0026.npy,3584,7017,512,90.5914306640625
731,Nashik,Scene_1_2025-01-28,0,C:\Users\Aditya main\Desktop\Project_Sih\patches\Nashik\Scene_1_2025-01-28\patch_0000.npy,6581,5335,512,100.0
732,Nashik,Scene_1_2025-01-28,1,C:\Users\Aditya main\Desktop\Project_Sih\patches\Nashik\Scene_1_2025-01-28\patch_0001.npy,6581,5847,512,100.0
733,Nashik,Scene_1_2025-01-28,2,C:\Users\Aditya main\Desktop\Project_Sih\patches\Nashik\Scene_1_2025-01-28\patch_0002.npy,6581,6359,512,100.0
734,Nashik,Scene_1_2025-01-28,3,C:\Users\Aditya main\Desktop\Project_Sih\patches\Nashik\Scene_1_2025-01-28\patch_0003.npy,6581,6871,512,100.0
735,Nashik,Scene_1_2025-01-28,4,C:\Users\Aditya main\Desktop\Project_Sih\patches\Nashik\Scene_1_2025-01-28\patch_0004.npy,6581,7383,512,100.0
736,Nashik,Scene_1_2025-01-28,5,C:\Users\Aditya main\Desktop\Project_Sih\patches\Nashik\Scene_1_2025-01-28\patch_0005.npy,6581,7895,512,100.0
737,Nashik,Scene_1_2025-01-28,6,C:\Users\Aditya main\Desktop\Project_Sih\patches\Nashik\Scene_1_2025-01-28\patch_0006.npy,6581,8407,512,100.0
738,Nashik,Scene_1_2025-01-28,7,C:\Users\Aditya main\Desktop\Project_Sih\patches\Nashik\Scene_1_2025-01-28\patch_0007.npy,6581,8919,512,100.0
739,Nashik,Scene_1_2025-01-28,8,C:\Users\Aditya main\Desktop\Project_Sih\patches\Nashik\Scene_1_2025-01-28\patch_0008.npy,6581,9431,512,100.0
740,Nashik,Scene_1_2025-01-28,9,C:\Users\Aditya main\Desktop\Project_Sih\patches\Nashik\Scene_1_2025-01-28\patch_0009.npy,6581,9943,512,100.0
741,Nashik,Scene_1_2025-01-28,10,C:\Users\Aditya main\Desktop\Project_Sih\patches\Nashik\Scene_1_2025-01-28\patch_0010.npy,7093,5335,512,100.0
742,Nashik,Scene_1_2025-01-28,11,C:\Users\Aditya main\Desktop\Project_Sih\patches\Nashik\Scene_1_2025-01-28\patch_0011.npy,7093,5847,512,100.0
743,Nashik,Scene_1_2025-01-28,12,C:\Users\Aditya main\Desktop\Project_Sih\patches\Nashik\Scene_1_2025-01-28\patch_0012.npy,7093,6359,512,100.0
744,Nashik,Scene_1_2025-01-28,13,C:\Users\Aditya main\Desktop\Project_Sih\patches\Nashik\Scene_1_2025-01-28\patch_0013.npy,7093,6871,512,100.0
745,Nashik,Scene_1_2025-01-28,14,C:\Users\Aditya main\Desktop\Project_Sih\patches\Nashik\Scene_1_2025-01-28\patch_0014.npy,7093,7383,512,100.0
746,Nashik,Scene_1_2025-01-28,15,C:\Users\Aditya main\Desktop\Project_Sih\patches\Nashik\Scene_1_2025-01-28\patch_0015.npy,7093,7895,512,100.0
747,Nashik,Scene_1_2025-01-28,16,C:\Users\Aditya main\Desktop\Project_Sih\patches\Nashik\Scene_1_2025-01-28\patch_0016.npy,7093,8407,512,100.0
748,Nashik,Scene_1_2025-01-28,17,C:\Users\Aditya main\Desktop\Project_Sih\patches\Nashik\Scene_1_2025-01-28\patch_0017.npy,7093,8919,512,100.0
749,Nashik,Scene_1_2025-01-28,18,C:\Users\Aditya main\Desktop\Project_Sih\patches\Nashik\Scene_1_2025-01-28\patch_0018.npy,7093,9431,512,100.0
750,Nashik,Scene_1_2025-01-28,19,C:\Users\Aditya main\Desktop\Project_Sih\patches\Nashik\Scene_1_2025-01-28\patch_0019.npy,7093,9943,512,100.0
751,Nashik,Scene_1_2025-01-28,20,C:\Users\Aditya main\Desktop\Project_Sih\patches\Nashik\Scene_1_2025-01-28\patch_0020.npy,7605,5335,512,100.0
752,Nashik,Scene_1_2025-01-28,21,C:\Users\Aditya main\Desktop\Project_Sih\patches\Nashik\Scene_1_2025-01-28\patch_0021.npy,7605,5847,512,100.0
753,Nashik,Scene_1_2025-01-28,22,C:\Users\Aditya main\Desktop\Project_Sih\patches\Nashik\Scene_1_2025-01-28\patch_0022.npy,7605,6359,512,100.0
754,Nashik,Scene_1_2025-01-28,23,C:\Users\Aditya main\Desktop\Project_Sih\patches\Nashik\Scene_1_2025-01-28\patch_0023.npy,7605,6871,512,100.0
755,Nashik,Scene_1_2025-01-28,24,C:\Users\Aditya main\Desktop\Project_Sih\patches\Nashik\Scene_1_2025-01-28\patch_0024.npy,7605,7383,512,99.67117309570312
756,Nashik,Scene_1_2025-01-28,25,C:\Users\Aditya main\Desktop\Project_Sih\patches\Nashik\Scene_1_2025-01-28\patch_0025.npy,7605,8919,512,100.0
757,Nashik,Scene_1_2025-01-28,26,C:\Users\Aditya main\Desktop\Project_Sih\patches\Nashik\Scene_1_2025-01-28\patch_0026.npy,7605,9431,512,100.0
758,Nashik,Scene_1_2025-01-28,27,C:\Users\Aditya main\Desktop\Project_Sih\patches\Nashik\Scene_1_2025-01-28\patch_0027.npy,7605,9943,512,100.0
759,Nashik,Scene_1_2025-01-28,28,C:\Users\Aditya main\Desktop\Project_Sih\patches\Nashik\Scene_1_2025-01-28\patch_0028.npy,8117,5335,512,100.0
760,Nashik,Scene_1_2025-01-28,29,C:\Users\Aditya main\Desktop\Project_Sih\patches\Nashik\Scene_1_2025-01-28\patch_0029.npy,8117,5847,512,94.23065185546876
761,Nashik,Scene_1_2025-01-28,30,C:\Users\Aditya main\Desktop\Project_Sih\patches\Nashik\Scene_1_2025-01-28\patch_0030.npy,8117,6359,512,99.94659423828124
762,Nashik,Scene_1_2025-01-28,31,C:\Users\Aditya main\Desktop\Project_Sih\patches\Nashik\Scene_1_2025-01-28\patch_0031.npy,8117,8407,512,99.8931884765625
763,Nashik,Scene_1_2025-01-28,32,C:\Users\Aditya main\Desktop\Project_Sih\patches\Nashik\Scene_1_2025-01-28\patch_0032.npy,8117,8919,512,99.8382568359375
764,Nashik,Scene_1_2025-01-28,33,C:\Users\Aditya main\Desktop\Project_Sih\patches\Nashik\Scene_1_2025-01-28\patch_0033.npy,8117,9431,512,100.0
765,Nashik,Scene_1_2025-01-28,34,C:\Users\Aditya main\Desktop\Project_Sih\patches\Nashik\Scene_1_2025-01-28\patch_0034.npy,8117,9943,512,100.0
766,Nashik,Scene_1_2025-01-28,35,C:\Users\Aditya main\Desktop\Project_Sih\patches\Nashik\Scene_1_2025-01-28\patch_0035.npy,8629,5335,512,94.65560913085938
767,Nashik,Scene_1_2025-01-28,36,C:\Users\Aditya main\Desktop\Project_Sih\patches\Nashik\Scene_1_2025-01-28\patch_0036.npy,8629,6359,512,96.85592651367188
768,Nashik,Scene_1_2025-01-28,37,C:\Users\Aditya main\Desktop\Project_Sih\patches\Nashik\Scene_1_2025-01-28\patch_0037.npy,8629,6871,512,90.75050354003906
769,Nashik,Scene_1_2025-01-28,38,C:\Users\Aditya main\Desktop\Project_Sih\patches\Nashik\Scene_1_2025-01-28\patch_0038.npy,8629,7895,512,99.25079345703124
770,Nashik,Scene_1_2025-01-28,39,C:\Users\Aditya main\Desktop\Project_Sih\patches\Nashik\Scene_1_2025-01-28\patch_0039.npy,8629,8407,512,98.45046997070312
771,Nashik,Scene_1_2025-01-28,40,C:\Users\Aditya main\Desktop\Project_Sih\patches\Nashik\Scene_1_2025-01-28\patch_0040.npy,8629,8919,512,96.73538208007812
772,Nashik,Scene_1_2025-01-28,41,C:\Users\Aditya main\Desktop\Project_Sih\patches\Nashik\Scene_1_2025-01-28\patch_0041.npy,8629,9431,512,99.96490478515624
773,Nashik,Scene_1_2025-01-28,42,C:\Users\Aditya main\Desktop\Project_Sih\patches\Nashik\Scene_1_2025-01-28\patch_0042.npy,8629,9943,512,100.0
774,Nashik,Scene_1_2025-01-28,43,C:\Users\Aditya main\Desktop\Project_Sih\patches\Nashik\Scene_1_2025-01-28\patch_0043.npy,9141,5335,512,100.0
775,Nashik,Scene_1_2025-01-28,44,C:\Users\Aditya main\Desktop\Project_Sih\patches\Nashik\Scene_1_2025-01-28\patch_0044.npy,9141,5847,512,98.18954467773438
776,Nashik,Scene_1_2025-01-28,45,C:\Users\Aditya main\Desktop\Project_Sih\patches\Nashik\Scene_1_2025-01-28\patch_0045.npy,9141,6359,512,99.95880126953124
777,Nashik,Scene_1_2025-01-28,46,C:\Users\Aditya main\Desktop\Project_Sih\patches\Nashik\Scene_1_2025-01-28\patch_0046.npy,9141,6871,512,100.0
778,Nashik,Scene_1_2025-01-28,47,C:\Users\Aditya main\Desktop\Project_Sih\patches\Nashik\Scene_1_2025-01-28\patch_0047.npy,9141,7383,512,100.0
779,Nashik,Scene_1_2025-01-28,48,C:\Users\Aditya main\Desktop\Project_Sih\patches\Nashik\Scene_1_2025-01-28\patch_0048.npy,9141,7895,512,96.93565368652344
780,Nashik,Scene_1_2025-01-28,49,C:\Users\Aditya main\Desktop\Project_Sih\patches\Nashik\Scene_1_2025-01-28\patch_0049.npy,9141,8407,512,94.99473571777344
781,Nashik,Scene_1_2025-01-28,50,C:\Users\Aditya main\Desktop\Project_Sih\patches\Nashik\Scene_1_2025-01-28\patch_0050.npy,9141,8919,512,99.93133544921876
782,Nashik,Scene_1_2025-01-28,51,C:\Users\Aditya main\Desktop\Project_Sih\patches\Nashik\Scene_1_2025-01-28\patch_0051.npy,9141,9431,512,100.0
783,Nashik,Scene_1_2025-01-28,52,C:\Users\Aditya main\Desktop\Project_Sih\patches\Nashik\Scene_1_2025-01-28\patch_0052.npy,9141,9943,512,100.0
784,Nashik,Scene_1_2025-01-28,53,C:\Users\Aditya main\Desktop\Project_Sih\patches\Nashik\Scene_1_2025-01-28\patch_0053.npy,9653,5335,512,99.97711181640624
785,Nashik,Scene_1_2025-01-28,54,C:\Users\Aditya main\Desktop\Project_Sih\patches\Nashik\Scene_1_2025-01-28\patch_0054.npy,9653,6359,512,92.54798889160156
786,Nashik,Scene_1_2025-01-28,55,C:\Users\Aditya main\Desktop\Project_Sih\patches\Nashik\Scene_1_2025-01-28\patch_0055.npy,9653,6871,512,99.0081787109375
787,Nashik,Scene_1_2025-01-28,56,C:\Users\Aditya main\Desktop\Project_Sih\patches\Nashik\Scene_1_2025-01-28\patch_0056.npy,9653,8407,512,95.87478637695312
788,Nashik,Scene_1_2025-01-28,57,C:\Users\Aditya main\Desktop\Project_Sih\patches\Nashik\Scene_1_2025-01-28\patch_0057.npy,9653,8919,512,100.0
789,Nashik,Scene_1_2025-01-28,58,C:\Users\Aditya main\Desktop\Project_Sih\patches\Nashik\Scene_1_2025-01-28\patch_0058.npy,9653,9431,512,100.0
790,Nashik,Scene_1_2025-01-28,59,C:\Users\Aditya main\Desktop\Project_Sih\patches\Nashik\Scene_1_2025-01-28\patch_0059.npy,9653,9943,512,100.0
791,Nashik,Scene_1_2025-01-28,60,C:\Users\Aditya main\Desktop\Project_Sih\patches\Nashik\Scene_1_2025-01-28\patch_0060.npy,10165,5335,512,100.0
792,Nashik,Scene_1_2025-01-28,61,C:\Users\Aditya main\Desktop\Project_Sih\patches\Nashik\Scene_1_2025-01-28\patch_0061.npy,10165,6359,512,98.44894409179688
793,Nashik,Scene_1_2025-01-28,62,C:\Users\Aditya main\Desktop\Project_Sih\patches\Nashik\Scene_1_2025-01-28\patch_0062.npy,10165,6871,512,100.0
794,Nashik,Scene_1_2025-01-28,63,C:\Users\Aditya main\Desktop\Project_Sih\patches\Nashik\Scene_1_2025-01-28\patch_0063.npy,10165,7383,512,95.37239074707033
795,Nashik,Scene_1_2025-01-28,64,C:\Users\Aditya main\Desktop\Project_Sih\patches\Nashik\Scene_1_2025-01-28\patch_0064.npy,10165,9943,512,99.3804931640625
796,Nashik,Scene_2_2025-02-27,0,C:\Users\Aditya main\Desktop\Project_Sih\patches\Nashik\Scene_2_2025-02-27\patch_0000.npy,6581,5335,512,99.9969482421875
797,Nashik,Scene_2_2025-02-27,1,C:\Users\Aditya main\Desktop\Project_Sih\patches\Nashik\Scene_2_2025-02-27\patch_0001.npy,6581,5847,512,99.93438720703124
798,Nashik,Scene_2_2025-02-27,2,C:\Users\Aditya main\Desktop\Project_Sih\patches\Nashik\Scene_2_2025-02-27\patch_0002.npy,6581,6359,512,100.0
799,Nashik,Scene_2_2025-02-27,3,C:\Users\Aditya main\Desktop\Project_Sih\patches\Nashik\Scene_2_2025-02-27\patch_0003.npy,6581,6871,512,93.5260772705078
800,Nashik,Scene_2_2025-02-27,4,C:\Users\Aditya main\Desktop\Project_Sih\patches\Nashik\Scene_2_2025-02-27\patch_0004.npy,7093,5335,512,100.0
801,Nashik,Scene_2_2025-02-27,5,C:\Users\Aditya main\Desktop\Project_Sih\patches\Nashik\Scene_2_2025-02-27\patch_0005.npy,7093,5847,512,100.0
802,Nashik,Scene_2_2025-02-27,6,C:\Users\Aditya main\Desktop\Project_Sih\patches\Nashik\Scene_2_2025-02-27\patch_0006.npy,7093,6359,512,99.77569580078124
803,Nashik,Scene_2_2025-02-27,7,C:\Users\Aditya main\Desktop\Project_Sih\patches\Nashik\Scene_2_2025-02-27\patch_0007.npy,7093,6871,512,98.41423034667967
804,Nashik,Scene_2_2025-02-27,8,C:\Users\Aditya main\Desktop\Project_Sih\patches\Nashik\Scene_2_2025-02-27\patch_0008.npy,7605,5335,512,100.0
805,Nashik,Scene_2_2025-02-27,9,C:\Users\Aditya main\Desktop\Project_Sih\patches\Nashik\Scene_2_2025-02-27\patch_0009.npy,7605,5847,512,100.0
806,Nashik,Scene_2_2025-02-27,10,C:\Users\Aditya main\Desktop\Project_Sih\patches\Nashik\Scene_2_2025-02-27\patch_0010.npy,7605,6359,512,100.0
807,Nashik,Scene_2_2025-02-27,11,C:\Users\Aditya main\Desktop\Project_Sih\patches\Nashik\Scene_2_2025-02-27\patch_0011.npy,8117,5335,512,99.61929321289062
808,Nashik,Scene_2_2025-02-27,12,C:\Users\Aditya main\Desktop\Project_Sih\patches\Nashik\Scene_2_2025-02-27\patch_0012.npy,8117,5847,512,99.83444213867188
809,Nashik,Scene_2_2025-02-27,13,C:\Users\Aditya main\Desktop\Project_Sih\patches\Nashik\Scene_2_2025-02-27\patch_0013.npy,8117,6359,512,99.9725341796875
810,Nashik,Scene_2_2025-02-27,14,C:\Users\Aditya main\Desktop\Project_Sih\patches\Nashik\Scene_2_2025-02-27\patch_0014.npy,8117,6871,512,97.24273681640624
811,Nashik,Scene_2_2025-02-27,15,C:\Users\Aditya main\Desktop\Project_Sih\patches\Nashik\Scene_2_2025-02-27\patch_0015.npy,8117,7383,512,91.8071746826172
812,Nashik,Scene_2_2025-02-27,16,C:\Users\Aditya main\Desktop\Project_Sih\patches\Nashik\Scene_2_2025-02-27\patch_0016.npy,8629,5335,512,98.31695556640624
813,Nashik,Scene_2_2025-02-27,17,C:\Users\Aditya main\Desktop\Project_Sih\patches\Nashik\Scene_2_2025-02-27\patch_0017.npy,8629,5847,512,100.0
814,Nashik,Scene_2_2025-02-27,18,C:\Users\Aditya main\Desktop\Project_Sih\patches\Nashik\Scene_2_2025-02-27\patch_0018.npy,8629,6359,512,100.0
815,Nashik,Scene_2_2025-02-27,19,C:\Users\Aditya main\Desktop\Project_Sih\patches\Nashik\Scene_2_2025-02-27\patch_0019.npy,8629,6871,512,98.64349365234376
816,Nashik,Scene_2_2025-02-27,20,C:\Users\Aditya main\Desktop\Project_Sih\patches\Nashik\Scene_2_2025-02-27\patch_0020.npy,8629,9943,512,99.92523193359376
817,Nashik,Scene_2_2025-02-27,21,C:\Users\Aditya main\Desktop\Project_Sih\patches\Nashik\Scene_2_2025-02-27\patch_0021.npy,9141,5335,512,100.0
818,Nashik,Scene_2_2025-02-27,22,C:\Users\Aditya main\Desktop\Project_Sih\patches\Nashik\Scene_2_2025-02-27\patch_0022.npy,9141,5847,512,99.99847412109376
819,Nashik,Scene_2_2025-02-27,23,C:\Users\Aditya main\Desktop\Project_Sih\patches\Nashik\Scene_2_2025-02-27\patch_0023.npy,9141,6359,512,100.0
820,Nashik,Scene_2_2025-02-27,24,C:\Users\Aditya main\Desktop\Project_Sih\patches\Nashik\Scene_2_2025-02-27\patch_0024.npy,9141,6871,512,100.0
821,Nashik,Scene_2_2025-02-27,25,C:\Users\Aditya main\Desktop\Project_Sih\patches\Nashik\Scene_2_2025-02-27\patch_0025.npy,9141,7383,512,95.44601440429688
822,Nashik,Scene_2_2025-02-27,26,C:\Users\Aditya main\Desktop\Project_Sih\patches\Nashik\Scene_2_2025-02-27\patch_0026.npy,9141,9431,512,92.938232421875
823,Nashik,Scene_2_2025-02-27,27,C:\Users\Aditya main\Desktop\Project_Sih\patches\Nashik\Scene_2_2025-02-27\patch_0027.npy,9141,9943,512,100.0
824,Nashik,Scene_2_2025-02-27,28,C:\Users\Aditya main\Desktop\Project_Sih\patches\Nashik\Scene_2_2025-02-27\patch_0028.npy,9653,5335,512,100.0
825,Nashik,Scene_2_2025-02-27,29,C:\Users\Aditya main\Desktop\Project_Sih\patches\Nashik\Scene_2_2025-02-27\patch_0029.npy,9653,5847,512,100.0
826,Nashik,Scene_2_2025-02-27,30,C:\Users\Aditya main\Desktop\Project_Sih\patches\Nashik\Scene_2_2025-02-27\patch_0030.npy,9653,6359,512,100.0
827,Nashik,Scene_2_2025-02-27,31,C:\Users\Aditya main\Desktop\Project_Sih\patches\Nashik\Scene_2_2025-02-27\patch_0031.npy,9653,6871,512,100.0
828,Nashik,Scene_2_2025-02-27,32,C:\Users\Aditya main\Desktop\Project_Sih\patches\Nashik\Scene_2_2025-02-27\patch_0032.npy,9653,7383,512,99.981689453125
829,Nashik,Scene_2_2025-02-27,33,C:\Users\Aditya main\Desktop\Project_Sih\patches\Nashik\Scene_2_2025-02-27\patch_0033.npy,9653,8919,512,97.04360961914062
830,Nashik,Scene_2_2025-02-27,34,C:\Users\Aditya main\Desktop\Project_Sih\patches\Nashik\Scene_2_2025-02-27\patch_0034.npy,9653,9431,512,99.85733032226562
831,Nashik,Scene_2_2025-02-27,35,C:\Users\Aditya main\Desktop\Project_Sih\patches\Nashik\Scene_2_2025-02-27\patch_0035.npy,9653,9943,512,100.0
832,Nashik,Scene_2_2025-02-27,36,C:\Users\Aditya main\Desktop\Project_Sih\patches\Nashik\Scene_2_2025-02-27\patch_0036.npy,10165,5335,512,100.0
833,Nashik,Scene_2_2025-02-27,37,C:\Users\Aditya main\Desktop\Project_Sih\patches\Nashik\Scene_2_2025-02-27\patch_0037.npy,10165,5847,512,100.0
834,Nashik,Scene_2_2025-02-27,38,C:\Users\Aditya main\Desktop\Project_Sih\patches\Nashik\Scene_2_2025-02-27\patch_0038.npy,10165,6359,512,100.0
835,Nashik,Scene_2_2025-02-27,39,C:\Users\Aditya main\Desktop\Project_Sih\patches\Nashik\Scene_2_2025-02-27\patch_0039.npy,10165,6871,512,100.0
836,Nashik,Scene_2_2025-02-27,40,C:\Users\Aditya main\Desktop\Project_Sih\patches\Nashik\Scene_2_2025-02-27\patch_0040.npy,10165,7383,512,100.0
837,Nashik,Scene_2_2025-02-27,41,C:\Users\Aditya main\Desktop\Project_Sih\patches\Nashik\Scene_2_2025-02-27\patch_0041.npy,10165,7895,512,99.4384765625
838,Nashik,Scene_2_2025-02-27,42,C:\Users\Aditya main\Desktop\Project_Sih\patches\Nashik\Scene_2_2025-02-27\patch_0042.npy,10165,8407,512,99.32861328125
839,Nashik,Scene_2_2025-02-27,43,C:\Users\Aditya main\Desktop\Project_Sih\patches\Nashik\Scene_2_2025-02-27\patch_0043.npy,10165,8919,512,98.12774658203124
840,Nashik,Scene_2_2025-02-27,44,C:\Users\Aditya main\Desktop\Project_Sih\patches\Nashik\Scene_2_2025-02-27\patch_0044.npy,10165,9431,512,100.0
841,Nashik,Scene_2_2025-02-27,45,C:\Users\Aditya main\Desktop\Project_Sih\patches\Nashik\Scene_2_2025-02-27\patch_0045.npy,10165,9943,512,95.03326416015624
842,Nashik,Scene_3_2025-04-28,0,C:\Users\Aditya main\Desktop\Project_Sih\patches\Nashik\Scene_3_2025-04-28\patch_0000.npy,6581,5335,512,100.0
843,Nashik,Scene_3_2025-04-28,1,C:\Users\Aditya main\Desktop\Project_Sih\patches\Nashik\Scene_3_2025-04-28\patch_0001.npy,6581,5847,512,100.0
844,Nashik,Scene_3_2025-04-28,2,C:\Users\Aditya main\Desktop\Project_Sih\patches\Nashik\Scene_3_2025-04-28\patch_0002.npy,6581,6359,512,100.0
845,Nashik,Scene_3_2025-04-28,3,C:\Users\Aditya main\Desktop\Project_Sih\patches\Nashik\Scene_3_2025-04-28\patch_0003.npy,6581,6871,512,100.0
846,Nashik,Scene_3_2025-04-28,4,C:\Users\Aditya main\Desktop\Project_Sih\patches\Nashik\Scene_3_2025-04-28\patch_0004.npy,6581,7383,512,100.0
847,Nashik,Scene_3_2025-04-28,5,C:\Users\Aditya main\Desktop\Project_Sih\patches\Nashik\Scene_3_2025-04-28\patch_0005.npy,6581,7895,512,100.0
848,Nashik,Scene_3_2025-04-28,6,C:\Users\Aditya main\Desktop\Project_Sih\patches\Nashik\Scene_3_2025-04-28\patch_0006.npy,6581,8407,512,100.0
849,Nashik,Scene_3_2025-04-28,7,C:\Users\Aditya main\Desktop\Project_Sih\patches\Nashik\Scene_3_2025-04-28\patch_0007.npy,6581,8919,512,100.0
850,Nashik,Scene_3_2025-04-28,8,C:\Users\Aditya main\Desktop\Project_Sih\patches\Nashik\Scene_3_2025-04-28\patch_0008.npy,6581,9431,512,100.0
851,Nashik,Scene_3_2025-04-28,9,C:\Users\Aditya main\Desktop\Project_Sih\patches\Nashik\Scene_3_2025-04-28\patch_0009.npy,6581,9943,512,100.0
852,Nashik,Scene_3_2025-04-28,10,C:\Users\Aditya main\Desktop\Project_Sih\patches\Nashik\Scene_3_2025-04-28\patch_0010.npy,7093,5335,512,100.0
853,Nashik,Scene_3_2025-04-28,11,C:\Users\Aditya main\Desktop\Project_Sih\patches\Nashik\Scene_3_2025-04-28\patch_0011.npy,7093,5847,512,100.0
854,Nashik,Scene_3_2025-04-28,12,C:\Users\Aditya main\Desktop\Project_Sih\patches\Nashik\Scene_3_2025-04-28\patch_0012.npy,7093,6359,512,100.0
855,Nashik,Scene_3_2025-04-28,13,C:\Users\Aditya main\Desktop\Project_Sih\patches\Nashik\Scene_3_2025-04-28\patch_0013.npy,7093,6871,512,100.0
856,Nashik,Scene_3_2025-04-28,14,C:\Users\Aditya main\Desktop\Project_Sih\patches\Nashik\Scene_3_2025-04-28\patch_0014.npy,7093,7383,512,100.0
857,Nashik,Scene_3_2025-04-28,15,C:\Users\Aditya main\Desktop\Project_Sih\patches\Nashik\Scene_3_2025-04-28\patch_0015.npy,7093,7895,512,100.0
858,Nashik,Scene_3_2025-04-28,16,C:\Users\Aditya main\Desktop\Project_Sih\patches\Nashik\Scene_3_2025-04-28\patch_0016.npy,7093,8407,512,100.0
859,Nashik,Scene_3_2025-04-28,17,C:\Users\Aditya main\Desktop\Project_Sih\patches\Nashik\Scene_3_2025-04-28\patch_0017.npy,7093,8919,512,100.0
860,Nashik,Scene_3_2025-04-28,18,C:\Users\Aditya main\Desktop\Project_Sih\patches\Nashik\Scene_3_2025-04-28\patch_0018.npy,7093,9431,512,100.0
861,Nashik,Scene_3_2025-04-28,19,C:\Users\Aditya main\Desktop\Project_Sih\patches\Nashik\Scene_3_2025-04-28\patch_0019.npy,7093,9943,512,100.0
862,Nashik,Scene_3_2025-04-28,20,C:\Users\Aditya main\Desktop\Project_Sih\patches\Nashik\Scene_3_2025-04-28\patch_0020.npy,7605,5335,512,100.0
863,Nashik,Scene_3_2025-04-28,21,C:\Users\Aditya main\Desktop\Project_Sih\patches\Nashik\Scene_3_2025-04-28\patch_0021.npy,7605,5847,512,100.0
864,Nashik,Scene_3_2025-04-28,22,C:\Users\Aditya main\Desktop\Project_Sih\patches\Nashik\Scene_3_2025-04-28\patch_0022.npy,7605,6359,512,100.0
865,Nashik,Scene_3_2025-04-28,23,C:\Users\Aditya main\Desktop\Project_Sih\patches\Nashik\Scene_3_2025-04-28\patch_0023.npy,7605,6871,512,100.0
866,Nashik,Scene_3_2025-04-28,24,C:\Users\Aditya main\Desktop\Project_Sih\patches\Nashik\Scene_3_2025-04-28\patch_0024.npy,7605,7383,512,100.0
867,Nashik,Scene_3_2025-04-28,25,C:\Users\Aditya main\Desktop\Project_Sih\patches\Nashik\Scene_3_2025-04-28\patch_0025.npy,7605,7895,512,100.0
868,Nashik,Scene_3_2025-04-28,26,C:\Users\Aditya main\Desktop\Project_Sih\patches\Nashik\Scene_3_2025-04-28\patch_0026.npy,7605,8407,512,100.0
869,Nashik,Scene_3_2025-04-28,27,C:\Users\Aditya main\Desktop\Project_Sih\patches\Nashik\Scene_3_2025-04-28\patch_0027.npy,7605,8919,512,100.0
870,Nashik,Scene_3_2025-04-28,28,C:\Users\Aditya main\Desktop\Project_Sih\patches\Nashik\Scene_3_2025-04-28\patch_0028.npy,7605,9431,512,100.0
871,Nashik,Scene_3_2025-04-28,29,C:\Users\Aditya main\Desktop\Project_Sih\patches\Nashik\Scene_3_2025-04-28\patch_0029.npy,7605,9943,512,99.98779296875
872,Nashik,Scene_3_2025-04-28,30,C:\Users\Aditya main\Desktop\Project_Sih\patches\Nashik\Scene_3_2025-04-28\patch_0030.npy,8117,5335,512,100.0
873,Nashik,Scene_3_2025-04-28,31,C:\Users\Aditya main\Desktop\Project_Sih\patches\Nashik\Scene_3_2025-04-28\patch_0031.npy,8117,5847,512,100.0
874,Nashik,Scene_3_2025-04-28,32,C:\Users\Aditya main\Desktop\Project_Sih\patches\Nashik\Scene_3_2025-04-28\patch_0032.npy,8117,6359,512,100.0
875,Nashik,Scene_3_2025-04-28,33,C:\Users\Aditya main\Desktop\Project_Sih\patches\Nashik\Scene_3_2025-04-28\patch_0033.npy,8117,6871,512,100.0
876,Nashik,Scene_3_2025-04-28,34,C:\Users\Aditya main\Desktop\Project_Sih\patches\Nashik\Scene_3_2025-04-28\patch_0034.npy,8117,7383,512,100.0
877,Nashik,Scene_3_2025-04-28,35,C:\Users\Aditya main\Desktop\Project_Sih\patches\Nashik\Scene_3_2025-04-28\patch_0035.npy,8117,7895,512,100.0
878,Nashik,Scene_3_2025-04-28,36,C:\Users\Aditya main\Desktop\Project_Sih\patches\Nashik\Scene_3_2025-04-28\patch_0036.npy,8117,8407,512,100.0
879,Nashik,Scene_3_2025-04-28,37,C:\Users\Aditya main\Desktop\Project_Sih\patches\Nashik\Scene_3_2025-04-28\patch_0037.npy,8117,8919,512,100.0
880,Nashik,Scene_3_2025-04-28,38,C:\Users\Aditya main\Desktop\Project_Sih\patches\Nashik\Scene_3_2025-04-28\patch_0038.npy,8117,9431,512,100.0
881,Nashik,Scene_3_2025-04-28,39,C:\Users\Aditya main\Desktop\Project_Sih\patches\Nashik\Scene_3_2025-04-28\patch_0039.npy,8117,9943,512,100.0
882,Nashik,Scene_3_2025-04-28,40,C:\Users\Aditya main\Desktop\Project_Sih\patches\Nashik\Scene_3_2025-04-28\patch_0040.npy,8629,5335,512,100.0
883,Nashik,Scene_3_2025-04-28,41,C:\Users\Aditya main\Desktop\Project_Sih\patches\Nashik\Scene_3_2025-04-28\patch_0041.npy,8629,5847,512,100.0
884,Nashik,Scene_3_2025-04-28,42,C:\Users\Aditya main\Desktop\Project_Sih\patches\Nashik\Scene_3_2025-04-28\patch_0042.npy,8629,6359,512,100.0
885,Nashik,Scene_3_2025-04-28,43,C:\Users\Aditya main\Desktop\Project_Sih\patches\Nashik\Scene_3_2025-04-28\patch_0043.npy,8629,6871,512,100.0
886,Nashik,Scene_3_2025-04-28,44,C:\Users\Aditya main\Desktop\Project_Sih\patches\Nashik\Scene_3_2025-04-28\patch_0044.npy,8629,7383,512,100.0
887,Nashik,Scene_3_2025-04-28,45,C:\Users\Aditya main\Desktop\Project_Sih\patches\Nashik\Scene_3_2025-04-28\patch_0045.npy,8629,7895,512,99.59716796875
888,Nashik,Scene_3_2025-04-28,46,C:\Users\Aditya main\Desktop\Project_Sih\patches\Nashik\Scene_3_2025-04-28\patch_0046.npy,8629,8407,512,99.24163818359376
889,Nashik,Scene_3_2025-04-28,47,C:\Users\Aditya main\Desktop\Project_Sih\patches\Nashik\Scene_3_2025-04-28\patch_0047.npy,8629,8919,512,100.0
890,Nashik,Scene_3_2025-04-28,48,C:\Users\Aditya main\Desktop\Project_Sih\patches\Nashik\Scene_3_2025-04-28\patch_0048.npy,8629,9431,512,100.0
891,Nashik,Scene_3_2025-04-28,49,C:\Users\Aditya main\Desktop\Project_Sih\patches\Nashik\Scene_3_2025-04-28\patch_0049.npy,8629,9943,512,100.0
892,Nashik,Scene_3_2025-04-28,50,C:\Users\Aditya main\Desktop\Project_Sih\patches\Nashik\Scene_3_2025-04-28\patch_0050.npy,9141,5335,512,100.0
893,Nashik,Scene_3_2025-04-28,51,C:\Users\Aditya main\Desktop\Project_Sih\patches\Nashik\Scene_3_2025-04-28\patch_0051.npy,9141,5847,512,100.0
894,Nashik,Scene_3_2025-04-28,52,C:\Users\Aditya main\Desktop\Project_Sih\patches\Nashik\Scene_3_2025-04-28\patch_0052.npy,9141,6359,512,100.0
895,Nashik,Scene_3_2025-04-28,53,C:\Users\Aditya main\Desktop\Project_Sih\patches\Nashik\Scene_3_2025-04-28\patch_0053.npy,9141,6871,512,100.0
896,Nashik,Scene_3_2025-04-28,54,C:\Users\Aditya main\Desktop\Project_Sih\patches\Nashik\Scene_3_2025-04-28\patch_0054.npy,9141,7383,512,100.0
897,Nashik,Scene_3_2025-04-28,55,C:\Users\Aditya main\Desktop\Project_Sih\patches\Nashik\Scene_3_2025-04-28\patch_0055.npy,9141,7895,512,100.0
898,Nashik,Scene_3_2025-04-28,56,C:\Users\Aditya main\Desktop\Project_Sih\patches\Nashik\Scene_3_2025-04-28\patch_0056.npy,9141,8407,512,100.0
899,Nashik,Scene_3_2025-04-28,57,C:\Users\Aditya main\Desktop\Project_Sih\patches\Nashik\Scene_3_2025-04-28\patch_0057.npy,9141,8919,512,100.0
900,Nashik,Scene_3_2025-04-28,58,C:\Users\Aditya main\Desktop\Project_Sih\patches\Nashik\Scene_3_2025-04-28\patch_0058.npy,9141,9431,512,100.0
901,Nashik,Scene_3_2025-04-28,59,C:\Users\Aditya main\Desktop\Project_Sih\patches\Nashik\Scene_3_2025-04-28\patch_0059.npy,9141,9943,512,100.0
902,Nashik,Scene_3_2025-04-28,60,C:\Users\Aditya main\Desktop\Project_Sih\patches\Nashik\Scene_3_2025-04-28\patch_0060.npy,9653,5335,512,100.0
903,Nashik,Scene_3_2025-04-28,61,C:\Users\Aditya main\Desktop\Project_Sih\patches\Nashik\Scene_3_2025-04-28\patch_0061.npy,9653,5847,512,100.0
904,Nashik,Scene_3_2025-04-28,62,C:\Users\Aditya main\Desktop\Project_Sih\patches\Nashik\Scene_3_2025-04-28\patch_0062.npy,9653,6359,512,100.0
905,Nashik,Scene_3_2025-04-28,63,C:\Users\Aditya main\Desktop\Project_Sih\patches\Nashik\Scene_3_2025-04-28\patch_0063.npy,9653,6871,512,100.0
906,Nashik,Scene_3_2025-04-28,64,C:\Users\Aditya main\Desktop\Project_Sih\patches\Nashik\Scene_3_2025-04-28\patch_0064.npy,9653,7383,512,100.0
907,Nashik,Scene_3_2025-04-28,65,C:\Users\Aditya main\Desktop\Project_Sih\patches\Nashik\Scene_3_2025-04-28\patch_0065.npy,9653,7895,512,100.0
908,Nashik,Scene_3_2025-04-28,66,C:\Users\Aditya main\Desktop\Project_Sih\patches\Nashik\Scene_3_2025-04-28\patch_0066.npy,9653,8407,512,100.0
909,Nashik,Scene_3_2025-04-28,67,C:\Users\Aditya main\Desktop\Project_Sih\patches\Nashik\Scene_3_2025-04-28\patch_0067.npy,9653,8919,512,99.981689453125
910,Nashik,Scene_3_2025-04-28,68,C:\Users\Aditya main\Desktop\Project_Sih\patches\Nashik\Scene_3_2025-04-28\patch_0068.npy,9653,9431,512,100.0
911,Nashik,Scene_3_2025-04-28,69,C:\Users\Aditya main\Desktop\Project_Sih\patches\Nashik\Scene_3_2025-04-28\patch_0069.npy,9653,9943,512,100.0
912,Nashik,Scene_3_2025-04-28,70,C:\Users\Aditya main\Desktop\Project_Sih\patches\Nashik\Scene_3_2025-04-28\patch_0070.npy,10165,5335,512,100.0
913,Nashik,Scene_3_2025-04-28,71,C:\Users\Aditya main\Desktop\Project_Sih\patches\Nashik\Scene_3_2025-04-28\patch_0071.npy,10165,5847,512,100.0
914,Nashik,Scene_3_2025-04-28,72,C:\Users\Aditya main\Desktop\Project_Sih\patches\Nashik\Scene_3_2025-04-28\patch_0072.npy,10165,6359,512,100.0
915,Nashik,Scene_3_2025-04-28,73,C:\Users\Aditya main\Desktop\Project_Sih\patches\Nashik\Scene_3_2025-04-28\patch_0073.npy,10165,6871,512,100.0
916,Nashik,Scene_3_2025-04-28,74,C:\Users\Aditya main\Desktop\Project_Sih\patches\Nashik\Scene_3_2025-04-28\patch_0074.npy,10165,7383,512,100.0
917,Nashik,Scene_3_2025-04-28,75,C:\Users\Aditya main\Desktop\Project_Sih\patches\Nashik\Scene_3_2025-04-28\patch_0075.npy,10165,7895,512,100.0
918,Nashik,Scene_3_2025-04-28,76,C:\Users\Aditya main\Desktop\Project_Sih\patches\Nashik\Scene_3_2025-04-28\patch_0076.npy,10165,8407,512,100.0
919,Nashik,Scene_3_2025-04-28,77,C:\Users\Aditya main\Desktop\Project_Sih\patches\Nashik\Scene_3_2025-04-28\patch_0077.npy,10165,8919,512,100.0
920,Nashik,Scene_3_2025-04-28,78,C:\Users\Aditya main\Desktop\Project_Sih\patches\Nashik\Scene_3_2025-04-28\patch_0078.npy,10165,9431,512,100.0
921,Nashik,Scene_3_2025-04-28,79,C:\Users\Aditya main\Desktop\Project_Sih\patches\Nashik\Scene_3_2025-04-28\patch_0079.npy,10165,9943,512,100.0
922,Nashik,Scene_4_2025-03-29,0,C:\Users\Aditya main\Desktop\Project_Sih\patches\Nashik\Scene_4_2025-03-29\patch_0000.npy,6581,5335,512,100.0
923,Nashik,Scene_4_2025-03-29,1,C:\Users\Aditya main\Desktop\Project_Sih\patches\Nashik\Scene_4_2025-03-29\patch_0001.npy,6581,5847,512,100.0
924,Nashik,Scene_4_2025-03-29,2,C:\Users\Aditya main\Desktop\Project_Sih\patches\Nashik\Scene_4_2025-03-29\patch_0002.npy,6581,6359,512,100.0
925,Nashik,Scene_4_2025-03-29,3,C:\Users\Aditya main\Desktop\Project_Sih\patches\Nashik\Scene_4_2025-03-29\patch_0003.npy,6581,6871,512,100.0
926,Nashik,Scene_4_2025-03-29,4,C:\Users\Aditya main\Desktop\Project_Sih\patches\Nashik\Scene_4_2025-03-29\patch_0004.npy,6581,7383,512,100.0
927,Nashik,Scene_4_2025-03-29,5,C:\Users\Aditya main\Desktop\Project_Sih\patches\Nashik\Scene_4_2025-03-29\patch_0005.npy,6581,7895,512,100.0
928,Nashik,Scene_4_2025-03-29,6,C:\Users\Aditya main\Desktop\Project_Sih\patches\Nashik\Scene_4_2025-03-29\patch_0006.npy,6581,8407,512,100.0
929,Nashik,Scene_4_2025-03-29,7,C:\Users\Aditya main\Desktop\Project_Sih\patches\Nashik\Scene_4_2025-03-29\patch_0007.npy,6581,8919,512,100.0
930,Nashik,Scene_4_2025-03-29,8,C:\Users\Aditya main\Desktop\Project_Sih\patches\Nashik\Scene_4_2025-03-29\patch_0008.npy,6581,9431,512,100.0
931,Nashik,Scene_4_2025-03-29,9,C:\Users\Aditya main\Desktop\Project_Sih\patches\Nashik\Scene_4_2025-03-29\patch_0009.npy,6581,9943,512,100.0
932,Nashik,Scene_4_2025-03-29,10,C:\Users\Aditya main\Desktop\Project_Sih\patches\Nashik\Scene_4_2025-03-29\patch_0010.npy,7093,5335,512,100.0
933,Nashik,Scene_4_2025-03-29,11,C:\Users\Aditya main\Desktop\Project_Sih\patches\Nashik\Scene_4_2025-03-29\patch_0011.npy,7093,5847,512,100.0
934,Nashik,Scene_4_2025-03-29,12,C:\Users\Aditya main\Desktop\Project_Sih\patches\Nashik\Scene_4_2025-03-29\patch_0012.npy,7093,6359,512,100.0
935,Nashik,Scene_4_2025-03-29,13,C:\Users\Aditya main\Desktop\Project_Sih\patches\Nashik\Scene_4_2025-03-29\patch_0013.npy,7093,6871,512,100.0
936,Nashik,Scene_4_2025-03-29,14,C:\Users\Aditya main\Desktop\Project_Sih\patches\Nashik\Scene_4_2025-03-29\patch_0014.npy,7093,7383,512,100.0
937,Nashik,Scene_4_2025-03-29,15,C:\Users\Aditya main\Desktop\Project_Sih\patches\Nashik\Scene_4_2025-03-29\patch_0015.npy,7093,7895,512,100.0
938,Nashik,Scene_4_2025-03-29,16,C:\Users\Aditya main\Desktop\Project_Sih\patches\Nashik\Scene_4_2025-03-29\patch_0016.npy,7093,8407,512,100.0
939,Nashik,Scene_4_2025-03-29,17,C:\Users\Aditya main\Desktop\Project_Sih\patches\Nashik\Scene_4_2025-03-29\patch_0017.npy,7093,8919,512,100.0
940,Nashik,Scene_4_2025-03-29,18,C:\Users\Aditya main\Desktop\Project_Sih\patches\Nashik\Scene_4_2025-03-29\patch_0018.npy,7093,9431,512,100.0
941,Nashik,Scene_4_2025-03-29,19,C:\Users\Aditya main\Desktop\Project_Sih\patches\Nashik\Scene_4_2025-03-29\patch_0019.npy,7093,9943,512,100.0
942,Nashik,Scene_4_2025-03-29,20,C:\Users\Aditya main\Desktop\Project_Sih\patches\Nashik\Scene_4_2025-03-29\patch_0020.npy,7605,5335,512,99.99847412109376
943,Nashik,Scene_4_2025-03-29,21,C:\Users\Aditya main\Desktop\Project_Sih\patches\Nashik\Scene_4_2025-03-29\patch_0021.npy,7605,5847,512,100.0
944,Nashik,Scene_4_2025-03-29,22,C:\Users\Aditya main\Desktop\Project_Sih\patches\Nashik\Scene_4_2025-03-29\patch_0022.npy,7605,6359,512,100.0
945,Nashik,Scene_4_2025-03-29,23,C:\Users\Aditya main\Desktop\Project_Sih\patches\Nashik\Scene_4_2025-03-29\patch_0023.npy,7605,6871,512,100.0
946,Nashik,Scene_4_2025-03-29,24,C:\Users\Aditya main\Desktop\Project_Sih\patches\Nashik\Scene_4_2025-03-29\patch_0024.npy,7605,7383,512,100.0
947,Nashik,Scene_4_2025-03-29,25,C:\Users\Aditya main\Desktop\Project_Sih\patches\Nashik\Scene_4_2025-03-29\patch_0025.npy,7605,7895,512,100.0
948,Nashik,Scene_4_2025-03-29,26,C:\Users\Aditya main\Desktop\Project_Sih\patches\Nashik\Scene_4_2025-03-29\patch_0026.npy,7605,8407,512,100.0
949,Nashik,Scene_4_2025-03-29,27,C:\Users\Aditya main\Desktop\Project_Sih\patches\Nashik\Scene_4_2025-03-29\patch_0027.npy,7605,8919,512,100.0
950,Nashik,Scene_4_2025-03-29,28,C:\Users\Aditya main\Desktop\Project_Sih\patches\Nashik\Scene_4_2025-03-29\patch_0028.npy,7605,9431,512,100.0
951,Nashik,Scene_4_2025-03-29,29,C:\Users\Aditya main\Desktop\Project_Sih\patches\Nashik\Scene_4_2025-03-29\patch_0029.npy,7605,9943,512,100.0
952,Nashik,Scene_4_2025-03-29,30,C:\Users\Aditya main\Desktop\Project_Sih\patches\Nashik\Scene_4_2025-03-29\patch_0030.npy,8117,5335,512,100.0
953,Nashik,Scene_4_2025-03-29,31,C:\Users\Aditya main\Desktop\Project_Sih\patches\Nashik\Scene_4_2025-03-29\patch_0031.npy,8117,5847,512,100.0
954,Nashik,Scene_4_2025-03-29,32,C:\Users\Aditya main\Desktop\Project_Sih\patches\Nashik\Scene_4_2025-03-29\patch_0032.npy,8117,6359,512,100.0
955,Nashik,Scene_4_2025-03-29,33,C:\Users\Aditya main\Desktop\Project_Sih\patches\Nashik\Scene_4_2025-03-29\patch_0033.npy,8117,6871,512,100.0
956,Nashik,Scene_4_2025-03-29,34,C:\Users\Aditya main\Desktop\Project_Sih\patches\Nashik\Scene_4_2025-03-29\patch_0034.npy,8117,7383,512,100.0
957,Nashik,Scene_4_2025-03-29,35,C:\Users\Aditya main\Desktop\Project_Sih\patches\Nashik\Scene_4_2025-03-29\patch_0035.npy,8117,7895,512,100.0
958,Nashik,Scene_4_2025-03-29,36,C:\Users\Aditya main\Desktop\Project_Sih\patches\Nashik\Scene_4_2025-03-29\patch_0036.npy,8117,8407,512,100.0
959,Nashik,Scene_4_2025-03-29,37,C:\Users\Aditya main\Desktop\Project_Sih\patches\Nashik\Scene_4_2025-03-29\patch_0037.npy,8117,8919,512,100.0
960,Nashik,Scene_4_2025-03-29,38,C:\Users\Aditya main\Desktop\Project_Sih\patches\Nashik\Scene_4_2025-03-29\patch_0038.npy,8117,9431,512,100.0
961,Nashik,Scene_4_2025-03-29,39,C:\Users\Aditya main\Desktop\Project_Sih\patches\Nashik\Scene_4_2025-03-29\patch_0039.npy,8117,9943,512,100.0
962,Nashik,Scene_4_2025-03-29,40,C:\Users\Aditya main\Desktop\Project_Sih\patches\Nashik\Scene_4_2025-03-29\patch_0040.npy,8629,5335,512,100.0
963,Nashik,Scene_4_2025-03-29,41,C:\Users\Aditya main\Desktop\Project_Sih\patches\Nashik\Scene_4_2025-03-29\patch_0041.npy,8629,5847,512,100.0
964,Nashik,Scene_4_2025-03-29,42,C:\Users\Aditya main\Desktop\Project_Sih\patches\Nashik\Scene_4_2025-03-29\patch_0042.npy,8629,6359,512,100.0
965,Nashik,Scene_4_2025-03-29,43,C:\Users\Aditya main\Desktop\Project_Sih\patches\Nashik\Scene_4_2025-03-29\patch_0043.npy,8629,6871,512,100.0
966,Nashik,Scene_4_2025-03-29,44,C:\Users\Aditya main\Desktop\Project_Sih\patches\Nashik\Scene_4_2025-03-29\patch_0044.npy,8629,7383,512,100.0
967,Nashik,Scene_4_2025-03-29,45,C:\Users\Aditya main\Desktop\Project_Sih\patches\Nashik\Scene_4_2025-03-29\patch_0045.npy,8629,7895,512,99.6551513671875
968,Nashik,Scene_4_2025-03-29,46,C:\Users\Aditya main\Desktop\Project_Sih\patches\Nashik\Scene_4_2025-03-29\patch_0046.npy,8629,8407,512,100.0
969,Nashik,Scene_4_2025-03-29,47,C:\Users\Aditya main\Desktop\Project_Sih\patches\Nashik\Scene_4_2025-03-29\patch_0047.npy,8629,8919,512,100.0
970,Nashik,Scene_4_2025-03-29,48,C:\Users\Aditya main\Desktop\Project_Sih\patches\Nashik\Scene_4_2025-03-29\patch_0048.npy,8629,9431,512,100.0
971,Nashik,Scene_4_2025-03-29,49,C:\Users\Aditya main\Desktop\Project_Sih\patches\Nashik\Scene_4_2025-03-29\patch_0049.npy,8629,9943,512,100.0
972,Nashik,Scene_4_2025-03-29,50,C:\Users\Aditya main\Desktop\Project_Sih\patches\Nashik\Scene_4_2025-03-29\patch_0050.npy,9141,5335,512,100.0
973,Nashik,Scene_4_2025-03-29,51,C:\Users\Aditya main\Desktop\Project_Sih\patches\Nashik\Scene_4_2025-03-29\patch_0051.npy,9141,5847,512,100.0
974,Nashik,Scene_4_2025-03-29,52,C:\Users\Aditya main\Desktop\Project_Sih\patches\Nashik\Scene_4_2025-03-29\patch_0052.npy,9141,6359,512,100.0
975,Nashik,Scene_4_2025-03-29,53,C:\Users\Aditya main\Desktop\Project_Sih\patches\Nashik\Scene_4_2025-03-29\patch_0053.npy,9141,6871,512,100.0
976,Nashik,Scene_4_2025-03-29,54,C:\Users\Aditya main\Desktop\Project_Sih\patches\Nashik\Scene_4_2025-03-29\patch_0054.npy,9141,7383,512,100.0
977,Nashik,Scene_4_2025-03-29,55,C:\Users\Aditya main\Desktop\Project_Sih\patches\Nashik\Scene_4_2025-03-29\patch_0055.npy,9141,7895,512,100.0
978,Nashik,Scene_4_2025-03-29,56,C:\Users\Aditya main\Desktop\Project_Sih\patches\Nashik\Scene_4_2025-03-29\patch_0056.npy,9141,8407,512,100.0
979,Nashik,Scene_4_2025-03-29,57,C:\Users\Aditya main\Desktop\Project_Sih\patches\Nashik\Scene_4_2025-03-29\patch_0057.npy,9141,8919,512,100.0
980,Nashik,Scene_4_2025-03-29,58,C:\Users\Aditya main\Desktop\Project_Sih\patches\Nashik\Scene_4_2025-03-29\patch_0058.npy,9141,9431,512,100.0
981,Nashik,Scene_4_2025-03-29,59,C:\Users\Aditya main\Desktop\Project_Sih\patches\Nashik\Scene_4_2025-03-29\patch_0059.npy,9141,9943,512,100.0
982,Nashik,Scene_4_2025-03-29,60,C:\Users\Aditya main\Desktop\Project_Sih\patches\Nashik\Scene_4_2025-03-29\patch_0060.npy,9653,5335,512,100.0
983,Nashik,Scene_4_2025-03-29,61,C:\Users\Aditya main\Desktop\Project_Sih\patches\Nashik\Scene_4_2025-03-29\patch_0061.npy,9653,5847,512,100.0
984,Nashik,Scene_4_2025-03-29,62,C:\Users\Aditya main\Desktop\Project_Sih\patches\Nashik\Scene_4_2025-03-29\patch_0062.npy,9653,6359,512,100.0
985,Nashik,Scene_4_2025-03-29,63,C:\Users\Aditya main\Desktop\Project_Sih\patches\Nashik\Scene_4_2025-03-29\patch_0063.npy,9653,6871,512,100.0
986,Nashik,Scene_4_2025-03-29,64,C:\Users\Aditya main\Desktop\Project_Sih\patches\Nashik\Scene_4_2025-03-29\patch_0064.npy,9653,7383,512,100.0
987,Nashik,Scene_4_2025-03-29,65,C:\Users\Aditya main\Desktop\Project_Sih\patches\Nashik\Scene_4_2025-03-29\patch_0065.npy,9653,7895,512,100.0
988,Nashik,Scene_4_2025-03-29,66,C:\Users\Aditya main\Desktop\Project_Sih\patches\Nashik\Scene_4_2025-03-29\patch_0066.npy,9653,8407,512,100.0
989,Nashik,Scene_4_2025-03-29,67,C:\Users\Aditya main\Desktop\Project_Sih\patches\Nashik\Scene_4_2025-03-29\patch_0067.npy,9653,8919,512,100.0
990,Nashik,Scene_4_2025-03-29,68,C:\Users\Aditya main\Desktop\Project_Sih\patches\Nashik\Scene_4_2025-03-29\patch_0068.npy,9653,9431,512,100.0
991,Nashik,Scene_4_2025-03-29,69,C:\Users\Aditya main\Desktop\Project_Sih\patches\Nashik\Scene_4_2025-03-29\patch_0069.npy,9653,9943,512,100.0
992,Nashik,Scene_4_2025-03-29,70,C:\Users\Aditya main\Desktop\Project_Sih\patches\Nashik\Scene_4_2025-03-29\patch_0070.npy,10165,5335,512,100.0
993,Nashik,Scene_4_2025-03-29,71,C:\Users\Aditya main\Desktop\Project_Sih\patches\Nashik\Scene_4_2025-03-29\patch_0071.npy,10165,5847,512,100.0
994,Nashik,Scene_4_2025-03-29,72,C:\Users\Aditya main\Desktop\Project_Sih\patches\Nashik\Scene_4_2025-03-29\patch_0072.npy,10165,6359,512,100.0
995,Nashik,Scene_4_2025-03-29,73,C:\Users\Aditya main\Desktop\Project_Sih\patches\Nashik\Scene_4_2025-03-29\patch_0073.npy,10165,6871,512,100.0
996,Nashik,Scene_4_2025-03-29,74,C:\Users\Aditya main\Desktop\Project_Sih\patches\Nashik\Scene_4_2025-03-29\patch_0074.npy,10165,7383,512,100.0
997,Nashik,Scene_4_2025-03-29,75,C:\Users\Aditya main\Desktop\Project_Sih\patches\Nashik\Scene_4_2025-03-29\patch_0075.npy,10165,7895,512,100.0
998,Nashik,Scene_4_2025-03-29,76,C:\Users\Aditya main\Desktop\Project_Sih\patches\Nashik\Scene_4_2025-03-29\patch_0076.npy,10165,8407,512,100.0
999,Nashik,Scene_4_2025-03-29,77,C:\Users\Aditya main\Desktop\Project_Sih\patches\Nashik\Scene_4_2025-03-29\patch_0077.npy,10165,8919,512,100.0
1000,Nashik,Scene_4_2025-03-29,78,C:\Users\Aditya main\Desktop\Project_Sih\patches\Nashik\Scene_4_2025-03-29\patch_0078.npy,10165,9431,512,100.0
1001,Nashik,Scene_4_2025-03-29,79,C:\Users\Aditya main\Desktop\Project_Sih\patches\Nashik\Scene_4_2025-03-29\patch_0079.npy,10165,9943,512,100.0
1002,Nashik,Scene_5_2026-06-17,0,C:\Users\Aditya main\Desktop\Project_Sih\patches\Nashik\Scene_5_2026-06-17\patch_0000.npy,6581,8919,512,97.12562561035156
1003,Nashik,Scene_5_2026-06-17,1,C:\Users\Aditya main\Desktop\Project_Sih\patches\Nashik\Scene_5_2026-06-17\patch_0001.npy,6581,9431,512,98.79875183105467
1004,Nashik,Scene_5_2026-06-17,2,C:\Users\Aditya main\Desktop\Project_Sih\patches\Nashik\Scene_5_2026-06-17\patch_0002.npy,6581,9943,512,100.0
1005,Nashik,Scene_5_2026-06-17,3,C:\Users\Aditya main\Desktop\Project_Sih\patches\Nashik\Scene_5_2026-06-17\patch_0003.npy,7093,8407,512,91.30783081054688
1006,Nashik,Scene_5_2026-06-17,4,C:\Users\Aditya main\Desktop\Project_Sih\patches\Nashik\Scene_5_2026-06-17\patch_0004.npy,7093,8919,512,94.427490234375
1007,Nashik,Scene_5_2026-06-17,5,C:\Users\Aditya main\Desktop\Project_Sih\patches\Nashik\Scene_5_2026-06-17\patch_0005.npy,7093,9431,512,100.0
1008,Nashik,Scene_5_2026-06-17,6,C:\Users\Aditya main\Desktop\Project_Sih\patches\Nashik\Scene_5_2026-06-17\patch_0006.npy,7093,9943,512,100.0
1009,Nashik,Scene_5_2026-06-17,7,C:\Users\Aditya main\Desktop\Project_Sih\patches\Nashik\Scene_5_2026-06-17\patch_0007.npy,7605,7895,512,94.52056884765624
1010,Nashik,Scene_5_2026-06-17,8,C:\Users\Aditya main\Desktop\Project_Sih\patches\Nashik\Scene_5_2026-06-17\patch_0008.npy,7605,8407,512,100.0
1011,Nashik,Scene_5_2026-06-17,9,C:\Users\Aditya main\Desktop\Project_Sih\patches\Nashik\Scene_5_2026-06-17\patch_0009.npy,7605,8919,512,100.0
1012,Nashik,Scene_5_2026-06-17,10,C:\Users\Aditya main\Desktop\Project_Sih\patches\Nashik\Scene_5_2026-06-17\patch_0010.npy,7605,9431,512,100.0
1013,Nashik,Scene_5_2026-06-17,11,C:\Users\Aditya main\Desktop\Project_Sih\patches\Nashik\Scene_5_2026-06-17\patch_0011.npy,7605,9943,512,100.0
1014,Nashik,Scene_5_2026-06-17,12,C:\Users\Aditya main\Desktop\Project_Sih\patches\Nashik\Scene_5_2026-06-17\patch_0012.npy,8117,8407,512,98.90975952148438
1015,Nashik,Scene_5_2026-06-17,13,C:\Users\Aditya main\Desktop\Project_Sih\patches\Nashik\Scene_5_2026-06-17\patch_0013.npy,8117,8919,512,100.0
1016,Nashik,Scene_5_2026-06-17,14,C:\Users\Aditya main\Desktop\Project_Sih\patches\Nashik\Scene_5_2026-06-17\patch_0014.npy,8117,9431,512,100.0
1017,Nashik,Scene_5_2026-06-17,15,C:\Users\Aditya main\Desktop\Project_Sih\patches\Nashik\Scene_5_2026-06-17\patch_0015.npy,8117,9943,512,100.0
1018,Nashik,Scene_5_2026-06-17,16,C:\Users\Aditya main\Desktop\Project_Sih\patches\Nashik\Scene_5_2026-06-17\patch_0016.npy,8629,7895,512,94.4091796875
1019,Nashik,Scene_5_2026-06-17,17,C:\Users\Aditya main\Desktop\Project_Sih\patches\Nashik\Scene_5_2026-06-17\patch_0017.npy,8629,8407,512,100.0
1020,Nashik,Scene_5_2026-06-17,18,C:\Users\Aditya main\Desktop\Project_Sih\patches\Nashik\Scene_5_2026-06-17\patch_0018.npy,8629,8919,512,100.0
1021,Nashik,Scene_5_2026-06-17,19,C:\Users\Aditya main\Desktop\Project_Sih\patches\Nashik\Scene_5_2026-06-17\patch_0019.npy,8629,9431,512,100.0
1022,Nashik,Scene_5_2026-06-17,20,C:\Users\Aditya main\Desktop\Project_Sih\patches\Nashik\Scene_5_2026-06-17\patch_0020.npy,8629,9943,512,100.0
1023,Nashik,Scene_5_2026-06-17,21,C:\Users\Aditya main\Desktop\Project_Sih\patches\Nashik\Scene_5_2026-06-17\patch_0021.npy,9141,7895,512,99.84779357910156
1024,Nashik,Scene_5_2026-06-17,22,C:\Users\Aditya main\Desktop\Project_Sih\patches\Nashik\Scene_5_2026-06-17\patch_0022.npy,9141,8407,512,100.0
1025,Nashik,Scene_5_2026-06-17,23,C:\Users\Aditya main\Desktop\Project_Sih\patches\Nashik\Scene_5_2026-06-17\patch_0023.npy,9141,8919,512,100.0
1026,Nashik,Scene_5_2026-06-17,24,C:\Users\Aditya main\Desktop\Project_Sih\patches\Nashik\Scene_5_2026-06-17\patch_0024.npy,9141,9431,512,100.0
1027,Nashik,Scene_5_2026-06-17,25,C:\Users\Aditya main\Desktop\Project_Sih\patches\Nashik\Scene_5_2026-06-17\patch_0025.npy,9141,9943,512,100.0
1028,Nashik,Scene_5_2026-06-17,26,C:\Users\Aditya main\Desktop\Project_Sih\patches\Nashik\Scene_5_2026-06-17\patch_0026.npy,9653,7895,512,95.44143676757812
1029,Nashik,Scene_5_2026-06-17,27,C:\Users\Aditya main\Desktop\Project_Sih\patches\Nashik\Scene_5_2026-06-17\patch_0027.npy,9653,8407,512,99.2034912109375
1030,Nashik,Scene_5_2026-06-17,28,C:\Users\Aditya main\Desktop\Project_Sih\patches\Nashik\Scene_5_2026-06-17\patch_0028.npy,9653,8919,512,100.0
1031,Nashik,Scene_5_2026-06-17,29,C:\Users\Aditya main\Desktop\Project_Sih\patches\Nashik\Scene_5_2026-06-17\patch_0029.npy,9653,9431,512,100.0
1032,Nashik,Scene_5_2026-06-17,30,C:\Users\Aditya main\Desktop\Project_Sih\patches\Nashik\Scene_5_2026-06-17\patch_0030.npy,9653,9943,512,100.0
1033,Nashik,Scene_5_2026-06-17,31,C:\Users\Aditya main\Desktop\Project_Sih\patches\Nashik\Scene_5_2026-06-17\patch_0031.npy,10165,7383,512,93.34373474121094
1034,Nashik,Scene_5_2026-06-17,32,C:\Users\Aditya main\Desktop\Project_Sih\patches\Nashik\Scene_5_2026-06-17\patch_0032.npy,10165,8407,512,97.503662109375
1035,Nashik,Scene_5_2026-06-17,33,C:\Users\Aditya main\Desktop\Project_Sih\patches\Nashik\Scene_5_2026-06-17\patch_0033.npy,10165,8919,512,100.0
1036,Nashik,Scene_5_2026-06-17,34,C:\Users\Aditya main\Desktop\Project_Sih\patches\Nashik\Scene_5_2026-06-17\patch_0034.npy,10165,9431,512,100.0
1037,Nashik,Scene_5_2026-06-17,35,C:\Users\Aditya main\Desktop\Project_Sih\patches\Nashik\Scene_5_2026-06-17\patch_0035.npy,10165,9943,512,100.0
1038,New_Delhi,Scene_1_2025-06-12,0,C:\Users\Aditya main\Desktop\Project_Sih\patches\New_Delhi\Scene_1_2025-06-12\patch_0000.npy,0,0,512,100.0
1039,New_Delhi,Scene_1_2025-06-12,1,C:\Users\Aditya main\Desktop\Project_Sih\patches\New_Delhi\Scene_1_2025-06-12\patch_0001.npy,0,512,512,100.0
1040,New_Delhi,Scene_1_2025-06-12,2,C:\Users\Aditya main\Desktop\Project_Sih\patches\New_Delhi\Scene_1_2025-06-12\patch_0002.npy,0,1024,512,100.0
1041,New_Delhi,Scene_1_2025-06-12,3,C:\Users\Aditya main\Desktop\Project_Sih\patches\New_Delhi\Scene_1_2025-06-12\patch_0003.npy,0,1536,512,100.0
1042,New_Delhi,Scene_1_2025-06-12,4,C:\Users\Aditya main\Desktop\Project_Sih\patches\New_Delhi\Scene_1_2025-06-12\patch_0004.npy,0,2048,512,100.0
1043,New_Delhi,Scene_1_2025-06-12,5,C:\Users\Aditya main\Desktop\Project_Sih\patches\New_Delhi\Scene_1_2025-06-12\patch_0005.npy,0,2560,512,100.0
1044,New_Delhi,Scene_1_2025-06-12,6,C:\Users\Aditya main\Desktop\Project_Sih\patches\New_Delhi\Scene_1_2025-06-12\patch_0006.npy,0,3072,512,100.0
1045,New_Delhi,Scene_1_2025-06-12,7,C:\Users\Aditya main\Desktop\Project_Sih\patches\New_Delhi\Scene_1_2025-06-12\patch_0007.npy,0,3584,512,100.0
1046,New_Delhi,Scene_1_2025-06-12,8,C:\Users\Aditya main\Desktop\Project_Sih\patches\New_Delhi\Scene_1_2025-06-12\patch_0008.npy,0,4096,512,100.0
1047,New_Delhi,Scene_1_2025-06-12,9,C:\Users\Aditya main\Desktop\Project_Sih\patches\New_Delhi\Scene_1_2025-06-12\patch_0009.npy,0,4608,512,100.0
1048,New_Delhi,Scene_1_2025-06-12,10,C:\Users\Aditya main\Desktop\Project_Sih\patches\New_Delhi\Scene_1_2025-06-12\patch_0010.npy,0,5120,512,100.0
1049,New_Delhi,Scene_1_2025-06-12,11,C:\Users\Aditya main\Desktop\Project_Sih\patches\New_Delhi\Scene_1_2025-06-12\patch_0011.npy,0,5632,512,100.0
1050,New_Delhi,Scene_1_2025-06-12,12,C:\Users\Aditya main\Desktop\Project_Sih\patches\New_Delhi\Scene_1_2025-06-12\patch_0012.npy,0,6144,512,100.0
1051,New_Delhi,Scene_1_2025-06-12,13,C:\Users\Aditya main\Desktop\Project_Sih\patches\New_Delhi\Scene_1_2025-06-12\patch_0013.npy,0,6656,512,100.0
1052,New_Delhi,Scene_1_2025-06-12,14,C:\Users\Aditya main\Desktop\Project_Sih\patches\New_Delhi\Scene_1_2025-06-12\patch_0014.npy,0,7168,512,100.0
1053,New_Delhi,Scene_1_2025-06-12,15,C:\Users\Aditya main\Desktop\Project_Sih\patches\New_Delhi\Scene_1_2025-06-12\patch_0015.npy,512,0,512,100.0
1054,New_Delhi,Scene_1_2025-06-12,16,C:\Users\Aditya main\Desktop\Project_Sih\patches\New_Delhi\Scene_1_2025-06-12\patch_0016.npy,512,512,512,99.97711181640624
1055,New_Delhi,Scene_1_2025-06-12,17,C:\Users\Aditya main\Desktop\Project_Sih\patches\New_Delhi\Scene_1_2025-06-12\patch_0017.npy,512,1024,512,100.0
1056,New_Delhi,Scene_1_2025-06-12,18,C:\Users\Aditya main\Desktop\Project_Sih\patches\New_Delhi\Scene_1_2025-06-12\patch_0018.npy,512,1536,512,100.0
1057,New_Delhi,Scene_1_2025-06-12,19,C:\Users\Aditya main\Desktop\Project_Sih\patches\New_Delhi\Scene_1_2025-06-12\patch_0019.npy,512,2048,512,100.0
1058,New_Delhi,Scene_1_2025-06-12,20,C:\Users\Aditya main\Desktop\Project_Sih\patches\New_Delhi\Scene_1_2025-06-12\patch_0020.npy,512,2560,512,100.0
1059,New_Delhi,Scene_1_2025-06-12,21,C:\Users\Aditya main\Desktop\Project_Sih\patches\New_Delhi\Scene_1_2025-06-12\patch_0021.npy,512,3072,512,100.0
1060,New_Delhi,Scene_1_2025-06-12,22,C:\Users\Aditya main\Desktop\Project_Sih\patches\New_Delhi\Scene_1_2025-06-12\patch_0022.npy,512,3584,512,100.0
1061,New_Delhi,Scene_1_2025-06-12,23,C:\Users\Aditya main\Desktop\Project_Sih\patches\New_Delhi\Scene_1_2025-06-12\patch_0023.npy,512,4096,512,100.0
1062,New_Delhi,Scene_1_2025-06-12,24,C:\Users\Aditya main\Desktop\Project_Sih\patches\New_Delhi\Scene_1_2025-06-12\patch_0024.npy,512,4608,512,100.0
1063,New_Delhi,Scene_1_2025-06-12,25,C:\Users\Aditya main\Desktop\Project_Sih\patches\New_Delhi\Scene_1_2025-06-12\patch_0025.npy,512,5120,512,100.0
1064,New_Delhi,Scene_1_2025-06-12,26,C:\Users\Aditya main\Desktop\Project_Sih\patches\New_Delhi\Scene_1_2025-06-12\patch_0026.npy,512,5632,512,100.0
1065,New_Delhi,Scene_1_2025-06-12,27,C:\Users\Aditya main\Desktop\Project_Sih\patches\New_Delhi\Scene_1_2025-06-12\patch_0027.npy,512,6144,512,100.0
1066,New_Delhi,Scene_1_2025-06-12,28,C:\Users\Aditya main\Desktop\Project_Sih\patches\New_Delhi\Scene_1_2025-06-12\patch_0028.npy,512,6656,512,100.0
1067,New_Delhi,Scene_1_2025-06-12,29,C:\Users\Aditya main\Desktop\Project_Sih\patches\New_Delhi\Scene_1_2025-06-12\patch_0029.npy,512,7168,512,100.0
1068,New_Delhi,Scene_1_2025-06-12,30,C:\Users\Aditya main\Desktop\Project_Sih\patches\New_Delhi\Scene_1_2025-06-12\patch_0030.npy,1024,0,512,100.0
1069,New_Delhi,Scene_1_2025-06-12,31,C:\Users\Aditya main\Desktop\Project_Sih\patches\New_Delhi\Scene_1_2025-06-12\patch_0031.npy,1024,512,512,100.0
1070,New_Delhi,Scene_1_2025-06-12,32,C:\Users\Aditya main\Desktop\Project_Sih\patches\New_Delhi\Scene_1_2025-06-12\patch_0032.npy,1024,1024,512,100.0
1071,New_Delhi,Scene_1_2025-06-12,33,C:\Users\Aditya main\Desktop\Project_Sih\patches\New_Delhi\Scene_1_2025-06-12\patch_0033.npy,1024,1536,512,100.0
1072,New_Delhi,Scene_1_2025-06-12,34,C:\Users\Aditya main\Desktop\Project_Sih\patches\New_Delhi\Scene_1_2025-06-12\patch_0034.npy,1024,2048,512,100.0
1073,New_Delhi,Scene_1_2025-06-12,35,C:\Users\Aditya main\Desktop\Project_Sih\patches\New_Delhi\Scene_1_2025-06-12\patch_0035.npy,1024,2560,512,100.0
1074,New_Delhi,Scene_1_2025-06-12,36,C:\Users\Aditya main\Desktop\Project_Sih\patches\New_Delhi\Scene_1_2025-06-12\patch_0036.npy,1024,3072,512,100.0
1075,New_Delhi,Scene_1_2025-06-12,37,C:\Users\Aditya main\Desktop\Project_Sih\patches\New_Delhi\Scene_1_2025-06-12\patch_0037.npy,1024,3584,512,100.0
1076,New_Delhi,Scene_1_2025-06-12,38,C:\Users\Aditya main\Desktop\Project_Sih\patches\New_Delhi\Scene_1_2025-06-12\patch_0038.npy,1024,4096,512,100.0
1077,New_Delhi,Scene_1_2025-06-12,39,C:\Users\Aditya main\Desktop\Project_Sih\patches\New_Delhi\Scene_1_2025-06-12\patch_0039.npy,1024,4608,512,100.0
1078,New_Delhi,Scene_1_2025-06-12,40,C:\Users\Aditya main\Desktop\Project_Sih\patches\New_Delhi\Scene_1_2025-06-12\patch_0040.npy,1024,5120,512,100.0
1079,New_Delhi,Scene_1_2025-06-12,41,C:\Users\Aditya main\Desktop\Project_Sih\patches\New_Delhi\Scene_1_2025-06-12\patch_0041.npy,1024,5632,512,100.0
1080,New_Delhi,Scene_1_2025-06-12,42,C:\Users\Aditya main\Desktop\Project_Sih\patches\New_Delhi\Scene_1_2025-06-12\patch_0042.npy,1024,6144,512,100.0
1081,New_Delhi,Scene_1_2025-06-12,43,C:\Users\Aditya main\Desktop\Project_Sih\patches\New_Delhi\Scene_1_2025-06-12\patch_0043.npy,1024,6656,512,100.0
1082,New_Delhi,Scene_1_2025-06-12,44,C:\Users\Aditya main\Desktop\Project_Sih\patches\New_Delhi\Scene_1_2025-06-12\patch_0044.npy,1024,7168,512,100.0
1083,New_Delhi,Scene_1_2025-06-12,45,C:\Users\Aditya main\Desktop\Project_Sih\patches\New_Delhi\Scene_1_2025-06-12\patch_0045.npy,1536,0,512,100.0
1084,New_Delhi,Scene_1_2025-06-12,46,C:\Users\Aditya main\Desktop\Project_Sih\patches\New_Delhi\Scene_1_2025-06-12\patch_0046.npy,1536,512,512,100.0
1085,New_Delhi,Scene_1_2025-06-12,47,C:\Users\Aditya main\Desktop\Project_Sih\patches\New_Delhi\Scene_1_2025-06-12\patch_0047.npy,1536,1024,512,100.0
1086,New_Delhi,Scene_1_2025-06-12,48,C:\Users\Aditya main\Desktop\Project_Sih\patches\New_Delhi\Scene_1_2025-06-12\patch_0048.npy,1536,1536,512,100.0
1087,New_Delhi,Scene_1_2025-06-12,49,C:\Users\Aditya main\Desktop\Project_Sih\patches\New_Delhi\Scene_1_2025-06-12\patch_0049.npy,1536,2048,512,100.0
1088,New_Delhi,Scene_1_2025-06-12,50,C:\Users\Aditya main\Desktop\Project_Sih\patches\New_Delhi\Scene_1_2025-06-12\patch_0050.npy,1536,2560,512,100.0
1089,New_Delhi,Scene_1_2025-06-12,51,C:\Users\Aditya main\Desktop\Project_Sih\patches\New_Delhi\Scene_1_2025-06-12\patch_0051.npy,1536,3072,512,100.0
1090,New_Delhi,Scene_1_2025-06-12,52,C:\Users\Aditya main\Desktop\Project_Sih\patches\New_Delhi\Scene_1_2025-06-12\patch_0052.npy,1536,3584,512,100.0
1091,New_Delhi,Scene_1_2025-06-12,53,C:\Users\Aditya main\Desktop\Project_Sih\patches\New_Delhi\Scene_1_2025-06-12\patch_0053.npy,1536,4096,512,100.0
1092,New_Delhi,Scene_1_2025-06-12,54,C:\Users\Aditya main\Desktop\Project_Sih\patches\New_Delhi\Scene_1_2025-06-12\patch_0054.npy,1536,4608,512,100.0
1093,New_Delhi,Scene_1_2025-06-12,55,C:\Users\Aditya main\Desktop\Project_Sih\patches\New_Delhi\Scene_1_2025-06-12\patch_0055.npy,1536,5120,512,100.0
1094,New_Delhi,Scene_1_2025-06-12,56,C:\Users\Aditya main\Desktop\Project_Sih\patches\New_Delhi\Scene_1_2025-06-12\patch_0056.npy,1536,5632,512,100.0
1095,New_Delhi,Scene_1_2025-06-12,57,C:\Users\Aditya main\Desktop\Project_Sih\patches\New_Delhi\Scene_1_2025-06-12\patch_0057.npy,1536,6144,512,100.0
1096,New_Delhi,Scene_1_2025-06-12,58,C:\Users\Aditya main\Desktop\Project_Sih\patches\New_Delhi\Scene_1_2025-06-12\patch_0058.npy,1536,6656,512,100.0
1097,New_Delhi,Scene_1_2025-06-12,59,C:\Users\Aditya main\Desktop\Project_Sih\patches\New_Delhi\Scene_1_2025-06-12\patch_0059.npy,1536,7168,512,100.0
1098,New_Delhi,Scene_1_2025-06-12,60,C:\Users\Aditya main\Desktop\Project_Sih\patches\New_Delhi\Scene_1_2025-06-12\patch_0060.npy,2048,0,512,100.0
1099,New_Delhi,Scene_1_2025-06-12,61,C:\Users\Aditya main\Desktop\Project_Sih\patches\New_Delhi\Scene_1_2025-06-12\patch_0061.npy,2048,512,512,100.0
1100,New_Delhi,Scene_1_2025-06-12,62,C:\Users\Aditya main\Desktop\Project_Sih\patches\New_Delhi\Scene_1_2025-06-12\patch_0062.npy,2048,1024,512,100.0
1101,New_Delhi,Scene_1_2025-06-12,63,C:\Users\Aditya main\Desktop\Project_Sih\patches\New_Delhi\Scene_1_2025-06-12\patch_0063.npy,2048,1536,512,100.0
1102,New_Delhi,Scene_1_2025-06-12,64,C:\Users\Aditya main\Desktop\Project_Sih\patches\New_Delhi\Scene_1_2025-06-12\patch_0064.npy,2048,2048,512,100.0
1103,New_Delhi,Scene_1_2025-06-12,65,C:\Users\Aditya main\Desktop\Project_Sih\patches\New_Delhi\Scene_1_2025-06-12\patch_0065.npy,2048,2560,512,100.0
1104,New_Delhi,Scene_1_2025-06-12,66,C:\Users\Aditya main\Desktop\Project_Sih\patches\New_Delhi\Scene_1_2025-06-12\patch_0066.npy,2048,3072,512,100.0
1105,New_Delhi,Scene_1_2025-06-12,67,C:\Users\Aditya main\Desktop\Project_Sih\patches\New_Delhi\Scene_1_2025-06-12\patch_0067.npy,2048,3584,512,100.0
1106,New_Delhi,Scene_1_2025-06-12,68,C:\Users\Aditya main\Desktop\Project_Sih\patches\New_Delhi\Scene_1_2025-06-12\patch_0068.npy,2048,4096,512,100.0
1107,New_Delhi,Scene_1_2025-06-12,69,C:\Users\Aditya main\Desktop\Project_Sih\patches\New_Delhi\Scene_1_2025-06-12\patch_0069.npy,2048,4608,512,100.0
1108,New_Delhi,Scene_1_2025-06-12,70,C:\Users\Aditya main\Desktop\Project_Sih\patches\New_Delhi\Scene_1_2025-06-12\patch_0070.npy,2048,5120,512,100.0
1109,New_Delhi,Scene_1_2025-06-12,71,C:\Users\Aditya main\Desktop\Project_Sih\patches\New_Delhi\Scene_1_2025-06-12\patch_0071.npy,2048,5632,512,100.0
1110,New_Delhi,Scene_1_2025-06-12,72,C:\Users\Aditya main\Desktop\Project_Sih\patches\New_Delhi\Scene_1_2025-06-12\patch_0072.npy,2048,6144,512,100.0
1111,New_Delhi,Scene_1_2025-06-12,73,C:\Users\Aditya main\Desktop\Project_Sih\patches\New_Delhi\Scene_1_2025-06-12\patch_0073.npy,2048,6656,512,100.0
1112,New_Delhi,Scene_1_2025-06-12,74,C:\Users\Aditya main\Desktop\Project_Sih\patches\New_Delhi\Scene_1_2025-06-12\patch_0074.npy,2048,7168,512,100.0
1113,New_Delhi,Scene_1_2025-06-12,75,C:\Users\Aditya main\Desktop\Project_Sih\patches\New_Delhi\Scene_1_2025-06-12\patch_0075.npy,2560,0,512,100.0
1114,New_Delhi,Scene_1_2025-06-12,76,C:\Users\Aditya main\Desktop\Project_Sih\patches\New_Delhi\Scene_1_2025-06-12\patch_0076.npy,2560,512,512,100.0
1115,New_Delhi,Scene_1_2025-06-12,77,C:\Users\Aditya main\Desktop\Project_Sih\patches\New_Delhi\Scene_1_2025-06-12\patch_0077.npy,2560,1024,512,100.0
1116,New_Delhi,Scene_1_2025-06-12,78,C:\Users\Aditya main\Desktop\Project_Sih\patches\New_Delhi\Scene_1_2025-06-12\patch_0078.npy,2560,1536,512,100.0
1117,New_Delhi,Scene_1_2025-06-12,79,C:\Users\Aditya main\Desktop\Project_Sih\patches\New_Delhi\Scene_1_2025-06-12\patch_0079.npy,2560,2048,512,100.0
1118,New_Delhi,Scene_1_2025-06-12,80,C:\Users\Aditya main\Desktop\Project_Sih\patches\New_Delhi\Scene_1_2025-06-12\patch_0080.npy,2560,2560,512,100.0
1119,New_Delhi,Scene_1_2025-06-12,81,C:\Users\Aditya main\Desktop\Project_Sih\patches\New_Delhi\Scene_1_2025-06-12\patch_0081.npy,2560,3072,512,100.0
1120,New_Delhi,Scene_1_2025-06-12,82,C:\Users\Aditya main\Desktop\Project_Sih\patches\New_Delhi\Scene_1_2025-06-12\patch_0082.npy,2560,3584,512,100.0
1121,New_Delhi,Scene_1_2025-06-12,83,C:\Users\Aditya main\Desktop\Project_Sih\patches\New_Delhi\Scene_1_2025-06-12\patch_0083.npy,2560,4096,512,100.0
1122,New_Delhi,Scene_1_2025-06-12,84,C:\Users\Aditya main\Desktop\Project_Sih\patches\New_Delhi\Scene_1_2025-06-12\patch_0084.npy,2560,4608,512,100.0
1123,New_Delhi,Scene_1_2025-06-12,85,C:\Users\Aditya main\Desktop\Project_Sih\patches\New_Delhi\Scene_1_2025-06-12\patch_0085.npy,2560,5120,512,100.0
1124,New_Delhi,Scene_1_2025-06-12,86,C:\Users\Aditya main\Desktop\Project_Sih\patches\New_Delhi\Scene_1_2025-06-12\patch_0086.npy,2560,5632,512,100.0
1125,New_Delhi,Scene_1_2025-06-12,87,C:\Users\Aditya main\Desktop\Project_Sih\patches\New_Delhi\Scene_1_2025-06-12\patch_0087.npy,2560,6144,512,100.0
1126,New_Delhi,Scene_1_2025-06-12,88,C:\Users\Aditya main\Desktop\Project_Sih\patches\New_Delhi\Scene_1_2025-06-12\patch_0088.npy,2560,6656,512,100.0
1127,New_Delhi,Scene_1_2025-06-12,89,C:\Users\Aditya main\Desktop\Project_Sih\patches\New_Delhi\Scene_1_2025-06-12\patch_0089.npy,2560,7168,512,100.0
1128,New_Delhi,Scene_1_2025-06-12,90,C:\Users\Aditya main\Desktop\Project_Sih\patches\New_Delhi\Scene_1_2025-06-12\patch_0090.npy,3072,0,512,100.0
1129,New_Delhi,Scene_1_2025-06-12,91,C:\Users\Aditya main\Desktop\Project_Sih\patches\New_Delhi\Scene_1_2025-06-12\patch_0091.npy,3072,512,512,100.0
1130,New_Delhi,Scene_1_2025-06-12,92,C:\Users\Aditya main\Desktop\Project_Sih\patches\New_Delhi\Scene_1_2025-06-12\patch_0092.npy,3072,1024,512,100.0
1131,New_Delhi,Scene_1_2025-06-12,93,C:\Users\Aditya main\Desktop\Project_Sih\patches\New_Delhi\Scene_1_2025-06-12\patch_0093.npy,3072,1536,512,100.0
1132,New_Delhi,Scene_1_2025-06-12,94,C:\Users\Aditya main\Desktop\Project_Sih\patches\New_Delhi\Scene_1_2025-06-12\patch_0094.npy,3072,2048,512,100.0
1133,New_Delhi,Scene_1_2025-06-12,95,C:\Users\Aditya main\Desktop\Project_Sih\patches\New_Delhi\Scene_1_2025-06-12\patch_0095.npy,3072,2560,512,100.0
1134,New_Delhi,Scene_1_2025-06-12,96,C:\Users\Aditya main\Desktop\Project_Sih\patches\New_Delhi\Scene_1_2025-06-12\patch_0096.npy,3072,3072,512,100.0
1135,New_Delhi,Scene_1_2025-06-12,97,C:\Users\Aditya main\Desktop\Project_Sih\patches\New_Delhi\Scene_1_2025-06-12\patch_0097.npy,3072,3584,512,100.0
1136,New_Delhi,Scene_1_2025-06-12,98,C:\Users\Aditya main\Desktop\Project_Sih\patches\New_Delhi\Scene_1_2025-06-12\patch_0098.npy,3072,4096,512,100.0
1137,New_Delhi,Scene_1_2025-06-12,99,C:\Users\Aditya main\Desktop\Project_Sih\patches\New_Delhi\Scene_1_2025-06-12\patch_0099.npy,3072,4608,512,100.0
1138,New_Delhi,Scene_1_2025-06-12,100,C:\Users\Aditya main\Desktop\Project_Sih\patches\New_Delhi\Scene_1_2025-06-12\patch_0100.npy,3072,5120,512,100.0
1139,New_Delhi,Scene_1_2025-06-12,101,C:\Users\Aditya main\Desktop\Project_Sih\patches\New_Delhi\Scene_1_2025-06-12\patch_0101.npy,3072,5632,512,100.0
1140,New_Delhi,Scene_1_2025-06-12,102,C:\Users\Aditya main\Desktop\Project_Sih\patches\New_Delhi\Scene_1_2025-06-12\patch_0102.npy,3072,6144,512,100.0
1141,New_Delhi,Scene_1_2025-06-12,103,C:\Users\Aditya main\Desktop\Project_Sih\patches\New_Delhi\Scene_1_2025-06-12\patch_0103.npy,3072,6656,512,100.0
1142,New_Delhi,Scene_1_2025-06-12,104,C:\Users\Aditya main\Desktop\Project_Sih\patches\New_Delhi\Scene_1_2025-06-12\patch_0104.npy,3072,7168,512,100.0
1143,New_Delhi,Scene_1_2025-06-12,105,C:\Users\Aditya main\Desktop\Project_Sih\patches\New_Delhi\Scene_1_2025-06-12\patch_0105.npy,3584,0,512,100.0
1144,New_Delhi,Scene_1_2025-06-12,106,C:\Users\Aditya main\Desktop\Project_Sih\patches\New_Delhi\Scene_1_2025-06-12\patch_0106.npy,3584,512,512,100.0
1145,New_Delhi,Scene_1_2025-06-12,107,C:\Users\Aditya main\Desktop\Project_Sih\patches\New_Delhi\Scene_1_2025-06-12\patch_0107.npy,3584,1024,512,100.0
1146,New_Delhi,Scene_1_2025-06-12,108,C:\Users\Aditya main\Desktop\Project_Sih\patches\New_Delhi\Scene_1_2025-06-12\patch_0108.npy,3584,1536,512,100.0
1147,New_Delhi,Scene_1_2025-06-12,109,C:\Users\Aditya main\Desktop\Project_Sih\patches\New_Delhi\Scene_1_2025-06-12\patch_0109.npy,3584,2048,512,100.0
1148,New_Delhi,Scene_1_2025-06-12,110,C:\Users\Aditya main\Desktop\Project_Sih\patches\New_Delhi\Scene_1_2025-06-12\patch_0110.npy,3584,2560,512,100.0
1149,New_Delhi,Scene_1_2025-06-12,111,C:\Users\Aditya main\Desktop\Project_Sih\patches\New_Delhi\Scene_1_2025-06-12\patch_0111.npy,3584,3072,512,100.0
1150,New_Delhi,Scene_1_2025-06-12,112,C:\Users\Aditya main\Desktop\Project_Sih\patches\New_Delhi\Scene_1_2025-06-12\patch_0112.npy,3584,3584,512,100.0
1151,New_Delhi,Scene_1_2025-06-12,113,C:\Users\Aditya main\Desktop\Project_Sih\patches\New_Delhi\Scene_1_2025-06-12\patch_0113.npy,3584,4096,512,100.0
1152,New_Delhi,Scene_1_2025-06-12,114,C:\Users\Aditya main\Desktop\Project_Sih\patches\New_Delhi\Scene_1_2025-06-12\patch_0114.npy,3584,4608,512,100.0
1153,New_Delhi,Scene_1_2025-06-12,115,C:\Users\Aditya main\Desktop\Project_Sih\patches\New_Delhi\Scene_1_2025-06-12\patch_0115.npy,3584,5120,512,100.0
1154,New_Delhi,Scene_1_2025-06-12,116,C:\Users\Aditya main\Desktop\Project_Sih\patches\New_Delhi\Scene_1_2025-06-12\patch_0116.npy,3584,5632,512,100.0
1155,New_Delhi,Scene_1_2025-06-12,117,C:\Users\Aditya main\Desktop\Project_Sih\patches\New_Delhi\Scene_1_2025-06-12\patch_0117.npy,3584,6144,512,100.0
1156,New_Delhi,Scene_1_2025-06-12,118,C:\Users\Aditya main\Desktop\Project_Sih\patches\New_Delhi\Scene_1_2025-06-12\patch_0118.npy,3584,6656,512,100.0
1157,New_Delhi,Scene_1_2025-06-12,119,C:\Users\Aditya main\Desktop\Project_Sih\patches\New_Delhi\Scene_1_2025-06-12\patch_0119.npy,3584,7168,512,100.0
1158,New_Delhi,Scene_1_2025-06-12,120,C:\Users\Aditya main\Desktop\Project_Sih\patches\New_Delhi\Scene_1_2025-06-12\patch_0120.npy,4096,0,512,100.0
1159,New_Delhi,Scene_1_2025-06-12,121,C:\Users\Aditya main\Desktop\Project_Sih\patches\New_Delhi\Scene_1_2025-06-12\patch_0121.npy,4096,512,512,100.0
1160,New_Delhi,Scene_1_2025-06-12,122,C:\Users\Aditya main\Desktop\Project_Sih\patches\New_Delhi\Scene_1_2025-06-12\patch_0122.npy,4096,1024,512,100.0
1161,New_Delhi,Scene_1_2025-06-12,123,C:\Users\Aditya main\Desktop\Project_Sih\patches\New_Delhi\Scene_1_2025-06-12\patch_0123.npy,4096,1536,512,100.0
1162,New_Delhi,Scene_1_2025-06-12,124,C:\Users\Aditya main\Desktop\Project_Sih\patches\New_Delhi\Scene_1_2025-06-12\patch_0124.npy,4096,2048,512,100.0
1163,New_Delhi,Scene_1_2025-06-12,125,C:\Users\Aditya main\Desktop\Project_Sih\patches\New_Delhi\Scene_1_2025-06-12\patch_0125.npy,4096,2560,512,100.0
1164,New_Delhi,Scene_1_2025-06-12,126,C:\Users\Aditya main\Desktop\Project_Sih\patches\New_Delhi\Scene_1_2025-06-12\patch_0126.npy,4096,3072,512,100.0
1165,New_Delhi,Scene_1_2025-06-12,127,C:\Users\Aditya main\Desktop\Project_Sih\patches\New_Delhi\Scene_1_2025-06-12\patch_0127.npy,4096,3584,512,100.0
1166,New_Delhi,Scene_1_2025-06-12,128,C:\Users\Aditya main\Desktop\Project_Sih\patches\New_Delhi\Scene_1_2025-06-12\patch_0128.npy,4096,4096,512,100.0
1167,New_Delhi,Scene_1_2025-06-12,129,C:\Users\Aditya main\Desktop\Project_Sih\patches\New_Delhi\Scene_1_2025-06-12\patch_0129.npy,4096,4608,512,100.0
1168,New_Delhi,Scene_1_2025-06-12,130,C:\Users\Aditya main\Desktop\Project_Sih\patches\New_Delhi\Scene_1_2025-06-12\patch_0130.npy,4096,5120,512,100.0
1169,New_Delhi,Scene_1_2025-06-12,131,C:\Users\Aditya main\Desktop\Project_Sih\patches\New_Delhi\Scene_1_2025-06-12\patch_0131.npy,4096,5632,512,100.0
1170,New_Delhi,Scene_1_2025-06-12,132,C:\Users\Aditya main\Desktop\Project_Sih\patches\New_Delhi\Scene_1_2025-06-12\patch_0132.npy,4096,6144,512,100.0
1171,New_Delhi,Scene_1_2025-06-12,133,C:\Users\Aditya main\Desktop\Project_Sih\patches\New_Delhi\Scene_1_2025-06-12\patch_0133.npy,4096,6656,512,100.0
1172,New_Delhi,Scene_1_2025-06-12,134,C:\Users\Aditya main\Desktop\Project_Sih\patches\New_Delhi\Scene_1_2025-06-12\patch_0134.npy,4096,7168,512,100.0
1173,New_Delhi,Scene_1_2025-06-12,135,C:\Users\Aditya main\Desktop\Project_Sih\patches\New_Delhi\Scene_1_2025-06-12\patch_0135.npy,4608,0,512,100.0
1174,New_Delhi,Scene_1_2025-06-12,136,C:\Users\Aditya main\Desktop\Project_Sih\patches\New_Delhi\Scene_1_2025-06-12\patch_0136.npy,4608,512,512,100.0
1175,New_Delhi,Scene_1_2025-06-12,137,C:\Users\Aditya main\Desktop\Project_Sih\patches\New_Delhi\Scene_1_2025-06-12\patch_0137.npy,4608,1024,512,100.0
1176,New_Delhi,Scene_1_2025-06-12,138,C:\Users\Aditya main\Desktop\Project_Sih\patches\New_Delhi\Scene_1_2025-06-12\patch_0138.npy,4608,1536,512,100.0
1177,New_Delhi,Scene_1_2025-06-12,139,C:\Users\Aditya main\Desktop\Project_Sih\patches\New_Delhi\Scene_1_2025-06-12\patch_0139.npy,4608,2048,512,100.0
1178,New_Delhi,Scene_1_2025-06-12,140,C:\Users\Aditya main\Desktop\Project_Sih\patches\New_Delhi\Scene_1_2025-06-12\patch_0140.npy,4608,2560,512,100.0
1179,New_Delhi,Scene_1_2025-06-12,141,C:\Users\Aditya main\Desktop\Project_Sih\patches\New_Delhi\Scene_1_2025-06-12\patch_0141.npy,4608,3072,512,100.0
1180,New_Delhi,Scene_1_2025-06-12,142,C:\Users\Aditya main\Desktop\Project_Sih\patches\New_Delhi\Scene_1_2025-06-12\patch_0142.npy,4608,3584,512,100.0
1181,New_Delhi,Scene_1_2025-06-12,143,C:\Users\Aditya main\Desktop\Project_Sih\patches\New_Delhi\Scene_1_2025-06-12\patch_0143.npy,4608,4096,512,100.0
1182,New_Delhi,Scene_1_2025-06-12,144,C:\Users\Aditya main\Desktop\Project_Sih\patches\New_Delhi\Scene_1_2025-06-12\patch_0144.npy,4608,4608,512,100.0
1183,New_Delhi,Scene_1_2025-06-12,145,C:\Users\Aditya main\Desktop\Project_Sih\patches\New_Delhi\Scene_1_2025-06-12\patch_0145.npy,4608,5120,512,100.0
1184,New_Delhi,Scene_1_2025-06-12,146,C:\Users\Aditya main\Desktop\Project_Sih\patches\New_Delhi\Scene_1_2025-06-12\patch_0146.npy,4608,5632,512,100.0
1185,New_Delhi,Scene_1_2025-06-12,147,C:\Users\Aditya main\Desktop\Project_Sih\patches\New_Delhi\Scene_1_2025-06-12\patch_0147.npy,4608,6144,512,100.0
1186,New_Delhi,Scene_1_2025-06-12,148,C:\Users\Aditya main\Desktop\Project_Sih\patches\New_Delhi\Scene_1_2025-06-12\patch_0148.npy,4608,6656,512,100.0
1187,New_Delhi,Scene_1_2025-06-12,149,C:\Users\Aditya main\Desktop\Project_Sih\patches\New_Delhi\Scene_1_2025-06-12\patch_0149.npy,4608,7168,512,100.0
1188,New_Delhi,Scene_1_2025-06-12,150,C:\Users\Aditya main\Desktop\Project_Sih\patches\New_Delhi\Scene_1_2025-06-12\patch_0150.npy,5120,0,512,100.0
1189,New_Delhi,Scene_1_2025-06-12,151,C:\Users\Aditya main\Desktop\Project_Sih\patches\New_Delhi\Scene_1_2025-06-12\patch_0151.npy,5120,512,512,100.0
1190,New_Delhi,Scene_1_2025-06-12,152,C:\Users\Aditya main\Desktop\Project_Sih\patches\New_Delhi\Scene_1_2025-06-12\patch_0152.npy,5120,1024,512,100.0
1191,New_Delhi,Scene_1_2025-06-12,153,C:\Users\Aditya main\Desktop\Project_Sih\patches\New_Delhi\Scene_1_2025-06-12\patch_0153.npy,5120,1536,512,100.0
1192,New_Delhi,Scene_1_2025-06-12,154,C:\Users\Aditya main\Desktop\Project_Sih\patches\New_Delhi\Scene_1_2025-06-12\patch_0154.npy,5120,2048,512,100.0
1193,New_Delhi,Scene_1_2025-06-12,155,C:\Users\Aditya main\Desktop\Project_Sih\patches\New_Delhi\Scene_1_2025-06-12\patch_0155.npy,5120,2560,512,100.0
1194,New_Delhi,Scene_1_2025-06-12,156,C:\Users\Aditya main\Desktop\Project_Sih\patches\New_Delhi\Scene_1_2025-06-12\patch_0156.npy,5120,3072,512,100.0
1195,New_Delhi,Scene_1_2025-06-12,157,C:\Users\Aditya main\Desktop\Project_Sih\patches\New_Delhi\Scene_1_2025-06-12\patch_0157.npy,5120,3584,512,100.0
1196,New_Delhi,Scene_1_2025-06-12,158,C:\Users\Aditya main\Desktop\Project_Sih\patches\New_Delhi\Scene_1_2025-06-12\patch_0158.npy,5120,4096,512,100.0
1197,New_Delhi,Scene_1_2025-06-12,159,C:\Users\Aditya main\Desktop\Project_Sih\patches\New_Delhi\Scene_1_2025-06-12\patch_0159.npy,5120,4608,512,100.0
1198,New_Delhi,Scene_1_2025-06-12,160,C:\Users\Aditya main\Desktop\Project_Sih\patches\New_Delhi\Scene_1_2025-06-12\patch_0160.npy,5120,5120,512,100.0
1199,New_Delhi,Scene_1_2025-06-12,161,C:\Users\Aditya main\Desktop\Project_Sih\patches\New_Delhi\Scene_1_2025-06-12\patch_0161.npy,5120,5632,512,100.0
1200,New_Delhi,Scene_1_2025-06-12,162,C:\Users\Aditya main\Desktop\Project_Sih\patches\New_Delhi\Scene_1_2025-06-12\patch_0162.npy,5120,6144,512,100.0
1201,New_Delhi,Scene_1_2025-06-12,163,C:\Users\Aditya main\Desktop\Project_Sih\patches\New_Delhi\Scene_1_2025-06-12\patch_0163.npy,5120,6656,512,100.0
1202,New_Delhi,Scene_1_2025-06-12,164,C:\Users\Aditya main\Desktop\Project_Sih\patches\New_Delhi\Scene_1_2025-06-12\patch_0164.npy,5120,7168,512,100.0
1203,New_Delhi,Scene_1_2025-06-12,165,C:\Users\Aditya main\Desktop\Project_Sih\patches\New_Delhi\Scene_1_2025-06-12\patch_0165.npy,5632,0,512,100.0
1204,New_Delhi,Scene_1_2025-06-12,166,C:\Users\Aditya main\Desktop\Project_Sih\patches\New_Delhi\Scene_1_2025-06-12\patch_0166.npy,5632,512,512,100.0
1205,New_Delhi,Scene_1_2025-06-12,167,C:\Users\Aditya main\Desktop\Project_Sih\patches\New_Delhi\Scene_1_2025-06-12\patch_0167.npy,5632,1024,512,100.0
1206,New_Delhi,Scene_1_2025-06-12,168,C:\Users\Aditya main\Desktop\Project_Sih\patches\New_Delhi\Scene_1_2025-06-12\patch_0168.npy,5632,1536,512,100.0
1207,New_Delhi,Scene_1_2025-06-12,169,C:\Users\Aditya main\Desktop\Project_Sih\patches\New_Delhi\Scene_1_2025-06-12\patch_0169.npy,5632,2048,512,100.0
1208,New_Delhi,Scene_1_2025-06-12,170,C:\Users\Aditya main\Desktop\Project_Sih\patches\New_Delhi\Scene_1_2025-06-12\patch_0170.npy,5632,2560,512,100.0
1209,New_Delhi,Scene_1_2025-06-12,171,C:\Users\Aditya main\Desktop\Project_Sih\patches\New_Delhi\Scene_1_2025-06-12\patch_0171.npy,5632,3072,512,100.0
1210,New_Delhi,Scene_1_2025-06-12,172,C:\Users\Aditya main\Desktop\Project_Sih\patches\New_Delhi\Scene_1_2025-06-12\patch_0172.npy,5632,3584,512,100.0
1211,New_Delhi,Scene_1_2025-06-12,173,C:\Users\Aditya main\Desktop\Project_Sih\patches\New_Delhi\Scene_1_2025-06-12\patch_0173.npy,5632,4096,512,100.0
1212,New_Delhi,Scene_1_2025-06-12,174,C:\Users\Aditya main\Desktop\Project_Sih\patches\New_Delhi\Scene_1_2025-06-12\patch_0174.npy,5632,4608,512,100.0
1213,New_Delhi,Scene_1_2025-06-12,175,C:\Users\Aditya main\Desktop\Project_Sih\patches\New_Delhi\Scene_1_2025-06-12\patch_0175.npy,5632,5120,512,100.0
1214,New_Delhi,Scene_1_2025-06-12,176,C:\Users\Aditya main\Desktop\Project_Sih\patches\New_Delhi\Scene_1_2025-06-12\patch_0176.npy,5632,5632,512,100.0
1215,New_Delhi,Scene_1_2025-06-12,177,C:\Users\Aditya main\Desktop\Project_Sih\patches\New_Delhi\Scene_1_2025-06-12\patch_0177.npy,5632,6144,512,100.0
1216,New_Delhi,Scene_1_2025-06-12,178,C:\Users\Aditya main\Desktop\Project_Sih\patches\New_Delhi\Scene_1_2025-06-12\patch_0178.npy,5632,6656,512,100.0
1217,New_Delhi,Scene_1_2025-06-12,179,C:\Users\Aditya main\Desktop\Project_Sih\patches\New_Delhi\Scene_1_2025-06-12\patch_0179.npy,5632,7168,512,100.0
1218,New_Delhi,Scene_1_2025-06-12,180,C:\Users\Aditya main\Desktop\Project_Sih\patches\New_Delhi\Scene_1_2025-06-12\patch_0180.npy,6144,0,512,100.0
1219,New_Delhi,Scene_1_2025-06-12,181,C:\Users\Aditya main\Desktop\Project_Sih\patches\New_Delhi\Scene_1_2025-06-12\patch_0181.npy,6144,512,512,100.0
1220,New_Delhi,Scene_1_2025-06-12,182,C:\Users\Aditya main\Desktop\Project_Sih\patches\New_Delhi\Scene_1_2025-06-12\patch_0182.npy,6144,1024,512,100.0
1221,New_Delhi,Scene_1_2025-06-12,183,C:\Users\Aditya main\Desktop\Project_Sih\patches\New_Delhi\Scene_1_2025-06-12\patch_0183.npy,6144,1536,512,100.0
1222,New_Delhi,Scene_1_2025-06-12,184,C:\Users\Aditya main\Desktop\Project_Sih\patches\New_Delhi\Scene_1_2025-06-12\patch_0184.npy,6144,2048,512,100.0
1223,New_Delhi,Scene_1_2025-06-12,185,C:\Users\Aditya main\Desktop\Project_Sih\patches\New_Delhi\Scene_1_2025-06-12\patch_0185.npy,6144,2560,512,100.0
1224,New_Delhi,Scene_1_2025-06-12,186,C:\Users\Aditya main\Desktop\Project_Sih\patches\New_Delhi\Scene_1_2025-06-12\patch_0186.npy,6144,3072,512,100.0
1225,New_Delhi,Scene_1_2025-06-12,187,C:\Users\Aditya main\Desktop\Project_Sih\patches\New_Delhi\Scene_1_2025-06-12\patch_0187.npy,6144,3584,512,100.0
1226,New_Delhi,Scene_1_2025-06-12,188,C:\Users\Aditya main\Desktop\Project_Sih\patches\New_Delhi\Scene_1_2025-06-12\patch_0188.npy,6144,4096,512,100.0
1227,New_Delhi,Scene_1_2025-06-12,189,C:\Users\Aditya main\Desktop\Project_Sih\patches\New_Delhi\Scene_1_2025-06-12\patch_0189.npy,6144,4608,512,100.0
1228,New_Delhi,Scene_1_2025-06-12,190,C:\Users\Aditya main\Desktop\Project_Sih\patches\New_Delhi\Scene_1_2025-06-12\patch_0190.npy,6144,5120,512,100.0
1229,New_Delhi,Scene_1_2025-06-12,191,C:\Users\Aditya main\Desktop\Project_Sih\patches\New_Delhi\Scene_1_2025-06-12\patch_0191.npy,6144,5632,512,100.0
1230,New_Delhi,Scene_1_2025-06-12,192,C:\Users\Aditya main\Desktop\Project_Sih\patches\New_Delhi\Scene_1_2025-06-12\patch_0192.npy,6144,6144,512,100.0
1231,New_Delhi,Scene_1_2025-06-12,193,C:\Users\Aditya main\Desktop\Project_Sih\patches\New_Delhi\Scene_1_2025-06-12\patch_0193.npy,6144,6656,512,100.0
1232,New_Delhi,Scene_1_2025-06-12,194,C:\Users\Aditya main\Desktop\Project_Sih\patches\New_Delhi\Scene_1_2025-06-12\patch_0194.npy,6144,7168,512,100.0
1233,New_Delhi,Scene_1_2025-06-12,195,C:\Users\Aditya main\Desktop\Project_Sih\patches\New_Delhi\Scene_1_2025-06-12\patch_0195.npy,6656,0,512,100.0
1234,New_Delhi,Scene_1_2025-06-12,196,C:\Users\Aditya main\Desktop\Project_Sih\patches\New_Delhi\Scene_1_2025-06-12\patch_0196.npy,6656,512,512,100.0
1235,New_Delhi,Scene_1_2025-06-12,197,C:\Users\Aditya main\Desktop\Project_Sih\patches\New_Delhi\Scene_1_2025-06-12\patch_0197.npy,6656,1024,512,100.0
1236,New_Delhi,Scene_1_2025-06-12,198,C:\Users\Aditya main\Desktop\Project_Sih\patches\New_Delhi\Scene_1_2025-06-12\patch_0198.npy,6656,1536,512,100.0
1237,New_Delhi,Scene_1_2025-06-12,199,C:\Users\Aditya main\Desktop\Project_Sih\patches\New_Delhi\Scene_1_2025-06-12\patch_0199.npy,6656,2048,512,100.0
1238,New_Delhi,Scene_1_2025-06-12,200,C:\Users\Aditya main\Desktop\Project_Sih\patches\New_Delhi\Scene_1_2025-06-12\patch_0200.npy,6656,2560,512,100.0
1239,New_Delhi,Scene_1_2025-06-12,201,C:\Users\Aditya main\Desktop\Project_Sih\patches\New_Delhi\Scene_1_2025-06-12\patch_0201.npy,6656,3072,512,100.0
1240,New_Delhi,Scene_1_2025-06-12,202,C:\Users\Aditya main\Desktop\Project_Sih\patches\New_Delhi\Scene_1_2025-06-12\patch_0202.npy,6656,3584,512,100.0
1241,New_Delhi,Scene_1_2025-06-12,203,C:\Users\Aditya main\Desktop\Project_Sih\patches\New_Delhi\Scene_1_2025-06-12\patch_0203.npy,6656,4096,512,100.0
1242,New_Delhi,Scene_1_2025-06-12,204,C:\Users\Aditya main\Desktop\Project_Sih\patches\New_Delhi\Scene_1_2025-06-12\patch_0204.npy,6656,4608,512,100.0
1243,New_Delhi,Scene_1_2025-06-12,205,C:\Users\Aditya main\Desktop\Project_Sih\patches\New_Delhi\Scene_1_2025-06-12\patch_0205.npy,6656,5120,512,100.0
1244,New_Delhi,Scene_1_2025-06-12,206,C:\Users\Aditya main\Desktop\Project_Sih\patches\New_Delhi\Scene_1_2025-06-12\patch_0206.npy,6656,5632,512,100.0
1245,New_Delhi,Scene_1_2025-06-12,207,C:\Users\Aditya main\Desktop\Project_Sih\patches\New_Delhi\Scene_1_2025-06-12\patch_0207.npy,6656,6144,512,100.0
1246,New_Delhi,Scene_1_2025-06-12,208,C:\Users\Aditya main\Desktop\Project_Sih\patches\New_Delhi\Scene_1_2025-06-12\patch_0208.npy,6656,6656,512,100.0
1247,New_Delhi,Scene_1_2025-06-12,209,C:\Users\Aditya main\Desktop\Project_Sih\patches\New_Delhi\Scene_1_2025-06-12\patch_0209.npy,6656,7168,512,100.0
1248,New_Delhi,Scene_1_2025-06-12,210,C:\Users\Aditya main\Desktop\Project_Sih\patches\New_Delhi\Scene_1_2025-06-12\patch_0210.npy,7168,0,512,100.0
1249,New_Delhi,Scene_1_2025-06-12,211,C:\Users\Aditya main\Desktop\Project_Sih\patches\New_Delhi\Scene_1_2025-06-12\patch_0211.npy,7168,512,512,100.0
1250,New_Delhi,Scene_1_2025-06-12,212,C:\Users\Aditya main\Desktop\Project_Sih\patches\New_Delhi\Scene_1_2025-06-12\patch_0212.npy,7168,1024,512,100.0
1251,New_Delhi,Scene_1_2025-06-12,213,C:\Users\Aditya main\Desktop\Project_Sih\patches\New_Delhi\Scene_1_2025-06-12\patch_0213.npy,7168,1536,512,100.0
1252,New_Delhi,Scene_1_2025-06-12,214,C:\Users\Aditya main\Desktop\Project_Sih\patches\New_Delhi\Scene_1_2025-06-12\patch_0214.npy,7168,2048,512,100.0
1253,New_Delhi,Scene_1_2025-06-12,215,C:\Users\Aditya main\Desktop\Project_Sih\patches\New_Delhi\Scene_1_2025-06-12\patch_0215.npy,7168,2560,512,100.0
1254,New_Delhi,Scene_1_2025-06-12,216,C:\Users\Aditya main\Desktop\Project_Sih\patches\New_Delhi\Scene_1_2025-06-12\patch_0216.npy,7168,3072,512,100.0
1255,New_Delhi,Scene_1_2025-06-12,217,C:\Users\Aditya main\Desktop\Project_Sih\patches\New_Delhi\Scene_1_2025-06-12\patch_0217.npy,7168,3584,512,100.0
1256,New_Delhi,Scene_1_2025-06-12,218,C:\Users\Aditya main\Desktop\Project_Sih\patches\New_Delhi\Scene_1_2025-06-12\patch_0218.npy,7168,4096,512,100.0
1257,New_Delhi,Scene_1_2025-06-12,219,C:\Users\Aditya main\Desktop\Project_Sih\patches\New_Delhi\Scene_1_2025-06-12\patch_0219.npy,7168,4608,512,100.0
1258,New_Delhi,Scene_1_2025-06-12,220,C:\Users\Aditya main\Desktop\Project_Sih\patches\New_Delhi\Scene_1_2025-06-12\patch_0220.npy,7168,5120,512,100.0
1259,New_Delhi,Scene_1_2025-06-12,221,C:\Users\Aditya main\Desktop\Project_Sih\patches\New_Delhi\Scene_1_2025-06-12\patch_0221.npy,7168,5632,512,100.0
1260,New_Delhi,Scene_1_2025-06-12,222,C:\Users\Aditya main\Desktop\Project_Sih\patches\New_Delhi\Scene_1_2025-06-12\patch_0222.npy,7168,6144,512,100.0
1261,New_Delhi,Scene_1_2025-06-12,223,C:\Users\Aditya main\Desktop\Project_Sih\patches\New_Delhi\Scene_1_2025-06-12\patch_0223.npy,7168,6656,512,100.0
1262,New_Delhi,Scene_1_2025-06-12,224,C:\Users\Aditya main\Desktop\Project_Sih\patches\New_Delhi\Scene_1_2025-06-12\patch_0224.npy,7168,7168,512,100.0
1263,New_Delhi,Scene_1_2025-06-12,225,C:\Users\Aditya main\Desktop\Project_Sih\patches\New_Delhi\Scene_1_2025-06-12\patch_0225.npy,7680,0,512,100.0
1264,New_Delhi,Scene_1_2025-06-12,226,C:\Users\Aditya main\Desktop\Project_Sih\patches\New_Delhi\Scene_1_2025-06-12\patch_0226.npy,7680,512,512,100.0
1265,New_Delhi,Scene_1_2025-06-12,227,C:\Users\Aditya main\Desktop\Project_Sih\patches\New_Delhi\Scene_1_2025-06-12\patch_0227.npy,7680,1024,512,100.0
1266,New_Delhi,Scene_1_2025-06-12,228,C:\Users\Aditya main\Desktop\Project_Sih\patches\New_Delhi\Scene_1_2025-06-12\patch_0228.npy,7680,1536,512,100.0
1267,New_Delhi,Scene_1_2025-06-12,229,C:\Users\Aditya main\Desktop\Project_Sih\patches\New_Delhi\Scene_1_2025-06-12\patch_0229.npy,7680,2048,512,100.0
1268,New_Delhi,Scene_1_2025-06-12,230,C:\Users\Aditya main\Desktop\Project_Sih\patches\New_Delhi\Scene_1_2025-06-12\patch_0230.npy,7680,2560,512,100.0
1269,New_Delhi,Scene_1_2025-06-12,231,C:\Users\Aditya main\Desktop\Project_Sih\patches\New_Delhi\Scene_1_2025-06-12\patch_0231.npy,7680,3072,512,100.0
1270,New_Delhi,Scene_1_2025-06-12,232,C:\Users\Aditya main\Desktop\Project_Sih\patches\New_Delhi\Scene_1_2025-06-12\patch_0232.npy,7680,3584,512,100.0
1271,New_Delhi,Scene_1_2025-06-12,233,C:\Users\Aditya main\Desktop\Project_Sih\patches\New_Delhi\Scene_1_2025-06-12\patch_0233.npy,7680,4096,512,100.0
1272,New_Delhi,Scene_1_2025-06-12,234,C:\Users\Aditya main\Desktop\Project_Sih\patches\New_Delhi\Scene_1_2025-06-12\patch_0234.npy,7680,4608,512,100.0
1273,New_Delhi,Scene_1_2025-06-12,235,C:\Users\Aditya main\Desktop\Project_Sih\patches\New_Delhi\Scene_1_2025-06-12\patch_0235.npy,7680,5120,512,100.0
1274,New_Delhi,Scene_1_2025-06-12,236,C:\Users\Aditya main\Desktop\Project_Sih\patches\New_Delhi\Scene_1_2025-06-12\patch_0236.npy,7680,5632,512,100.0
1275,New_Delhi,Scene_1_2025-06-12,237,C:\Users\Aditya main\Desktop\Project_Sih\patches\New_Delhi\Scene_1_2025-06-12\patch_0237.npy,7680,6144,512,100.0
1276,New_Delhi,Scene_1_2025-06-12,238,C:\Users\Aditya main\Desktop\Project_Sih\patches\New_Delhi\Scene_1_2025-06-12\patch_0238.npy,7680,6656,512,100.0
1277,New_Delhi,Scene_1_2025-06-12,239,C:\Users\Aditya main\Desktop\Project_Sih\patches\New_Delhi\Scene_1_2025-06-12\patch_0239.npy,7680,7168,512,100.0
1278,New_Delhi,Scene_1_2025-06-12,240,C:\Users\Aditya main\Desktop\Project_Sih\patches\New_Delhi\Scene_1_2025-06-12\patch_0240.npy,8192,0,512,100.0
1279,New_Delhi,Scene_1_2025-06-12,241,C:\Users\Aditya main\Desktop\Project_Sih\patches\New_Delhi\Scene_1_2025-06-12\patch_0241.npy,8192,512,512,100.0
1280,New_Delhi,Scene_1_2025-06-12,242,C:\Users\Aditya main\Desktop\Project_Sih\patches\New_Delhi\Scene_1_2025-06-12\patch_0242.npy,8192,1024,512,100.0
1281,New_Delhi,Scene_1_2025-06-12,243,C:\Users\Aditya main\Desktop\Project_Sih\patches\New_Delhi\Scene_1_2025-06-12\patch_0243.npy,8192,1536,512,100.0
1282,New_Delhi,Scene_1_2025-06-12,244,C:\Users\Aditya main\Desktop\Project_Sih\patches\New_Delhi\Scene_1_2025-06-12\patch_0244.npy,8192,2048,512,100.0
1283,New_Delhi,Scene_1_2025-06-12,245,C:\Users\Aditya main\Desktop\Project_Sih\patches\New_Delhi\Scene_1_2025-06-12\patch_0245.npy,8192,2560,512,100.0
1284,New_Delhi,Scene_1_2025-06-12,246,C:\Users\Aditya main\Desktop\Project_Sih\patches\New_Delhi\Scene_1_2025-06-12\patch_0246.npy,8192,3072,512,100.0
1285,New_Delhi,Scene_1_2025-06-12,247,C:\Users\Aditya main\Desktop\Project_Sih\patches\New_Delhi\Scene_1_2025-06-12\patch_0247.npy,8192,3584,512,100.0
1286,New_Delhi,Scene_1_2025-06-12,248,C:\Users\Aditya main\Desktop\Project_Sih\patches\New_Delhi\Scene_1_2025-06-12\patch_0248.npy,8192,4096,512,100.0
1287,New_Delhi,Scene_1_2025-06-12,249,C:\Users\Aditya main\Desktop\Project_Sih\patches\New_Delhi\Scene_1_2025-06-12\patch_0249.npy,8192,4608,512,100.0
1288,New_Delhi,Scene_1_2025-06-12,250,C:\Users\Aditya main\Desktop\Project_Sih\patches\New_Delhi\Scene_1_2025-06-12\patch_0250.npy,8192,5120,512,100.0
1289,New_Delhi,Scene_1_2025-06-12,251,C:\Users\Aditya main\Desktop\Project_Sih\patches\New_Delhi\Scene_1_2025-06-12\patch_0251.npy,8192,5632,512,100.0
1290,New_Delhi,Scene_1_2025-06-12,252,C:\Users\Aditya main\Desktop\Project_Sih\patches\New_Delhi\Scene_1_2025-06-12\patch_0252.npy,8192,6144,512,100.0
1291,New_Delhi,Scene_1_2025-06-12,253,C:\Users\Aditya main\Desktop\Project_Sih\patches\New_Delhi\Scene_1_2025-06-12\patch_0253.npy,8192,6656,512,100.0
1292,New_Delhi,Scene_1_2025-06-12,254,C:\Users\Aditya main\Desktop\Project_Sih\patches\New_Delhi\Scene_1_2025-06-12\patch_0254.npy,8192,7168,512,100.0
1293,New_Delhi,Scene_2_2025-06-07,0,C:\Users\Aditya main\Desktop\Project_Sih\patches\New_Delhi\Scene_2_2025-06-07\patch_0000.npy,0,512,512,100.0
1294,New_Delhi,Scene_2_2025-06-07,1,C:\Users\Aditya main\Desktop\Project_Sih\patches\New_Delhi\Scene_2_2025-06-07\patch_0001.npy,0,1024,512,97.8912353515625
1295,New_Delhi,Scene_2_2025-06-07,2,C:\Users\Aditya main\Desktop\Project_Sih\patches\New_Delhi\Scene_2_2025-06-07\patch_0002.npy,0,1536,512,100.0
1296,New_Delhi,Scene_2_2025-06-07,3,C:\Users\Aditya main\Desktop\Project_Sih\patches\New_Delhi\Scene_2_2025-06-07\patch_0003.npy,0,2048,512,100.0
1297,New_Delhi,Scene_2_2025-06-07,4,C:\Users\Aditya main\Desktop\Project_Sih\patches\New_Delhi\Scene_2_2025-06-07\patch_0004.npy,0,2560,512,100.0
1298,New_Delhi,Scene_2_2025-06-07,5,C:\Users\Aditya main\Desktop\Project_Sih\patches\New_Delhi\Scene_2_2025-06-07\patch_0005.npy,0,3072,512,98.40850830078124
1299,New_Delhi,Scene_2_2025-06-07,6,C:\Users\Aditya main\Desktop\Project_Sih\patches\New_Delhi\Scene_2_2025-06-07\patch_0006.npy,0,3584,512,99.96185302734376
1300,New_Delhi,Scene_2_2025-06-07,7,C:\Users\Aditya main\Desktop\Project_Sih\patches\New_Delhi\Scene_2_2025-06-07\patch_0007.npy,0,4096,512,100.0
1301,New_Delhi,Scene_2_2025-06-07,8,C:\Users\Aditya main\Desktop\Project_Sih\patches\New_Delhi\Scene_2_2025-06-07\patch_0008.npy,0,4608,512,100.0
1302,New_Delhi,Scene_2_2025-06-07,9,C:\Users\Aditya main\Desktop\Project_Sih\patches\New_Delhi\Scene_2_2025-06-07\patch_0009.npy,0,5120,512,96.124267578125
1303,New_Delhi,Scene_2_2025-06-07,10,C:\Users\Aditya main\Desktop\Project_Sih\patches\New_Delhi\Scene_2_2025-06-07\patch_0010.npy,0,6656,512,100.0
1304,New_Delhi,Scene_2_2025-06-07,11,C:\Users\Aditya main\Desktop\Project_Sih\patches\New_Delhi\Scene_2_2025-06-07\patch_0011.npy,0,7168,512,100.0
1305,New_Delhi,Scene_2_2025-06-07,12,C:\Users\Aditya main\Desktop\Project_Sih\patches\New_Delhi\Scene_2_2025-06-07\patch_0012.npy,512,0,512,99.9847412109375
1306,New_Delhi,Scene_2_2025-06-07,13,C:\Users\Aditya main\Desktop\Project_Sih\patches\New_Delhi\Scene_2_2025-06-07\patch_0013.npy,512,512,512,100.0
1307,New_Delhi,Scene_2_2025-06-07,14,C:\Users\Aditya main\Desktop\Project_Sih\patches\New_Delhi\Scene_2_2025-06-07\patch_0014.npy,512,1024,512,100.0
1308,New_Delhi,Scene_2_2025-06-07,15,C:\Users\Aditya main\Desktop\Project_Sih\patches\New_Delhi\Scene_2_2025-06-07\patch_0015.npy,512,1536,512,100.0
1309,New_Delhi,Scene_2_2025-06-07,16,C:\Users\Aditya main\Desktop\Project_Sih\patches\New_Delhi\Scene_2_2025-06-07\patch_0016.npy,512,2048,512,100.0
1310,New_Delhi,Scene_2_2025-06-07,17,C:\Users\Aditya main\Desktop\Project_Sih\patches\New_Delhi\Scene_2_2025-06-07\patch_0017.npy,512,2560,512,100.0
1311,New_Delhi,Scene_2_2025-06-07,18,C:\Users\Aditya main\Desktop\Project_Sih\patches\New_Delhi\Scene_2_2025-06-07\patch_0018.npy,512,3072,512,100.0
1312,New_Delhi,Scene_2_2025-06-07,19,C:\Users\Aditya main\Desktop\Project_Sih\patches\New_Delhi\Scene_2_2025-06-07\patch_0019.npy,512,3584,512,100.0
1313,New_Delhi,Scene_2_2025-06-07,20,C:\Users\Aditya main\Desktop\Project_Sih\patches\New_Delhi\Scene_2_2025-06-07\patch_0020.npy,512,4096,512,100.0
1314,New_Delhi,Scene_2_2025-06-07,21,C:\Users\Aditya main\Desktop\Project_Sih\patches\New_Delhi\Scene_2_2025-06-07\patch_0021.npy,512,4608,512,99.28131103515624
1315,New_Delhi,Scene_2_2025-06-07,22,C:\Users\Aditya main\Desktop\Project_Sih\patches\New_Delhi\Scene_2_2025-06-07\patch_0022.npy,512,5120,512,100.0
1316,New_Delhi,Scene_2_2025-06-07,23,C:\Users\Aditya main\Desktop\Project_Sih\patches\New_Delhi\Scene_2_2025-06-07\patch_0023.npy,512,6144,512,96.221923828125
1317,New_Delhi,Scene_2_2025-06-07,24,C:\Users\Aditya main\Desktop\Project_Sih\patches\New_Delhi\Scene_2_2025-06-07\patch_0024.npy,512,6656,512,100.0
1318,New_Delhi,Scene_2_2025-06-07,25,C:\Users\Aditya main\Desktop\Project_Sih\patches\New_Delhi\Scene_2_2025-06-07\patch_0025.npy,512,7168,512,100.0
1319,New_Delhi,Scene_2_2025-06-07,26,C:\Users\Aditya main\Desktop\Project_Sih\patches\New_Delhi\Scene_2_2025-06-07\patch_0026.npy,1024,0,512,100.0
1320,New_Delhi,Scene_2_2025-06-07,27,C:\Users\Aditya main\Desktop\Project_Sih\patches\New_Delhi\Scene_2_2025-06-07\patch_0027.npy,1024,512,512,100.0
1321,New_Delhi,Scene_2_2025-06-07,28,C:\Users\Aditya main\Desktop\Project_Sih\patches\New_Delhi\Scene_2_2025-06-07\patch_0028.npy,1024,1024,512,97.2442626953125
1322,New_Delhi,Scene_2_2025-06-07,29,C:\Users\Aditya main\Desktop\Project_Sih\patches\New_Delhi\Scene_2_2025-06-07\patch_0029.npy,1024,1536,512,100.0
1323,New_Delhi,Scene_2_2025-06-07,30,C:\Users\Aditya main\Desktop\Project_Sih\patches\New_Delhi\Scene_2_2025-06-07\patch_0030.npy,1024,2048,512,100.0
1324,New_Delhi,Scene_2_2025-06-07,31,C:\Users\Aditya main\Desktop\Project_Sih\patches\New_Delhi\Scene_2_2025-06-07\patch_0031.npy,1024,2560,512,100.0
1325,New_Delhi,Scene_2_2025-06-07,32,C:\Users\Aditya main\Desktop\Project_Sih\patches\New_Delhi\Scene_2_2025-06-07\patch_0032.npy,1024,3072,512,100.0
1326,New_Delhi,Scene_2_2025-06-07,33,C:\Users\Aditya main\Desktop\Project_Sih\patches\New_Delhi\Scene_2_2025-06-07\patch_0033.npy,1024,3584,512,100.0
1327,New_Delhi,Scene_2_2025-06-07,34,C:\Users\Aditya main\Desktop\Project_Sih\patches\New_Delhi\Scene_2_2025-06-07\patch_0034.npy,1024,4096,512,100.0
1328,New_Delhi,Scene_2_2025-06-07,35,C:\Users\Aditya main\Desktop\Project_Sih\patches\New_Delhi\Scene_2_2025-06-07\patch_0035.npy,1024,4608,512,100.0
1329,New_Delhi,Scene_2_2025-06-07,36,C:\Users\Aditya main\Desktop\Project_Sih\patches\New_Delhi\Scene_2_2025-06-07\patch_0036.npy,1024,5120,512,100.0
1330,New_Delhi,Scene_2_2025-06-07,37,C:\Users\Aditya main\Desktop\Project_Sih\patches\New_Delhi\Scene_2_2025-06-07\patch_0037.npy,1024,5632,512,99.9542236328125
1331,New_Delhi,Scene_2_2025-06-07,38,C:\Users\Aditya main\Desktop\Project_Sih\patches\New_Delhi\Scene_2_2025-06-07\patch_0038.npy,1024,6144,512,99.4140625
1332,New_Delhi,Scene_2_2025-06-07,39,C:\Users\Aditya main\Desktop\Project_Sih\patches\New_Delhi\Scene_2_2025-06-07\patch_0039.npy,1024,6656,512,93.02520751953124
1333,New_Delhi,Scene_2_2025-06-07,40,C:\Users\Aditya main\Desktop\Project_Sih\patches\New_Delhi\Scene_2_2025-06-07\patch_0040.npy,1024,7168,512,100.0
1334,New_Delhi,Scene_2_2025-06-07,41,C:\Users\Aditya main\Desktop\Project_Sih\patches\New_Delhi\Scene_2_2025-06-07\patch_0041.npy,1536,0,512,100.0
1335,New_Delhi,Scene_2_2025-06-07,42,C:\Users\Aditya main\Desktop\Project_Sih\patches\New_Delhi\Scene_2_2025-06-07\patch_0042.npy,1536,512,512,100.0
1336,New_Delhi,Scene_2_2025-06-07,43,C:\Users\Aditya main\Desktop\Project_Sih\patches\New_Delhi\Scene_2_2025-06-07\patch_0043.npy,1536,1024,512,100.0
1337,New_Delhi,Scene_2_2025-06-07,44,C:\Users\Aditya main\Desktop\Project_Sih\patches\New_Delhi\Scene_2_2025-06-07\patch_0044.npy,1536,1536,512,100.0
1338,New_Delhi,Scene_2_2025-06-07,45,C:\Users\Aditya main\Desktop\Project_Sih\patches\New_Delhi\Scene_2_2025-06-07\patch_0045.npy,1536,2048,512,99.90386962890624
1339,New_Delhi,Scene_2_2025-06-07,46,C:\Users\Aditya main\Desktop\Project_Sih\patches\New_Delhi\Scene_2_2025-06-07\patch_0046.npy,1536,2560,512,100.0
1340,New_Delhi,Scene_2_2025-06-07,47,C:\Users\Aditya main\Desktop\Project_Sih\patches\New_Delhi\Scene_2_2025-06-07\patch_0047.npy,1536,3072,512,100.0
1341,New_Delhi,Scene_2_2025-06-07,48,C:\Users\Aditya main\Desktop\Project_Sih\patches\New_Delhi\Scene_2_2025-06-07\patch_0048.npy,1536,3584,512,99.93438720703124
1342,New_Delhi,Scene_2_2025-06-07,49,C:\Users\Aditya main\Desktop\Project_Sih\patches\New_Delhi\Scene_2_2025-06-07\patch_0049.npy,1536,4096,512,100.0
1343,New_Delhi,Scene_2_2025-06-07,50,C:\Users\Aditya main\Desktop\Project_Sih\patches\New_Delhi\Scene_2_2025-06-07\patch_0050.npy,1536,4608,512,100.0
1344,New_Delhi,Scene_2_2025-06-07,51,C:\Users\Aditya main\Desktop\Project_Sih\patches\New_Delhi\Scene_2_2025-06-07\patch_0051.npy,1536,5120,512,100.0
1345,New_Delhi,Scene_2_2025-06-07,52,C:\Users\Aditya main\Desktop\Project_Sih\patches\New_Delhi\Scene_2_2025-06-07\patch_0052.npy,1536,6656,512,98.7396240234375
1346,New_Delhi,Scene_2_2025-06-07,53,C:\Users\Aditya main\Desktop\Project_Sih\patches\New_Delhi\Scene_2_2025-06-07\patch_0053.npy,1536,7168,512,100.0
1347,New_Delhi,Scene_2_2025-06-07,54,C:\Users\Aditya main\Desktop\Project_Sih\patches\New_Delhi\Scene_2_2025-06-07\patch_0054.npy,2048,0,512,100.0
1348,New_Delhi,Scene_2_2025-06-07,55,C:\Users\Aditya main\Desktop\Project_Sih\patches\New_Delhi\Scene_2_2025-06-07\patch_0055.npy,2048,512,512,100.0
1349,New_Delhi,Scene_2_2025-06-07,56,C:\Users\Aditya main\Desktop\Project_Sih\patches\New_Delhi\Scene_2_2025-06-07\patch_0056.npy,2048,1024,512,99.99847412109376
1350,New_Delhi,Scene_2_2025-06-07,57,C:\Users\Aditya main\Desktop\Project_Sih\patches\New_Delhi\Scene_2_2025-06-07\patch_0057.npy,2048,1536,512,100.0
1351,New_Delhi,Scene_2_2025-06-07,58,C:\Users\Aditya main\Desktop\Project_Sih\patches\New_Delhi\Scene_2_2025-06-07\patch_0058.npy,2048,2048,512,100.0
1352,New_Delhi,Scene_2_2025-06-07,59,C:\Users\Aditya main\Desktop\Project_Sih\patches\New_Delhi\Scene_2_2025-06-07\patch_0059.npy,2048,2560,512,100.0
1353,New_Delhi,Scene_2_2025-06-07,60,C:\Users\Aditya main\Desktop\Project_Sih\patches\New_Delhi\Scene_2_2025-06-07\patch_0060.npy,2048,3072,512,100.0
1354,New_Delhi,Scene_2_2025-06-07,61,C:\Users\Aditya main\Desktop\Project_Sih\patches\New_Delhi\Scene_2_2025-06-07\patch_0061.npy,2048,4096,512,99.3316650390625
1355,New_Delhi,Scene_2_2025-06-07,62,C:\Users\Aditya main\Desktop\Project_Sih\patches\New_Delhi\Scene_2_2025-06-07\patch_0062.npy,2048,4608,512,100.0
1356,New_Delhi,Scene_2_2025-06-07,63,C:\Users\Aditya main\Desktop\Project_Sih\patches\New_Delhi\Scene_2_2025-06-07\patch_0063.npy,2048,5120,512,99.1455078125
1357,New_Delhi,Scene_2_2025-06-07,64,C:\Users\Aditya main\Desktop\Project_Sih\patches\New_Delhi\Scene_2_2025-06-07\patch_0064.npy,2048,5632,512,99.5849609375
1358,New_Delhi,Scene_2_2025-06-07,65,C:\Users\Aditya main\Desktop\Project_Sih\patches\New_Delhi\Scene_2_2025-06-07\patch_0065.npy,2048,6144,512,99.9908447265625
1359,New_Delhi,Scene_2_2025-06-07,66,C:\Users\Aditya main\Desktop\Project_Sih\patches\New_Delhi\Scene_2_2025-06-07\patch_0066.npy,2048,6656,512,100.0
1360,New_Delhi,Scene_2_2025-06-07,67,C:\Users\Aditya main\Desktop\Project_Sih\patches\New_Delhi\Scene_2_2025-06-07\patch_0067.npy,2048,7168,512,100.0
1361,New_Delhi,Scene_2_2025-06-07,68,C:\Users\Aditya main\Desktop\Project_Sih\patches\New_Delhi\Scene_2_2025-06-07\patch_0068.npy,2560,0,512,100.0
1362,New_Delhi,Scene_2_2025-06-07,69,C:\Users\Aditya main\Desktop\Project_Sih\patches\New_Delhi\Scene_2_2025-06-07\patch_0069.npy,2560,512,512,99.70855712890624
1363,New_Delhi,Scene_2_2025-06-07,70,C:\Users\Aditya main\Desktop\Project_Sih\patches\New_Delhi\Scene_2_2025-06-07\patch_0070.npy,2560,1024,512,97.73712158203124
1364,New_Delhi,Scene_2_2025-06-07,71,C:\Users\Aditya main\Desktop\Project_Sih\patches\New_Delhi\Scene_2_2025-06-07\patch_0071.npy,2560,1536,512,99.62158203125
1365,New_Delhi,Scene_2_2025-06-07,72,C:\Users\Aditya main\Desktop\Project_Sih\patches\New_Delhi\Scene_2_2025-06-07\patch_0072.npy,2560,2048,512,100.0
1366,New_Delhi,Scene_2_2025-06-07,73,C:\Users\Aditya main\Desktop\Project_Sih\patches\New_Delhi\Scene_2_2025-06-07\patch_0073.npy,2560,2560,512,100.0
1367,New_Delhi,Scene_2_2025-06-07,74,C:\Users\Aditya main\Desktop\Project_Sih\patches\New_Delhi\Scene_2_2025-06-07\patch_0074.npy,2560,3072,512,92.86651611328124
1368,New_Delhi,Scene_2_2025-06-07,75,C:\Users\Aditya main\Desktop\Project_Sih\patches\New_Delhi\Scene_2_2025-06-07\patch_0075.npy,2560,3584,512,94.842529296875
1369,New_Delhi,Scene_2_2025-06-07,76,C:\Users\Aditya main\Desktop\Project_Sih\patches\New_Delhi\Scene_2_2025-06-07\patch_0076.npy,2560,4096,512,93.8140869140625
1370,New_Delhi,Scene_2_2025-06-07,77,C:\Users\Aditya main\Desktop\Project_Sih\patches\New_Delhi\Scene_2_2025-06-07\patch_0077.npy,2560,4608,512,100.0
1371,New_Delhi,Scene_2_2025-06-07,78,C:\Users\Aditya main\Desktop\Project_Sih\patches\New_Delhi\Scene_2_2025-06-07\patch_0078.npy,2560,5120,512,100.0
1372,New_Delhi,Scene_2_2025-06-07,79,C:\Users\Aditya main\Desktop\Project_Sih\patches\New_Delhi\Scene_2_2025-06-07\patch_0079.npy,2560,5632,512,100.0
1373,New_Delhi,Scene_2_2025-06-07,80,C:\Users\Aditya main\Desktop\Project_Sih\patches\New_Delhi\Scene_2_2025-06-07\patch_0080.npy,2560,6144,512,97.1527099609375
1374,New_Delhi,Scene_2_2025-06-07,81,C:\Users\Aditya main\Desktop\Project_Sih\patches\New_Delhi\Scene_2_2025-06-07\patch_0081.npy,2560,6656,512,100.0
1375,New_Delhi,Scene_2_2025-06-07,82,C:\Users\Aditya main\Desktop\Project_Sih\patches\New_Delhi\Scene_2_2025-06-07\patch_0082.npy,2560,7168,512,100.0
1376,New_Delhi,Scene_2_2025-06-07,83,C:\Users\Aditya main\Desktop\Project_Sih\patches\New_Delhi\Scene_2_2025-06-07\patch_0083.npy,3072,0,512,100.0
1377,New_Delhi,Scene_2_2025-06-07,84,C:\Users\Aditya main\Desktop\Project_Sih\patches\New_Delhi\Scene_2_2025-06-07\patch_0084.npy,3072,512,512,100.0
1378,New_Delhi,Scene_2_2025-06-07,85,C:\Users\Aditya main\Desktop\Project_Sih\patches\New_Delhi\Scene_2_2025-06-07\patch_0085.npy,3072,1024,512,97.406005859375
1379,New_Delhi,Scene_2_2025-06-07,86,C:\Users\Aditya main\Desktop\Project_Sih\patches\New_Delhi\Scene_2_2025-06-07\patch_0086.npy,3072,1536,512,100.0
1380,New_Delhi,Scene_2_2025-06-07,87,C:\Users\Aditya main\Desktop\Project_Sih\patches\New_Delhi\Scene_2_2025-06-07\patch_0087.npy,3072,2048,512,100.0
1381,New_Delhi,Scene_2_2025-06-07,88,C:\Users\Aditya main\Desktop\Project_Sih\patches\New_Delhi\Scene_2_2025-06-07\patch_0088.npy,3072,2560,512,96.124267578125
1382,New_Delhi,Scene_2_2025-06-07,89,C:\Users\Aditya main\Desktop\Project_Sih\patches\New_Delhi\Scene_2_2025-06-07\patch_0089.npy,3072,3072,512,97.13287353515624
1383,New_Delhi,Scene_2_2025-06-07,90,C:\Users\Aditya main\Desktop\Project_Sih\patches\New_Delhi\Scene_2_2025-06-07\patch_0090.npy,3072,3584,512,98.09417724609376
1384,New_Delhi,Scene_2_2025-06-07,91,C:\Users\Aditya main\Desktop\Project_Sih\patches\New_Delhi\Scene_2_2025-06-07\patch_0091.npy,3072,4096,512,94.9432373046875
1385,New_Delhi,Scene_2_2025-06-07,92,C:\Users\Aditya main\Desktop\Project_Sih\patches\New_Delhi\Scene_2_2025-06-07\patch_0092.npy,3072,4608,512,100.0
1386,New_Delhi,Scene_2_2025-06-07,93,C:\Users\Aditya main\Desktop\Project_Sih\patches\New_Delhi\Scene_2_2025-06-07\patch_0093.npy,3072,5120,512,94.04449462890624
1387,New_Delhi,Scene_2_2025-06-07,94,C:\Users\Aditya main\Desktop\Project_Sih\patches\New_Delhi\Scene_2_2025-06-07\patch_0094.npy,3072,5632,512,96.72393798828124
1388,New_Delhi,Scene_2_2025-06-07,95,C:\Users\Aditya main\Desktop\Project_Sih\patches\New_Delhi\Scene_2_2025-06-07\patch_0095.npy,3072,6144,512,96.44012451171876
1389,New_Delhi,Scene_2_2025-06-07,96,C:\Users\Aditya main\Desktop\Project_Sih\patches\New_Delhi\Scene_2_2025-06-07\patch_0096.npy,3072,6656,512,95.09429931640624
1390,New_Delhi,Scene_2_2025-06-07,97,C:\Users\Aditya main\Desktop\Project_Sih\patches\New_Delhi\Scene_2_2025-06-07\patch_0097.npy,3584,0,512,99.98016357421876
1391,New_Delhi,Scene_2_2025-06-07,98,C:\Users\Aditya main\Desktop\Project_Sih\patches\New_Delhi\Scene_2_2025-06-07\patch_0098.npy,3584,512,512,100.0
1392,New_Delhi,Scene_2_2025-06-07,99,C:\Users\Aditya main\Desktop\Project_Sih\patches\New_Delhi\Scene_2_2025-06-07\patch_0099.npy,3584,1024,512,99.993896484375
1393,New_Delhi,Scene_2_2025-06-07,100,C:\Users\Aditya main\Desktop\Project_Sih\patches\New_Delhi\Scene_2_2025-06-07\patch_0100.npy,3584,1536,512,100.0
1394,New_Delhi,Scene_2_2025-06-07,101,C:\Users\Aditya main\Desktop\Project_Sih\patches\New_Delhi\Scene_2_2025-06-07\patch_0101.npy,3584,2048,512,99.6185302734375
1395,New_Delhi,Scene_2_2025-06-07,102,C:\Users\Aditya main\Desktop\Project_Sih\patches\New_Delhi\Scene_2_2025-06-07\patch_0102.npy,3584,2560,512,94.7052001953125
1396,New_Delhi,Scene_2_2025-06-07,103,C:\Users\Aditya main\Desktop\Project_Sih\patches\New_Delhi\Scene_2_2025-06-07\patch_0103.npy,3584,3072,512,98.42987060546876
1397,New_Delhi,Scene_2_2025-06-07,104,C:\Users\Aditya main\Desktop\Project_Sih\patches\New_Delhi\Scene_2_2025-06-07\patch_0104.npy,3584,3584,512,99.1455078125
1398,New_Delhi,Scene_2_2025-06-07,105,C:\Users\Aditya main\Desktop\Project_Sih\patches\New_Delhi\Scene_2_2025-06-07\patch_0105.npy,3584,4096,512,99.20654296875
1399,New_Delhi,Scene_2_2025-06-07,106,C:\Users\Aditya main\Desktop\Project_Sih\patches\New_Delhi\Scene_2_2025-06-07\patch_0106.npy,3584,5120,512,99.42626953125
1400,New_Delhi,Scene_2_2025-06-07,107,C:\Users\Aditya main\Desktop\Project_Sih\patches\New_Delhi\Scene_2_2025-06-07\patch_0107.npy,3584,6144,512,93.90869140625
1401,New_Delhi,Scene_2_2025-06-07,108,C:\Users\Aditya main\Desktop\Project_Sih\patches\New_Delhi\Scene_2_2025-06-07\patch_0108.npy,4096,0,512,100.0
1402,New_Delhi,Scene_2_2025-06-07,109,C:\Users\Aditya main\Desktop\Project_Sih\patches\New_Delhi\Scene_2_2025-06-07\patch_0109.npy,4096,512,512,99.32098388671876
1403,New_Delhi,Scene_2_2025-06-07,110,C:\Users\Aditya main\Desktop\Project_Sih\patches\New_Delhi\Scene_2_2025-06-07\patch_0110.npy,4096,1024,512,98.73199462890624
1404,New_Delhi,Scene_2_2025-06-07,111,C:\Users\Aditya main\Desktop\Project_Sih\patches\New_Delhi\Scene_2_2025-06-07\patch_0111.npy,4096,1536,512,99.99237060546876
1405,New_Delhi,Scene_2_2025-06-07,112,C:\Users\Aditya main\Desktop\Project_Sih\patches\New_Delhi\Scene_2_2025-06-07\patch_0112.npy,4096,2560,512,100.0
1406,New_Delhi,Scene_2_2025-06-07,113,C:\Users\Aditya main\Desktop\Project_Sih\patches\New_Delhi\Scene_2_2025-06-07\patch_0113.npy,4096,3072,512,90.1824951171875
1407,New_Delhi,Scene_2_2025-06-07,114,C:\Users\Aditya main\Desktop\Project_Sih\patches\New_Delhi\Scene_2_2025-06-07\patch_0114.npy,4096,3584,512,98.47412109375
1408,New_Delhi,Scene_2_2025-06-07,115,C:\Users\Aditya main\Desktop\Project_Sih\patches\New_Delhi\Scene_2_2025-06-07\patch_0115.npy,4096,4096,512,96.33941650390624
1409,New_Delhi,Scene_2_2025-06-07,116,C:\Users\Aditya main\Desktop\Project_Sih\patches\New_Delhi\Scene_2_2025-06-07\patch_0116.npy,4096,4608,512,99.3804931640625
1410,New_Delhi,Scene_2_2025-06-07,117,C:\Users\Aditya main\Desktop\Project_Sih\patches\New_Delhi\Scene_2_2025-06-07\patch_0117.npy,4096,5120,512,93.646240234375
1411,New_Delhi,Scene_2_2025-06-07,118,C:\Users\Aditya main\Desktop\Project_Sih\patches\New_Delhi\Scene_2_2025-06-07\patch_0118.npy,4096,5632,512,97.2015380859375
1412,New_Delhi,Scene_2_2025-06-07,119,C:\Users\Aditya main\Desktop\Project_Sih\patches\New_Delhi\Scene_2_2025-06-07\patch_0119.npy,4096,6144,512,97.16339111328124
1413,New_Delhi,Scene_2_2025-06-07,120,C:\Users\Aditya main\Desktop\Project_Sih\patches\New_Delhi\Scene_2_2025-06-07\patch_0120.npy,4096,6656,512,93.6553955078125
1414,New_Delhi,Scene_2_2025-06-07,121,C:\Users\Aditya main\Desktop\Project_Sih\patches\New_Delhi\Scene_2_2025-06-07\patch_0121.npy,4096,7168,512,97.271728515625
1415,New_Delhi,Scene_2_2025-06-07,122,C:\Users\Aditya main\Desktop\Project_Sih\patches\New_Delhi\Scene_2_2025-06-07\patch_0122.npy,4608,0,512,100.0
1416,New_Delhi,Scene_2_2025-06-07,123,C:\Users\Aditya main\Desktop\Project_Sih\patches\New_Delhi\Scene_2_2025-06-07\patch_0123.npy,4608,1024,512,95.73974609375
1417,New_Delhi,Scene_2_2025-06-07,124,C:\Users\Aditya main\Desktop\Project_Sih\patches\New_Delhi\Scene_2_2025-06-07\patch_0124.npy,4608,1536,512,95.953369140625
1418,New_Delhi,Scene_2_2025-06-07,125,C:\Users\Aditya main\Desktop\Project_Sih\patches\New_Delhi\Scene_2_2025-06-07\patch_0125.npy,4608,2560,512,100.0
1419,New_Delhi,Scene_2_2025-06-07,126,C:\Users\Aditya main\Desktop\Project_Sih\patches\New_Delhi\Scene_2_2025-06-07\patch_0126.npy,4608,3072,512,100.0
1420,New_Delhi,Scene_2_2025-06-07,127,C:\Users\Aditya main\Desktop\Project_Sih\patches\New_Delhi\Scene_2_2025-06-07\patch_0127.npy,4608,3584,512,99.810791015625
1421,New_Delhi,Scene_2_2025-06-07,128,C:\Users\Aditya main\Desktop\Project_Sih\patches\New_Delhi\Scene_2_2025-06-07\patch_0128.npy,4608,4096,512,100.0
1422,New_Delhi,Scene_2_2025-06-07,129,C:\Users\Aditya main\Desktop\Project_Sih\patches\New_Delhi\Scene_2_2025-06-07\patch_0129.npy,4608,4608,512,99.676513671875
1423,New_Delhi,Scene_2_2025-06-07,130,C:\Users\Aditya main\Desktop\Project_Sih\patches\New_Delhi\Scene_2_2025-06-07\patch_0130.npy,4608,5120,512,93.68896484375
1424,New_Delhi,Scene_2_2025-06-07,131,C:\Users\Aditya main\Desktop\Project_Sih\patches\New_Delhi\Scene_2_2025-06-07\patch_0131.npy,4608,5632,512,94.354248046875
1425,New_Delhi,Scene_2_2025-06-07,132,C:\Users\Aditya main\Desktop\Project_Sih\patches\New_Delhi\Scene_2_2025-06-07\patch_0132.npy,4608,6656,512,98.9410400390625
1426,New_Delhi,Scene_2_2025-06-07,133,C:\Users\Aditya main\Desktop\Project_Sih\patches\New_Delhi\Scene_2_2025-06-07\patch_0133.npy,4608,7168,512,97.8912353515625
1427,New_Delhi,Scene_2_2025-06-07,134,C:\Users\Aditya main\Desktop\Project_Sih\patches\New_Delhi\Scene_2_2025-06-07\patch_0134.npy,5120,0,512,100.0
1428,New_Delhi,Scene_2_2025-06-07,135,C:\Users\Aditya main\Desktop\Project_Sih\patches\New_Delhi\Scene_2_2025-06-07\patch_0135.npy,5120,512,512,100.0
1429,New_Delhi,Scene_2_2025-06-07,136,C:\Users\Aditya main\Desktop\Project_Sih\patches\New_Delhi\Scene_2_2025-06-07\patch_0136.npy,5120,1024,512,100.0
1430,New_Delhi,Scene_2_2025-06-07,137,C:\Users\Aditya main\Desktop\Project_Sih\patches\New_Delhi\Scene_2_2025-06-07\patch_0137.npy,5120,2048,512,98.4375
1431,New_Delhi,Scene_2_2025-06-07,138,C:\Users\Aditya main\Desktop\Project_Sih\patches\New_Delhi\Scene_2_2025-06-07\patch_0138.npy,5120,2560,512,100.0
1432,New_Delhi,Scene_2_2025-06-07,139,C:\Users\Aditya main\Desktop\Project_Sih\patches\New_Delhi\Scene_2_2025-06-07\patch_0139.npy,5120,3072,512,97.45330810546876
1433,New_Delhi,Scene_2_2025-06-07,140,C:\Users\Aditya main\Desktop\Project_Sih\patches\New_Delhi\Scene_2_2025-06-07\patch_0140.npy,5120,3584,512,99.73907470703124
1434,New_Delhi,Scene_2_2025-06-07,141,C:\Users\Aditya main\Desktop\Project_Sih\patches\New_Delhi\Scene_2_2025-06-07\patch_0141.npy,5120,4096,512,100.0
1435,New_Delhi,Scene_2_2025-06-07,142,C:\Users\Aditya main\Desktop\Project_Sih\patches\New_Delhi\Scene_2_2025-06-07\patch_0142.npy,5120,4608,512,100.0
1436,New_Delhi,Scene_2_2025-06-07,143,C:\Users\Aditya main\Desktop\Project_Sih\patches\New_Delhi\Scene_2_2025-06-07\patch_0143.npy,5120,5120,512,97.81036376953124
1437,New_Delhi,Scene_2_2025-06-07,144,C:\Users\Aditya main\Desktop\Project_Sih\patches\New_Delhi\Scene_2_2025-06-07\patch_0144.npy,5120,5632,512,96.1029052734375
1438,New_Delhi,Scene_2_2025-06-07,145,C:\Users\Aditya main\Desktop\Project_Sih\patches\New_Delhi\Scene_2_2025-06-07\patch_0145.npy,5120,6144,512,93.79730224609376
1439,New_Delhi,Scene_2_2025-06-07,146,C:\Users\Aditya main\Desktop\Project_Sih\patches\New_Delhi\Scene_2_2025-06-07\patch_0146.npy,5120,6656,512,95.42236328125
1440,New_Delhi,Scene_2_2025-06-07,147,C:\Users\Aditya main\Desktop\Project_Sih\patches\New_Delhi\Scene_2_2025-06-07\patch_0147.npy,5120,7168,512,99.85809326171876
1441,New_Delhi,Scene_2_2025-06-07,148,C:\Users\Aditya main\Desktop\Project_Sih\patches\New_Delhi\Scene_2_2025-06-07\patch_0148.npy,5632,0,512,100.0
1442,New_Delhi,Scene_2_2025-06-07,149,C:\Users\Aditya main\Desktop\Project_Sih\patches\New_Delhi\Scene_2_2025-06-07\patch_0149.npy,5632,512,512,100.0
1443,New_Delhi,Scene_2_2025-06-07,150,C:\Users\Aditya main\Desktop\Project_Sih\patches\New_Delhi\Scene_2_2025-06-07\patch_0150.npy,5632,1024,512,96.37298583984376
1444,New_Delhi,Scene_2_2025-06-07,151,C:\Users\Aditya main\Desktop\Project_Sih\patches\New_Delhi\Scene_2_2025-06-07\patch_0151.npy,5632,1536,512,94.7296142578125
1445,New_Delhi,Scene_2_2025-06-07,152,C:\Users\Aditya main\Desktop\Project_Sih\patches\New_Delhi\Scene_2_2025-06-07\patch_0152.npy,5632,2048,512,100.0
1446,New_Delhi,Scene_2_2025-06-07,153,C:\Users\Aditya main\Desktop\Project_Sih\patches\New_Delhi\Scene_2_2025-06-07\patch_0153.npy,5632,2560,512,94.99359130859376
1447,New_Delhi,Scene_2_2025-06-07,154,C:\Users\Aditya main\Desktop\Project_Sih\patches\New_Delhi\Scene_2_2025-06-07\patch_0154.npy,5632,3072,512,99.02191162109376
1448,New_Delhi,Scene_2_2025-06-07,155,C:\Users\Aditya main\Desktop\Project_Sih\patches\New_Delhi\Scene_2_2025-06-07\patch_0155.npy,5632,3584,512,100.0
1449,New_Delhi,Scene_2_2025-06-07,156,C:\Users\Aditya main\Desktop\Project_Sih\patches\New_Delhi\Scene_2_2025-06-07\patch_0156.npy,5632,4096,512,96.5728759765625
1450,New_Delhi,Scene_2_2025-06-07,157,C:\Users\Aditya main\Desktop\Project_Sih\patches\New_Delhi\Scene_2_2025-06-07\patch_0157.npy,5632,4608,512,95.6573486328125
1451,New_Delhi,Scene_2_2025-06-07,158,C:\Users\Aditya main\Desktop\Project_Sih\patches\New_Delhi\Scene_2_2025-06-07\patch_0158.npy,5632,6656,512,99.67803955078124
1452,New_Delhi,Scene_2_2025-06-07,159,C:\Users\Aditya main\Desktop\Project_Sih\patches\New_Delhi\Scene_2_2025-06-07\patch_0159.npy,5632,7168,512,97.5311279296875
1453,New_Delhi,Scene_2_2025-06-07,160,C:\Users\Aditya main\Desktop\Project_Sih\patches\New_Delhi\Scene_2_2025-06-07\patch_0160.npy,6144,0,512,90.13519287109376
1454,New_Delhi,Scene_2_2025-06-07,161,C:\Users\Aditya main\Desktop\Project_Sih\patches\New_Delhi\Scene_2_2025-06-07\patch_0161.npy,6144,512,512,100.0
1455,New_Delhi,Scene_2_2025-06-07,162,C:\Users\Aditya main\Desktop\Project_Sih\patches\New_Delhi\Scene_2_2025-06-07\patch_0162.npy,6144,1024,512,95.35064697265624
1456,New_Delhi,Scene_2_2025-06-07,163,C:\Users\Aditya main\Desktop\Project_Sih\patches\New_Delhi\Scene_2_2025-06-07\patch_0163.npy,6144,1536,512,100.0
1457,New_Delhi,Scene_2_2025-06-07,164,C:\Users\Aditya main\Desktop\Project_Sih\patches\New_Delhi\Scene_2_2025-06-07\patch_0164.npy,6144,2048,512,100.0
1458,New_Delhi,Scene_2_2025-06-07,165,C:\Users\Aditya main\Desktop\Project_Sih\patches\New_Delhi\Scene_2_2025-06-07\patch_0165.npy,6144,2560,512,100.0
1459,New_Delhi,Scene_2_2025-06-07,166,C:\Users\Aditya main\Desktop\Project_Sih\patches\New_Delhi\Scene_2_2025-06-07\patch_0166.npy,6144,3072,512,100.0
1460,New_Delhi,Scene_2_2025-06-07,167,C:\Users\Aditya main\Desktop\Project_Sih\patches\New_Delhi\Scene_2_2025-06-07\patch_0167.npy,6144,3584,512,100.0
1461,New_Delhi,Scene_2_2025-06-07,168,C:\Users\Aditya main\Desktop\Project_Sih\patches\New_Delhi\Scene_2_2025-06-07\patch_0168.npy,6144,4096,512,99.02496337890624
1462,New_Delhi,Scene_2_2025-06-07,169,C:\Users\Aditya main\Desktop\Project_Sih\patches\New_Delhi\Scene_2_2025-06-07\patch_0169.npy,6144,6656,512,98.88916015625
1463,New_Delhi,Scene_2_2025-06-07,170,C:\Users\Aditya main\Desktop\Project_Sih\patches\New_Delhi\Scene_2_2025-06-07\patch_0170.npy,6656,0,512,96.15936279296876
1464,New_Delhi,Scene_2_2025-06-07,171,C:\Users\Aditya main\Desktop\Project_Sih\patches\New_Delhi\Scene_2_2025-06-07\patch_0171.npy,6656,512,512,100.0
1465,New_Delhi,Scene_2_2025-06-07,172,C:\Users\Aditya main\Desktop\Project_Sih\patches\New_Delhi\Scene_2_2025-06-07\patch_0172.npy,6656,1024,512,100.0
1466,New_Delhi,Scene_2_2025-06-07,173,C:\Users\Aditya main\Desktop\Project_Sih\patches\New_Delhi\Scene_2_2025-06-07\patch_0173.npy,6656,1536,512,100.0
1467,New_Delhi,Scene_2_2025-06-07,174,C:\Users\Aditya main\Desktop\Project_Sih\patches\New_Delhi\Scene_2_2025-06-07\patch_0174.npy,6656,2048,512,100.0
1468,New_Delhi,Scene_2_2025-06-07,175,C:\Users\Aditya main\Desktop\Project_Sih\patches\New_Delhi\Scene_2_2025-06-07\patch_0175.npy,6656,2560,512,100.0
1469,New_Delhi,Scene_2_2025-06-07,176,C:\Users\Aditya main\Desktop\Project_Sih\patches\New_Delhi\Scene_2_2025-06-07\patch_0176.npy,6656,3072,512,99.96185302734376
1470,New_Delhi,Scene_2_2025-06-07,177,C:\Users\Aditya main\Desktop\Project_Sih\patches\New_Delhi\Scene_2_2025-06-07\patch_0177.npy,6656,3584,512,96.97418212890624
1471,New_Delhi,Scene_2_2025-06-07,178,C:\Users\Aditya main\Desktop\Project_Sih\patches\New_Delhi\Scene_2_2025-06-07\patch_0178.npy,6656,4608,512,97.06573486328124
1472,New_Delhi,Scene_2_2025-06-07,179,C:\Users\Aditya main\Desktop\Project_Sih\patches\New_Delhi\Scene_2_2025-06-07\patch_0179.npy,6656,6656,512,93.76220703125
1473,New_Delhi,Scene_2_2025-06-07,180,C:\Users\Aditya main\Desktop\Project_Sih\patches\New_Delhi\Scene_2_2025-06-07\patch_0180.npy,7168,0,512,100.0
1474,New_Delhi,Scene_2_2025-06-07,181,C:\Users\Aditya main\Desktop\Project_Sih\patches\New_Delhi\Scene_2_2025-06-07\patch_0181.npy,7168,512,512,100.0
1475,New_Delhi,Scene_2_2025-06-07,182,C:\Users\Aditya main\Desktop\Project_Sih\patches\New_Delhi\Scene_2_2025-06-07\patch_0182.npy,7168,1024,512,100.0
1476,New_Delhi,Scene_2_2025-06-07,183,C:\Users\Aditya main\Desktop\Project_Sih\patches\New_Delhi\Scene_2_2025-06-07\patch_0183.npy,7168,1536,512,100.0
1477,New_Delhi,Scene_2_2025-06-07,184,C:\Users\Aditya main\Desktop\Project_Sih\patches\New_Delhi\Scene_2_2025-06-07\patch_0184.npy,7168,2048,512,99.676513671875
1478,New_Delhi,Scene_2_2025-06-07,185,C:\Users\Aditya main\Desktop\Project_Sih\patches\New_Delhi\Scene_2_2025-06-07\patch_0185.npy,7168,2560,512,100.0
1479,New_Delhi,Scene_2_2025-06-07,186,C:\Users\Aditya main\Desktop\Project_Sih\patches\New_Delhi\Scene_2_2025-06-07\patch_0186.npy,7168,3072,512,100.0
1480,New_Delhi,Scene_2_2025-06-07,187,C:\Users\Aditya main\Desktop\Project_Sih\patches\New_Delhi\Scene_2_2025-06-07\patch_0187.npy,7168,3584,512,97.45025634765624
1481,New_Delhi,Scene_2_2025-06-07,188,C:\Users\Aditya main\Desktop\Project_Sih\patches\New_Delhi\Scene_2_2025-06-07\patch_0188.npy,7168,4096,512,99.5086669921875
1482,New_Delhi,Scene_2_2025-06-07,189,C:\Users\Aditya main\Desktop\Project_Sih\patches\New_Delhi\Scene_2_2025-06-07\patch_0189.npy,7168,4608,512,100.0
1483,New_Delhi,Scene_2_2025-06-07,190,C:\Users\Aditya main\Desktop\Project_Sih\patches\New_Delhi\Scene_2_2025-06-07\patch_0190.npy,7168,5120,512,94.90966796875
1484,New_Delhi,Scene_2_2025-06-07,191,C:\Users\Aditya main\Desktop\Project_Sih\patches\New_Delhi\Scene_2_2025-06-07\patch_0191.npy,7168,7168,512,100.0
1485,New_Delhi,Scene_2_2025-06-07,192,C:\Users\Aditya main\Desktop\Project_Sih\patches\New_Delhi\Scene_2_2025-06-07\patch_0192.npy,7680,0,512,100.0
1486,New_Delhi,Scene_2_2025-06-07,193,C:\Users\Aditya main\Desktop\Project_Sih\patches\New_Delhi\Scene_2_2025-06-07\patch_0193.npy,7680,512,512,100.0
1487,New_Delhi,Scene_2_2025-06-07,194,C:\Users\Aditya main\Desktop\Project_Sih\patches\New_Delhi\Scene_2_2025-06-07\patch_0194.npy,7680,1024,512,100.0
1488,New_Delhi,Scene_2_2025-06-07,195,C:\Users\Aditya main\Desktop\Project_Sih\patches\New_Delhi\Scene_2_2025-06-07\patch_0195.npy,7680,1536,512,100.0
1489,New_Delhi,Scene_2_2025-06-07,196,C:\Users\Aditya main\Desktop\Project_Sih\patches\New_Delhi\Scene_2_2025-06-07\patch_0196.npy,7680,2048,512,97.7203369140625
1490,New_Delhi,Scene_2_2025-06-07,197,C:\Users\Aditya main\Desktop\Project_Sih\patches\New_Delhi\Scene_2_2025-06-07\patch_0197.npy,7680,2560,512,98.822021484375
1491,New_Delhi,Scene_2_2025-06-07,198,C:\Users\Aditya main\Desktop\Project_Sih\patches\New_Delhi\Scene_2_2025-06-07\patch_0198.npy,7680,3072,512,100.0
1492,New_Delhi,Scene_2_2025-06-07,199,C:\Users\Aditya main\Desktop\Project_Sih\patches\New_Delhi\Scene_2_2025-06-07\patch_0199.npy,7680,3584,512,100.0
1493,New_Delhi,Scene_2_2025-06-07,200,C:\Users\Aditya main\Desktop\Project_Sih\patches\New_Delhi\Scene_2_2025-06-07\patch_0200.npy,7680,4096,512,100.0
1494,New_Delhi,Scene_2_2025-06-07,201,C:\Users\Aditya main\Desktop\Project_Sih\patches\New_Delhi\Scene_2_2025-06-07\patch_0201.npy,7680,4608,512,100.0
1495,New_Delhi,Scene_2_2025-06-07,202,C:\Users\Aditya main\Desktop\Project_Sih\patches\New_Delhi\Scene_2_2025-06-07\patch_0202.npy,7680,5120,512,92.85736083984376
1496,New_Delhi,Scene_2_2025-06-07,203,C:\Users\Aditya main\Desktop\Project_Sih\patches\New_Delhi\Scene_2_2025-06-07\patch_0203.npy,7680,7168,512,98.0560302734375
1497,New_Delhi,Scene_2_2025-06-07,204,C:\Users\Aditya main\Desktop\Project_Sih\patches\New_Delhi\Scene_2_2025-06-07\patch_0204.npy,8192,0,512,100.0
1498,New_Delhi,Scene_2_2025-06-07,205,C:\Users\Aditya main\Desktop\Project_Sih\patches\New_Delhi\Scene_2_2025-06-07\patch_0205.npy,8192,512,512,100.0
1499,New_Delhi,Scene_2_2025-06-07,206,C:\Users\Aditya main\Desktop\Project_Sih\patches\New_Delhi\Scene_2_2025-06-07\patch_0206.npy,8192,1024,512,100.0
1500,New_Delhi,Scene_2_2025-06-07,207,C:\Users\Aditya main\Desktop\Project_Sih\patches\New_Delhi\Scene_2_2025-06-07\patch_0207.npy,8192,1536,512,100.0
1501,New_Delhi,Scene_2_2025-06-07,208,C:\Users\Aditya main\Desktop\Project_Sih\patches\New_Delhi\Scene_2_2025-06-07\patch_0208.npy,8192,2048,512,100.0
1502,New_Delhi,Scene_2_2025-06-07,209,C:\Users\Aditya main\Desktop\Project_Sih\patches\New_Delhi\Scene_2_2025-06-07\patch_0209.npy,8192,2560,512,100.0
1503,New_Delhi,Scene_2_2025-06-07,210,C:\Users\Aditya main\Desktop\Project_Sih\patches\New_Delhi\Scene_2_2025-06-07\patch_0210.npy,8192,3072,512,100.0
1504,New_Delhi,Scene_2_2025-06-07,211,C:\Users\Aditya main\Desktop\Project_Sih\patches\New_Delhi\Scene_2_2025-06-07\patch_0211.npy,8192,3584,512,100.0
1505,New_Delhi,Scene_2_2025-06-07,212,C:\Users\Aditya main\Desktop\Project_Sih\patches\New_Delhi\Scene_2_2025-06-07\patch_0212.npy,8192,4096,512,100.0
1506,New_Delhi,Scene_2_2025-06-07,213,C:\Users\Aditya main\Desktop\Project_Sih\patches\New_Delhi\Scene_2_2025-06-07\patch_0213.npy,8192,4608,512,100.0
1507,New_Delhi,Scene_2_2025-06-07,214,C:\Users\Aditya main\Desktop\Project_Sih\patches\New_Delhi\Scene_2_2025-06-07\patch_0214.npy,8192,5120,512,100.0
1508,New_Delhi,Scene_2_2025-06-07,215,C:\Users\Aditya main\Desktop\Project_Sih\patches\New_Delhi\Scene_2_2025-06-07\patch_0215.npy,8192,5632,512,98.17657470703124
1509,New_Delhi,Scene_2_2025-06-07,216,C:\Users\Aditya main\Desktop\Project_Sih\patches\New_Delhi\Scene_2_2025-06-07\patch_0216.npy,8192,6656,512,90.15350341796876
1510,New_Delhi,Scene_2_2025-06-07,217,C:\Users\Aditya main\Desktop\Project_Sih\patches\New_Delhi\Scene_2_2025-06-07\patch_0217.npy,8192,7168,512,91.90673828125
1511,New_Delhi,Scene_3_2025-05-23,0,C:\Users\Aditya main\Desktop\Project_Sih\patches\New_Delhi\Scene_3_2025-05-23\patch_0000.npy,0,0,512,100.0
1512,New_Delhi,Scene_3_2025-05-23,1,C:\Users\Aditya main\Desktop\Project_Sih\patches\New_Delhi\Scene_3_2025-05-23\patch_0001.npy,0,512,512,100.0
1513,New_Delhi,Scene_3_2025-05-23,2,C:\Users\Aditya main\Desktop\Project_Sih\patches\New_Delhi\Scene_3_2025-05-23\patch_0002.npy,0,1024,512,100.0
1514,New_Delhi,Scene_3_2025-05-23,3,C:\Users\Aditya main\Desktop\Project_Sih\patches\New_Delhi\Scene_3_2025-05-23\patch_0003.npy,0,1536,512,100.0
1515,New_Delhi,Scene_3_2025-05-23,4,C:\Users\Aditya main\Desktop\Project_Sih\patches\New_Delhi\Scene_3_2025-05-23\patch_0004.npy,0,2048,512,100.0
1516,New_Delhi,Scene_3_2025-05-23,5,C:\Users\Aditya main\Desktop\Project_Sih\patches\New_Delhi\Scene_3_2025-05-23\patch_0005.npy,0,2560,512,100.0
1517,New_Delhi,Scene_3_2025-05-23,6,C:\Users\Aditya main\Desktop\Project_Sih\patches\New_Delhi\Scene_3_2025-05-23\patch_0006.npy,0,3072,512,100.0
1518,New_Delhi,Scene_3_2025-05-23,7,C:\Users\Aditya main\Desktop\Project_Sih\patches\New_Delhi\Scene_3_2025-05-23\patch_0007.npy,0,3584,512,100.0
1519,New_Delhi,Scene_3_2025-05-23,8,C:\Users\Aditya main\Desktop\Project_Sih\patches\New_Delhi\Scene_3_2025-05-23\patch_0008.npy,0,4096,512,100.0
1520,New_Delhi,Scene_3_2025-05-23,9,C:\Users\Aditya main\Desktop\Project_Sih\patches\New_Delhi\Scene_3_2025-05-23\patch_0009.npy,0,4608,512,100.0
1521,New_Delhi,Scene_3_2025-05-23,10,C:\Users\Aditya main\Desktop\Project_Sih\patches\New_Delhi\Scene_3_2025-05-23\patch_0010.npy,0,5120,512,100.0
1522,New_Delhi,Scene_3_2025-05-23,11,C:\Users\Aditya main\Desktop\Project_Sih\patches\New_Delhi\Scene_3_2025-05-23\patch_0011.npy,0,5632,512,100.0
1523,New_Delhi,Scene_3_2025-05-23,12,C:\Users\Aditya main\Desktop\Project_Sih\patches\New_Delhi\Scene_3_2025-05-23\patch_0012.npy,0,6144,512,100.0
1524,New_Delhi,Scene_3_2025-05-23,13,C:\Users\Aditya main\Desktop\Project_Sih\patches\New_Delhi\Scene_3_2025-05-23\patch_0013.npy,0,6656,512,100.0
1525,New_Delhi,Scene_3_2025-05-23,14,C:\Users\Aditya main\Desktop\Project_Sih\patches\New_Delhi\Scene_3_2025-05-23\patch_0014.npy,0,7168,512,100.0
1526,New_Delhi,Scene_3_2025-05-23,15,C:\Users\Aditya main\Desktop\Project_Sih\patches\New_Delhi\Scene_3_2025-05-23\patch_0015.npy,512,0,512,100.0
1527,New_Delhi,Scene_3_2025-05-23,16,C:\Users\Aditya main\Desktop\Project_Sih\patches\New_Delhi\Scene_3_2025-05-23\patch_0016.npy,512,512,512,100.0
1528,New_Delhi,Scene_3_2025-05-23,17,C:\Users\Aditya main\Desktop\Project_Sih\patches\New_Delhi\Scene_3_2025-05-23\patch_0017.npy,512,1024,512,100.0
1529,New_Delhi,Scene_3_2025-05-23,18,C:\Users\Aditya main\Desktop\Project_Sih\patches\New_Delhi\Scene_3_2025-05-23\patch_0018.npy,512,1536,512,100.0
1530,New_Delhi,Scene_3_2025-05-23,19,C:\Users\Aditya main\Desktop\Project_Sih\patches\New_Delhi\Scene_3_2025-05-23\patch_0019.npy,512,2048,512,100.0
1531,New_Delhi,Scene_3_2025-05-23,20,C:\Users\Aditya main\Desktop\Project_Sih\patches\New_Delhi\Scene_3_2025-05-23\patch_0020.npy,512,2560,512,100.0
1532,New_Delhi,Scene_3_2025-05-23,21,C:\Users\Aditya main\Desktop\Project_Sih\patches\New_Delhi\Scene_3_2025-05-23\patch_0021.npy,512,3072,512,100.0
1533,New_Delhi,Scene_3_2025-05-23,22,C:\Users\Aditya main\Desktop\Project_Sih\patches\New_Delhi\Scene_3_2025-05-23\patch_0022.npy,512,3584,512,100.0
1534,New_Delhi,Scene_3_2025-05-23,23,C:\Users\Aditya main\Desktop\Project_Sih\patches\New_Delhi\Scene_3_2025-05-23\patch_0023.npy,512,4096,512,100.0
1535,New_Delhi,Scene_3_2025-05-23,24,C:\Users\Aditya main\Desktop\Project_Sih\patches\New_Delhi\Scene_3_2025-05-23\patch_0024.npy,512,4608,512,100.0
1536,New_Delhi,Scene_3_2025-05-23,25,C:\Users\Aditya main\Desktop\Project_Sih\patches\New_Delhi\Scene_3_2025-05-23\patch_0025.npy,512,5120,512,100.0
1537,New_Delhi,Scene_3_2025-05-23,26,C:\Users\Aditya main\Desktop\Project_Sih\patches\New_Delhi\Scene_3_2025-05-23\patch_0026.npy,512,5632,512,100.0
1538,New_Delhi,Scene_3_2025-05-23,27,C:\Users\Aditya main\Desktop\Project_Sih\patches\New_Delhi\Scene_3_2025-05-23\patch_0027.npy,512,6144,512,100.0
1539,New_Delhi,Scene_3_2025-05-23,28,C:\Users\Aditya main\Desktop\Project_Sih\patches\New_Delhi\Scene_3_2025-05-23\patch_0028.npy,512,6656,512,100.0
1540,New_Delhi,Scene_3_2025-05-23,29,C:\Users\Aditya main\Desktop\Project_Sih\patches\New_Delhi\Scene_3_2025-05-23\patch_0029.npy,512,7168,512,100.0
1541,New_Delhi,Scene_3_2025-05-23,30,C:\Users\Aditya main\Desktop\Project_Sih\patches\New_Delhi\Scene_3_2025-05-23\patch_0030.npy,1024,0,512,100.0
1542,New_Delhi,Scene_3_2025-05-23,31,C:\Users\Aditya main\Desktop\Project_Sih\patches\New_Delhi\Scene_3_2025-05-23\patch_0031.npy,1024,512,512,100.0
1543,New_Delhi,Scene_3_2025-05-23,32,C:\Users\Aditya main\Desktop\Project_Sih\patches\New_Delhi\Scene_3_2025-05-23\patch_0032.npy,1024,1024,512,100.0
1544,New_Delhi,Scene_3_2025-05-23,33,C:\Users\Aditya main\Desktop\Project_Sih\patches\New_Delhi\Scene_3_2025-05-23\patch_0033.npy,1024,1536,512,100.0
1545,New_Delhi,Scene_3_2025-05-23,34,C:\Users\Aditya main\Desktop\Project_Sih\patches\New_Delhi\Scene_3_2025-05-23\patch_0034.npy,1024,2048,512,100.0
1546,New_Delhi,Scene_3_2025-05-23,35,C:\Users\Aditya main\Desktop\Project_Sih\patches\New_Delhi\Scene_3_2025-05-23\patch_0035.npy,1024,2560,512,100.0
1547,New_Delhi,Scene_3_2025-05-23,36,C:\Users\Aditya main\Desktop\Project_Sih\patches\New_Delhi\Scene_3_2025-05-23\patch_0036.npy,1024,3072,512,100.0
1548,New_Delhi,Scene_3_2025-05-23,37,C:\Users\Aditya main\Desktop\Project_Sih\patches\New_Delhi\Scene_3_2025-05-23\patch_0037.npy,1024,3584,512,100.0
1549,New_Delhi,Scene_3_2025-05-23,38,C:\Users\Aditya main\Desktop\Project_Sih\patches\New_Delhi\Scene_3_2025-05-23\patch_0038.npy,1024,4096,512,100.0
1550,New_Delhi,Scene_3_2025-05-23,39,C:\Users\Aditya main\Desktop\Project_Sih\patches\New_Delhi\Scene_3_2025-05-23\patch_0039.npy,1024,4608,512,100.0
1551,New_Delhi,Scene_3_2025-05-23,40,C:\Users\Aditya main\Desktop\Project_Sih\patches\New_Delhi\Scene_3_2025-05-23\patch_0040.npy,1024,5120,512,100.0
1552,New_Delhi,Scene_3_2025-05-23,41,C:\Users\Aditya main\Desktop\Project_Sih\patches\New_Delhi\Scene_3_2025-05-23\patch_0041.npy,1024,5632,512,100.0
1553,New_Delhi,Scene_3_2025-05-23,42,C:\Users\Aditya main\Desktop\Project_Sih\patches\New_Delhi\Scene_3_2025-05-23\patch_0042.npy,1024,6144,512,100.0
1554,New_Delhi,Scene_3_2025-05-23,43,C:\Users\Aditya main\Desktop\Project_Sih\patches\New_Delhi\Scene_3_2025-05-23\patch_0043.npy,1024,6656,512,100.0
1555,New_Delhi,Scene_3_2025-05-23,44,C:\Users\Aditya main\Desktop\Project_Sih\patches\New_Delhi\Scene_3_2025-05-23\patch_0044.npy,1024,7168,512,100.0
1556,New_Delhi,Scene_3_2025-05-23,45,C:\Users\Aditya main\Desktop\Project_Sih\patches\New_Delhi\Scene_3_2025-05-23\patch_0045.npy,1536,0,512,100.0
1557,New_Delhi,Scene_3_2025-05-23,46,C:\Users\Aditya main\Desktop\Project_Sih\patches\New_Delhi\Scene_3_2025-05-23\patch_0046.npy,1536,512,512,100.0
1558,New_Delhi,Scene_3_2025-05-23,47,C:\Users\Aditya main\Desktop\Project_Sih\patches\New_Delhi\Scene_3_2025-05-23\patch_0047.npy,1536,1024,512,100.0
1559,New_Delhi,Scene_3_2025-05-23,48,C:\Users\Aditya main\Desktop\Project_Sih\patches\New_Delhi\Scene_3_2025-05-23\patch_0048.npy,1536,1536,512,100.0
1560,New_Delhi,Scene_3_2025-05-23,49,C:\Users\Aditya main\Desktop\Project_Sih\patches\New_Delhi\Scene_3_2025-05-23\patch_0049.npy,1536,2048,512,100.0
1561,New_Delhi,Scene_3_2025-05-23,50,C:\Users\Aditya main\Desktop\Project_Sih\patches\New_Delhi\Scene_3_2025-05-23\patch_0050.npy,1536,2560,512,100.0
1562,New_Delhi,Scene_3_2025-05-23,51,C:\Users\Aditya main\Desktop\Project_Sih\patches\New_Delhi\Scene_3_2025-05-23\patch_0051.npy,1536,3072,512,100.0
1563,New_Delhi,Scene_3_2025-05-23,52,C:\Users\Aditya main\Desktop\Project_Sih\patches\New_Delhi\Scene_3_2025-05-23\patch_0052.npy,1536,3584,512,100.0
1564,New_Delhi,Scene_3_2025-05-23,53,C:\Users\Aditya main\Desktop\Project_Sih\patches\New_Delhi\Scene_3_2025-05-23\patch_0053.npy,1536,4096,512,100.0
1565,New_Delhi,Scene_3_2025-05-23,54,C:\Users\Aditya main\Desktop\Project_Sih\patches\New_Delhi\Scene_3_2025-05-23\patch_0054.npy,1536,4608,512,100.0
1566,New_Delhi,Scene_3_2025-05-23,55,C:\Users\Aditya main\Desktop\Project_Sih\patches\New_Delhi\Scene_3_2025-05-23\patch_0055.npy,1536,5120,512,100.0
1567,New_Delhi,Scene_3_2025-05-23,56,C:\Users\Aditya main\Desktop\Project_Sih\patches\New_Delhi\Scene_3_2025-05-23\patch_0056.npy,1536,5632,512,100.0
1568,New_Delhi,Scene_3_2025-05-23,57,C:\Users\Aditya main\Desktop\Project_Sih\patches\New_Delhi\Scene_3_2025-05-23\patch_0057.npy,1536,6144,512,100.0
1569,New_Delhi,Scene_3_2025-05-23,58,C:\Users\Aditya main\Desktop\Project_Sih\patches\New_Delhi\Scene_3_2025-05-23\patch_0058.npy,1536,6656,512,100.0
1570,New_Delhi,Scene_3_2025-05-23,59,C:\Users\Aditya main\Desktop\Project_Sih\patches\New_Delhi\Scene_3_2025-05-23\patch_0059.npy,1536,7168,512,100.0
1571,New_Delhi,Scene_3_2025-05-23,60,C:\Users\Aditya main\Desktop\Project_Sih\patches\New_Delhi\Scene_3_2025-05-23\patch_0060.npy,2048,0,512,100.0
1572,New_Delhi,Scene_3_2025-05-23,61,C:\Users\Aditya main\Desktop\Project_Sih\patches\New_Delhi\Scene_3_2025-05-23\patch_0061.npy,2048,512,512,100.0
1573,New_Delhi,Scene_3_2025-05-23,62,C:\Users\Aditya main\Desktop\Project_Sih\patches\New_Delhi\Scene_3_2025-05-23\patch_0062.npy,2048,1024,512,100.0
1574,New_Delhi,Scene_3_2025-05-23,63,C:\Users\Aditya main\Desktop\Project_Sih\patches\New_Delhi\Scene_3_2025-05-23\patch_0063.npy,2048,1536,512,100.0
1575,New_Delhi,Scene_3_2025-05-23,64,C:\Users\Aditya main\Desktop\Project_Sih\patches\New_Delhi\Scene_3_2025-05-23\patch_0064.npy,2048,2048,512,100.0
1576,New_Delhi,Scene_3_2025-05-23,65,C:\Users\Aditya main\Desktop\Project_Sih\patches\New_Delhi\Scene_3_2025-05-23\patch_0065.npy,2048,2560,512,100.0
1577,New_Delhi,Scene_3_2025-05-23,66,C:\Users\Aditya main\Desktop\Project_Sih\patches\New_Delhi\Scene_3_2025-05-23\patch_0066.npy,2048,3072,512,100.0
1578,New_Delhi,Scene_3_2025-05-23,67,C:\Users\Aditya main\Desktop\Project_Sih\patches\New_Delhi\Scene_3_2025-05-23\patch_0067.npy,2048,3584,512,100.0
1579,New_Delhi,Scene_3_2025-05-23,68,C:\Users\Aditya main\Desktop\Project_Sih\patches\New_Delhi\Scene_3_2025-05-23\patch_0068.npy,2048,4096,512,100.0
1580,New_Delhi,Scene_3_2025-05-23,69,C:\Users\Aditya main\Desktop\Project_Sih\patches\New_Delhi\Scene_3_2025-05-23\patch_0069.npy,2048,4608,512,100.0
1581,New_Delhi,Scene_3_2025-05-23,70,C:\Users\Aditya main\Desktop\Project_Sih\patches\New_Delhi\Scene_3_2025-05-23\patch_0070.npy,2048,5120,512,100.0
1582,New_Delhi,Scene_3_2025-05-23,71,C:\Users\Aditya main\Desktop\Project_Sih\patches\New_Delhi\Scene_3_2025-05-23\patch_0071.npy,2048,5632,512,100.0
1583,New_Delhi,Scene_3_2025-05-23,72,C:\Users\Aditya main\Desktop\Project_Sih\patches\New_Delhi\Scene_3_2025-05-23\patch_0072.npy,2048,6144,512,100.0
1584,New_Delhi,Scene_3_2025-05-23,73,C:\Users\Aditya main\Desktop\Project_Sih\patches\New_Delhi\Scene_3_2025-05-23\patch_0073.npy,2048,6656,512,100.0
1585,New_Delhi,Scene_3_2025-05-23,74,C:\Users\Aditya main\Desktop\Project_Sih\patches\New_Delhi\Scene_3_2025-05-23\patch_0074.npy,2048,7168,512,100.0
1586,New_Delhi,Scene_3_2025-05-23,75,C:\Users\Aditya main\Desktop\Project_Sih\patches\New_Delhi\Scene_3_2025-05-23\patch_0075.npy,2560,0,512,100.0
1587,New_Delhi,Scene_3_2025-05-23,76,C:\Users\Aditya main\Desktop\Project_Sih\patches\New_Delhi\Scene_3_2025-05-23\patch_0076.npy,2560,512,512,100.0
1588,New_Delhi,Scene_3_2025-05-23,77,C:\Users\Aditya main\Desktop\Project_Sih\patches\New_Delhi\Scene_3_2025-05-23\patch_0077.npy,2560,1024,512,100.0
1589,New_Delhi,Scene_3_2025-05-23,78,C:\Users\Aditya main\Desktop\Project_Sih\patches\New_Delhi\Scene_3_2025-05-23\patch_0078.npy,2560,1536,512,100.0
1590,New_Delhi,Scene_3_2025-05-23,79,C:\Users\Aditya main\Desktop\Project_Sih\patches\New_Delhi\Scene_3_2025-05-23\patch_0079.npy,2560,2048,512,100.0
1591,New_Delhi,Scene_3_2025-05-23,80,C:\Users\Aditya main\Desktop\Project_Sih\patches\New_Delhi\Scene_3_2025-05-23\patch_0080.npy,2560,2560,512,100.0
1592,New_Delhi,Scene_3_2025-05-23,81,C:\Users\Aditya main\Desktop\Project_Sih\patches\New_Delhi\Scene_3_2025-05-23\patch_0081.npy,2560,3072,512,100.0
1593,New_Delhi,Scene_3_2025-05-23,82,C:\Users\Aditya main\Desktop\Project_Sih\patches\New_Delhi\Scene_3_2025-05-23\patch_0082.npy,2560,3584,512,100.0
1594,New_Delhi,Scene_3_2025-05-23,83,C:\Users\Aditya main\Desktop\Project_Sih\patches\New_Delhi\Scene_3_2025-05-23\patch_0083.npy,2560,4096,512,100.0
1595,New_Delhi,Scene_3_2025-05-23,84,C:\Users\Aditya main\Desktop\Project_Sih\patches\New_Delhi\Scene_3_2025-05-23\patch_0084.npy,2560,4608,512,99.591064453125
1596,New_Delhi,Scene_3_2025-05-23,85,C:\Users\Aditya main\Desktop\Project_Sih\patches\New_Delhi\Scene_3_2025-05-23\patch_0085.npy,2560,5120,512,100.0
1597,New_Delhi,Scene_3_2025-05-23,86,C:\Users\Aditya main\Desktop\Project_Sih\patches\New_Delhi\Scene_3_2025-05-23\patch_0086.npy,2560,5632,512,100.0
1598,New_Delhi,Scene_3_2025-05-23,87,C:\Users\Aditya main\Desktop\Project_Sih\patches\New_Delhi\Scene_3_2025-05-23\patch_0087.npy,2560,6144,512,100.0
1599,New_Delhi,Scene_3_2025-05-23,88,C:\Users\Aditya main\Desktop\Project_Sih\patches\New_Delhi\Scene_3_2025-05-23\patch_0088.npy,2560,6656,512,100.0
1600,New_Delhi,Scene_3_2025-05-23,89,C:\Users\Aditya main\Desktop\Project_Sih\patches\New_Delhi\Scene_3_2025-05-23\patch_0089.npy,2560,7168,512,100.0
1601,New_Delhi,Scene_3_2025-05-23,90,C:\Users\Aditya main\Desktop\Project_Sih\patches\New_Delhi\Scene_3_2025-05-23\patch_0090.npy,3072,0,512,100.0
1602,New_Delhi,Scene_3_2025-05-23,91,C:\Users\Aditya main\Desktop\Project_Sih\patches\New_Delhi\Scene_3_2025-05-23\patch_0091.npy,3072,512,512,100.0
1603,New_Delhi,Scene_3_2025-05-23,92,C:\Users\Aditya main\Desktop\Project_Sih\patches\New_Delhi\Scene_3_2025-05-23\patch_0092.npy,3072,1024,512,100.0
1604,New_Delhi,Scene_3_2025-05-23,93,C:\Users\Aditya main\Desktop\Project_Sih\patches\New_Delhi\Scene_3_2025-05-23\patch_0093.npy,3072,1536,512,100.0
1605,New_Delhi,Scene_3_2025-05-23,94,C:\Users\Aditya main\Desktop\Project_Sih\patches\New_Delhi\Scene_3_2025-05-23\patch_0094.npy,3072,2048,512,100.0
1606,New_Delhi,Scene_3_2025-05-23,95,C:\Users\Aditya main\Desktop\Project_Sih\patches\New_Delhi\Scene_3_2025-05-23\patch_0095.npy,3072,2560,512,100.0
1607,New_Delhi,Scene_3_2025-05-23,96,C:\Users\Aditya main\Desktop\Project_Sih\patches\New_Delhi\Scene_3_2025-05-23\patch_0096.npy,3072,3072,512,100.0
1608,New_Delhi,Scene_3_2025-05-23,97,C:\Users\Aditya main\Desktop\Project_Sih\patches\New_Delhi\Scene_3_2025-05-23\patch_0097.npy,3072,3584,512,100.0
1609,New_Delhi,Scene_3_2025-05-23,98,C:\Users\Aditya main\Desktop\Project_Sih\patches\New_Delhi\Scene_3_2025-05-23\patch_0098.npy,3072,4096,512,100.0
1610,New_Delhi,Scene_3_2025-05-23,99,C:\Users\Aditya main\Desktop\Project_Sih\patches\New_Delhi\Scene_3_2025-05-23\patch_0099.npy,3072,4608,512,100.0
1611,New_Delhi,Scene_3_2025-05-23,100,C:\Users\Aditya main\Desktop\Project_Sih\patches\New_Delhi\Scene_3_2025-05-23\patch_0100.npy,3072,5120,512,100.0
1612,New_Delhi,Scene_3_2025-05-23,101,C:\Users\Aditya main\Desktop\Project_Sih\patches\New_Delhi\Scene_3_2025-05-23\patch_0101.npy,3072,5632,512,100.0
1613,New_Delhi,Scene_3_2025-05-23,102,C:\Users\Aditya main\Desktop\Project_Sih\patches\New_Delhi\Scene_3_2025-05-23\patch_0102.npy,3072,6144,512,100.0
1614,New_Delhi,Scene_3_2025-05-23,103,C:\Users\Aditya main\Desktop\Project_Sih\patches\New_Delhi\Scene_3_2025-05-23\patch_0103.npy,3072,6656,512,100.0
1615,New_Delhi,Scene_3_2025-05-23,104,C:\Users\Aditya main\Desktop\Project_Sih\patches\New_Delhi\Scene_3_2025-05-23\patch_0104.npy,3072,7168,512,100.0
1616,New_Delhi,Scene_3_2025-05-23,105,C:\Users\Aditya main\Desktop\Project_Sih\patches\New_Delhi\Scene_3_2025-05-23\patch_0105.npy,3584,0,512,100.0
1617,New_Delhi,Scene_3_2025-05-23,106,C:\Users\Aditya main\Desktop\Project_Sih\patches\New_Delhi\Scene_3_2025-05-23\patch_0106.npy,3584,512,512,100.0
1618,New_Delhi,Scene_3_2025-05-23,107,C:\Users\Aditya main\Desktop\Project_Sih\patches\New_Delhi\Scene_3_2025-05-23\patch_0107.npy,3584,1024,512,100.0
1619,New_Delhi,Scene_3_2025-05-23,108,C:\Users\Aditya main\Desktop\Project_Sih\patches\New_Delhi\Scene_3_2025-05-23\patch_0108.npy,3584,1536,512,100.0
1620,New_Delhi,Scene_3_2025-05-23,109,C:\Users\Aditya main\Desktop\Project_Sih\patches\New_Delhi\Scene_3_2025-05-23\patch_0109.npy,3584,2048,512,100.0
1621,New_Delhi,Scene_3_2025-05-23,110,C:\Users\Aditya main\Desktop\Project_Sih\patches\New_Delhi\Scene_3_2025-05-23\patch_0110.npy,3584,2560,512,100.0
1622,New_Delhi,Scene_3_2025-05-23,111,C:\Users\Aditya main\Desktop\Project_Sih\patches\New_Delhi\Scene_3_2025-05-23\patch_0111.npy,3584,3072,512,100.0
1623,New_Delhi,Scene_3_2025-05-23,112,C:\Users\Aditya main\Desktop\Project_Sih\patches\New_Delhi\Scene_3_2025-05-23\patch_0112.npy,3584,3584,512,100.0
1624,New_Delhi,Scene_3_2025-05-23,113,C:\Users\Aditya main\Desktop\Project_Sih\patches\New_Delhi\Scene_3_2025-05-23\patch_0113.npy,3584,4096,512,100.0
1625,New_Delhi,Scene_3_2025-05-23,114,C:\Users\Aditya main\Desktop\Project_Sih\patches\New_Delhi\Scene_3_2025-05-23\patch_0114.npy,3584,4608,512,100.0
1626,New_Delhi,Scene_3_2025-05-23,115,C:\Users\Aditya main\Desktop\Project_Sih\patches\New_Delhi\Scene_3_2025-05-23\patch_0115.npy,3584,5120,512,100.0
1627,New_Delhi,Scene_3_2025-05-23,116,C:\Users\Aditya main\Desktop\Project_Sih\patches\New_Delhi\Scene_3_2025-05-23\patch_0116.npy,3584,5632,512,100.0
1628,New_Delhi,Scene_3_2025-05-23,117,C:\Users\Aditya main\Desktop\Project_Sih\patches\New_Delhi\Scene_3_2025-05-23\patch_0117.npy,3584,6144,512,100.0
1629,New_Delhi,Scene_3_2025-05-23,118,C:\Users\Aditya main\Desktop\Project_Sih\patches\New_Delhi\Scene_3_2025-05-23\patch_0118.npy,3584,6656,512,100.0
1630,New_Delhi,Scene_3_2025-05-23,119,C:\Users\Aditya main\Desktop\Project_Sih\patches\New_Delhi\Scene_3_2025-05-23\patch_0119.npy,3584,7168,512,100.0
1631,New_Delhi,Scene_3_2025-05-23,120,C:\Users\Aditya main\Desktop\Project_Sih\patches\New_Delhi\Scene_3_2025-05-23\patch_0120.npy,4096,0,512,100.0
1632,New_Delhi,Scene_3_2025-05-23,121,C:\Users\Aditya main\Desktop\Project_Sih\patches\New_Delhi\Scene_3_2025-05-23\patch_0121.npy,4096,512,512,100.0
1633,New_Delhi,Scene_3_2025-05-23,122,C:\Users\Aditya main\Desktop\Project_Sih\patches\New_Delhi\Scene_3_2025-05-23\patch_0122.npy,4096,1024,512,100.0
1634,New_Delhi,Scene_3_2025-05-23,123,C:\Users\Aditya main\Desktop\Project_Sih\patches\New_Delhi\Scene_3_2025-05-23\patch_0123.npy,4096,1536,512,100.0
1635,New_Delhi,Scene_3_2025-05-23,124,C:\Users\Aditya main\Desktop\Project_Sih\patches\New_Delhi\Scene_3_2025-05-23\patch_0124.npy,4096,2048,512,100.0
1636,New_Delhi,Scene_3_2025-05-23,125,C:\Users\Aditya main\Desktop\Project_Sih\patches\New_Delhi\Scene_3_2025-05-23\patch_0125.npy,4096,2560,512,100.0
1637,New_Delhi,Scene_3_2025-05-23,126,C:\Users\Aditya main\Desktop\Project_Sih\patches\New_Delhi\Scene_3_2025-05-23\patch_0126.npy,4096,3072,512,100.0
1638,New_Delhi,Scene_3_2025-05-23,127,C:\Users\Aditya main\Desktop\Project_Sih\patches\New_Delhi\Scene_3_2025-05-23\patch_0127.npy,4096,3584,512,100.0
1639,New_Delhi,Scene_3_2025-05-23,128,C:\Users\Aditya main\Desktop\Project_Sih\patches\New_Delhi\Scene_3_2025-05-23\patch_0128.npy,4096,4096,512,100.0
1640,New_Delhi,Scene_3_2025-05-23,129,C:\Users\Aditya main\Desktop\Project_Sih\patches\New_Delhi\Scene_3_2025-05-23\patch_0129.npy,4096,4608,512,100.0
1641,New_Delhi,Scene_3_2025-05-23,130,C:\Users\Aditya main\Desktop\Project_Sih\patches\New_Delhi\Scene_3_2025-05-23\patch_0130.npy,4096,5120,512,100.0
1642,New_Delhi,Scene_3_2025-05-23,131,C:\Users\Aditya main\Desktop\Project_Sih\patches\New_Delhi\Scene_3_2025-05-23\patch_0131.npy,4096,5632,512,100.0
1643,New_Delhi,Scene_3_2025-05-23,132,C:\Users\Aditya main\Desktop\Project_Sih\patches\New_Delhi\Scene_3_2025-05-23\patch_0132.npy,4096,6144,512,100.0
1644,New_Delhi,Scene_3_2025-05-23,133,C:\Users\Aditya main\Desktop\Project_Sih\patches\New_Delhi\Scene_3_2025-05-23\patch_0133.npy,4096,6656,512,100.0
1645,New_Delhi,Scene_3_2025-05-23,134,C:\Users\Aditya main\Desktop\Project_Sih\patches\New_Delhi\Scene_3_2025-05-23\patch_0134.npy,4096,7168,512,100.0
1646,New_Delhi,Scene_3_2025-05-23,135,C:\Users\Aditya main\Desktop\Project_Sih\patches\New_Delhi\Scene_3_2025-05-23\patch_0135.npy,4608,0,512,100.0
1647,New_Delhi,Scene_3_2025-05-23,136,C:\Users\Aditya main\Desktop\Project_Sih\patches\New_Delhi\Scene_3_2025-05-23\patch_0136.npy,4608,512,512,100.0
1648,New_Delhi,Scene_3_2025-05-23,137,C:\Users\Aditya main\Desktop\Project_Sih\patches\New_Delhi\Scene_3_2025-05-23\patch_0137.npy,4608,1024,512,100.0
1649,New_Delhi,Scene_3_2025-05-23,138,C:\Users\Aditya main\Desktop\Project_Sih\patches\New_Delhi\Scene_3_2025-05-23\patch_0138.npy,4608,1536,512,100.0
1650,New_Delhi,Scene_3_2025-05-23,139,C:\Users\Aditya main\Desktop\Project_Sih\patches\New_Delhi\Scene_3_2025-05-23\patch_0139.npy,4608,2048,512,100.0
1651,New_Delhi,Scene_3_2025-05-23,140,C:\Users\Aditya main\Desktop\Project_Sih\patches\New_Delhi\Scene_3_2025-05-23\patch_0140.npy,4608,2560,512,100.0
1652,New_Delhi,Scene_3_2025-05-23,141,C:\Users\Aditya main\Desktop\Project_Sih\patches\New_Delhi\Scene_3_2025-05-23\patch_0141.npy,4608,3072,512,100.0
1653,New_Delhi,Scene_3_2025-05-23,142,C:\Users\Aditya main\Desktop\Project_Sih\patches\New_Delhi\Scene_3_2025-05-23\patch_0142.npy,4608,3584,512,100.0
1654,New_Delhi,Scene_3_2025-05-23,143,C:\Users\Aditya main\Desktop\Project_Sih\patches\New_Delhi\Scene_3_2025-05-23\patch_0143.npy,4608,4096,512,100.0
1655,New_Delhi,Scene_3_2025-05-23,144,C:\Users\Aditya main\Desktop\Project_Sih\patches\New_Delhi\Scene_3_2025-05-23\patch_0144.npy,4608,4608,512,100.0
1656,New_Delhi,Scene_3_2025-05-23,145,C:\Users\Aditya main\Desktop\Project_Sih\patches\New_Delhi\Scene_3_2025-05-23\patch_0145.npy,4608,5120,512,100.0
1657,New_Delhi,Scene_3_2025-05-23,146,C:\Users\Aditya main\Desktop\Project_Sih\patches\New_Delhi\Scene_3_2025-05-23\patch_0146.npy,4608,5632,512,100.0
1658,New_Delhi,Scene_3_2025-05-23,147,C:\Users\Aditya main\Desktop\Project_Sih\patches\New_Delhi\Scene_3_2025-05-23\patch_0147.npy,4608,6144,512,100.0
1659,New_Delhi,Scene_3_2025-05-23,148,C:\Users\Aditya main\Desktop\Project_Sih\patches\New_Delhi\Scene_3_2025-05-23\patch_0148.npy,4608,6656,512,100.0
1660,New_Delhi,Scene_3_2025-05-23,149,C:\Users\Aditya main\Desktop\Project_Sih\patches\New_Delhi\Scene_3_2025-05-23\patch_0149.npy,4608,7168,512,100.0
1661,New_Delhi,Scene_3_2025-05-23,150,C:\Users\Aditya main\Desktop\Project_Sih\patches\New_Delhi\Scene_3_2025-05-23\patch_0150.npy,5120,0,512,100.0
1662,New_Delhi,Scene_3_2025-05-23,151,C:\Users\Aditya main\Desktop\Project_Sih\patches\New_Delhi\Scene_3_2025-05-23\patch_0151.npy,5120,512,512,100.0
1663,New_Delhi,Scene_3_2025-05-23,152,C:\Users\Aditya main\Desktop\Project_Sih\patches\New_Delhi\Scene_3_2025-05-23\patch_0152.npy,5120,1024,512,100.0
1664,New_Delhi,Scene_3_2025-05-23,153,C:\Users\Aditya main\Desktop\Project_Sih\patches\New_Delhi\Scene_3_2025-05-23\patch_0153.npy,5120,1536,512,100.0
1665,New_Delhi,Scene_3_2025-05-23,154,C:\Users\Aditya main\Desktop\Project_Sih\patches\New_Delhi\Scene_3_2025-05-23\patch_0154.npy,5120,2048,512,100.0
1666,New_Delhi,Scene_3_2025-05-23,155,C:\Users\Aditya main\Desktop\Project_Sih\patches\New_Delhi\Scene_3_2025-05-23\patch_0155.npy,5120,2560,512,100.0
1667,New_Delhi,Scene_3_2025-05-23,156,C:\Users\Aditya main\Desktop\Project_Sih\patches\New_Delhi\Scene_3_2025-05-23\patch_0156.npy,5120,3072,512,100.0
1668,New_Delhi,Scene_3_2025-05-23,157,C:\Users\Aditya main\Desktop\Project_Sih\patches\New_Delhi\Scene_3_2025-05-23\patch_0157.npy,5120,3584,512,100.0
1669,New_Delhi,Scene_3_2025-05-23,158,C:\Users\Aditya main\Desktop\Project_Sih\patches\New_Delhi\Scene_3_2025-05-23\patch_0158.npy,5120,4096,512,100.0
1670,New_Delhi,Scene_3_2025-05-23,159,C:\Users\Aditya main\Desktop\Project_Sih\patches\New_Delhi\Scene_3_2025-05-23\patch_0159.npy,5120,4608,512,100.0
1671,New_Delhi,Scene_3_2025-05-23,160,C:\Users\Aditya main\Desktop\Project_Sih\patches\New_Delhi\Scene_3_2025-05-23\patch_0160.npy,5120,5120,512,100.0
1672,New_Delhi,Scene_3_2025-05-23,161,C:\Users\Aditya main\Desktop\Project_Sih\patches\New_Delhi\Scene_3_2025-05-23\patch_0161.npy,5120,5632,512,100.0
1673,New_Delhi,Scene_3_2025-05-23,162,C:\Users\Aditya main\Desktop\Project_Sih\patches\New_Delhi\Scene_3_2025-05-23\patch_0162.npy,5120,6144,512,100.0
1674,New_Delhi,Scene_3_2025-05-23,163,C:\Users\Aditya main\Desktop\Project_Sih\patches\New_Delhi\Scene_3_2025-05-23\patch_0163.npy,5120,6656,512,100.0
1675,New_Delhi,Scene_3_2025-05-23,164,C:\Users\Aditya main\Desktop\Project_Sih\patches\New_Delhi\Scene_3_2025-05-23\patch_0164.npy,5120,7168,512,100.0
1676,New_Delhi,Scene_3_2025-05-23,165,C:\Users\Aditya main\Desktop\Project_Sih\patches\New_Delhi\Scene_3_2025-05-23\patch_0165.npy,5632,0,512,100.0
1677,New_Delhi,Scene_3_2025-05-23,166,C:\Users\Aditya main\Desktop\Project_Sih\patches\New_Delhi\Scene_3_2025-05-23\patch_0166.npy,5632,512,512,100.0
1678,New_Delhi,Scene_3_2025-05-23,167,C:\Users\Aditya main\Desktop\Project_Sih\patches\New_Delhi\Scene_3_2025-05-23\patch_0167.npy,5632,1024,512,100.0
1679,New_Delhi,Scene_3_2025-05-23,168,C:\Users\Aditya main\Desktop\Project_Sih\patches\New_Delhi\Scene_3_2025-05-23\patch_0168.npy,5632,1536,512,100.0
1680,New_Delhi,Scene_3_2025-05-23,169,C:\Users\Aditya main\Desktop\Project_Sih\patches\New_Delhi\Scene_3_2025-05-23\patch_0169.npy,5632,2048,512,100.0
1681,New_Delhi,Scene_3_2025-05-23,170,C:\Users\Aditya main\Desktop\Project_Sih\patches\New_Delhi\Scene_3_2025-05-23\patch_0170.npy,5632,2560,512,100.0
1682,New_Delhi,Scene_3_2025-05-23,171,C:\Users\Aditya main\Desktop\Project_Sih\patches\New_Delhi\Scene_3_2025-05-23\patch_0171.npy,5632,3072,512,100.0
1683,New_Delhi,Scene_3_2025-05-23,172,C:\Users\Aditya main\Desktop\Project_Sih\patches\New_Delhi\Scene_3_2025-05-23\patch_0172.npy,5632,3584,512,100.0
1684,New_Delhi,Scene_3_2025-05-23,173,C:\Users\Aditya main\Desktop\Project_Sih\patches\New_Delhi\Scene_3_2025-05-23\patch_0173.npy,5632,4096,512,100.0
1685,New_Delhi,Scene_3_2025-05-23,174,C:\Users\Aditya main\Desktop\Project_Sih\patches\New_Delhi\Scene_3_2025-05-23\patch_0174.npy,5632,4608,512,100.0
1686,New_Delhi,Scene_3_2025-05-23,175,C:\Users\Aditya main\Desktop\Project_Sih\patches\New_Delhi\Scene_3_2025-05-23\patch_0175.npy,5632,5120,512,100.0
1687,New_Delhi,Scene_3_2025-05-23,176,C:\Users\Aditya main\Desktop\Project_Sih\patches\New_Delhi\Scene_3_2025-05-23\patch_0176.npy,5632,5632,512,100.0
1688,New_Delhi,Scene_3_2025-05-23,177,C:\Users\Aditya main\Desktop\Project_Sih\patches\New_Delhi\Scene_3_2025-05-23\patch_0177.npy,5632,6144,512,100.0
1689,New_Delhi,Scene_3_2025-05-23,178,C:\Users\Aditya main\Desktop\Project_Sih\patches\New_Delhi\Scene_3_2025-05-23\patch_0178.npy,5632,6656,512,100.0
1690,New_Delhi,Scene_3_2025-05-23,179,C:\Users\Aditya main\Desktop\Project_Sih\patches\New_Delhi\Scene_3_2025-05-23\patch_0179.npy,5632,7168,512,100.0
1691,New_Delhi,Scene_3_2025-05-23,180,C:\Users\Aditya main\Desktop\Project_Sih\patches\New_Delhi\Scene_3_2025-05-23\patch_0180.npy,6144,0,512,100.0
1692,New_Delhi,Scene_3_2025-05-23,181,C:\Users\Aditya main\Desktop\Project_Sih\patches\New_Delhi\Scene_3_2025-05-23\patch_0181.npy,6144,512,512,100.0
1693,New_Delhi,Scene_3_2025-05-23,182,C:\Users\Aditya main\Desktop\Project_Sih\patches\New_Delhi\Scene_3_2025-05-23\patch_0182.npy,6144,1024,512,100.0
1694,New_Delhi,Scene_3_2025-05-23,183,C:\Users\Aditya main\Desktop\Project_Sih\patches\New_Delhi\Scene_3_2025-05-23\patch_0183.npy,6144,1536,512,100.0
1695,New_Delhi,Scene_3_2025-05-23,184,C:\Users\Aditya main\Desktop\Project_Sih\patches\New_Delhi\Scene_3_2025-05-23\patch_0184.npy,6144,2048,512,100.0
1696,New_Delhi,Scene_3_2025-05-23,185,C:\Users\Aditya main\Desktop\Project_Sih\patches\New_Delhi\Scene_3_2025-05-23\patch_0185.npy,6144,2560,512,100.0
1697,New_Delhi,Scene_3_2025-05-23,186,C:\Users\Aditya main\Desktop\Project_Sih\patches\New_Delhi\Scene_3_2025-05-23\patch_0186.npy,6144,3072,512,100.0
1698,New_Delhi,Scene_3_2025-05-23,187,C:\Users\Aditya main\Desktop\Project_Sih\patches\New_Delhi\Scene_3_2025-05-23\patch_0187.npy,6144,3584,512,100.0
1699,New_Delhi,Scene_3_2025-05-23,188,C:\Users\Aditya main\Desktop\Project_Sih\patches\New_Delhi\Scene_3_2025-05-23\patch_0188.npy,6144,4096,512,100.0
1700,New_Delhi,Scene_3_2025-05-23,189,C:\Users\Aditya main\Desktop\Project_Sih\patches\New_Delhi\Scene_3_2025-05-23\patch_0189.npy,6144,4608,512,100.0
1701,New_Delhi,Scene_3_2025-05-23,190,C:\Users\Aditya main\Desktop\Project_Sih\patches\New_Delhi\Scene_3_2025-05-23\patch_0190.npy,6144,5120,512,100.0
1702,New_Delhi,Scene_3_2025-05-23,191,C:\Users\Aditya main\Desktop\Project_Sih\patches\New_Delhi\Scene_3_2025-05-23\patch_0191.npy,6144,5632,512,100.0
1703,New_Delhi,Scene_3_2025-05-23,192,C:\Users\Aditya main\Desktop\Project_Sih\patches\New_Delhi\Scene_3_2025-05-23\patch_0192.npy,6144,6144,512,100.0
1704,New_Delhi,Scene_3_2025-05-23,193,C:\Users\Aditya main\Desktop\Project_Sih\patches\New_Delhi\Scene_3_2025-05-23\patch_0193.npy,6144,6656,512,100.0
1705,New_Delhi,Scene_3_2025-05-23,194,C:\Users\Aditya main\Desktop\Project_Sih\patches\New_Delhi\Scene_3_2025-05-23\patch_0194.npy,6144,7168,512,100.0
1706,New_Delhi,Scene_3_2025-05-23,195,C:\Users\Aditya main\Desktop\Project_Sih\patches\New_Delhi\Scene_3_2025-05-23\patch_0195.npy,6656,0,512,100.0
1707,New_Delhi,Scene_3_2025-05-23,196,C:\Users\Aditya main\Desktop\Project_Sih\patches\New_Delhi\Scene_3_2025-05-23\patch_0196.npy,6656,512,512,100.0
1708,New_Delhi,Scene_3_2025-05-23,197,C:\Users\Aditya main\Desktop\Project_Sih\patches\New_Delhi\Scene_3_2025-05-23\patch_0197.npy,6656,1024,512,100.0
1709,New_Delhi,Scene_3_2025-05-23,198,C:\Users\Aditya main\Desktop\Project_Sih\patches\New_Delhi\Scene_3_2025-05-23\patch_0198.npy,6656,1536,512,100.0
1710,New_Delhi,Scene_3_2025-05-23,199,C:\Users\Aditya main\Desktop\Project_Sih\patches\New_Delhi\Scene_3_2025-05-23\patch_0199.npy,6656,2048,512,100.0
1711,New_Delhi,Scene_3_2025-05-23,200,C:\Users\Aditya main\Desktop\Project_Sih\patches\New_Delhi\Scene_3_2025-05-23\patch_0200.npy,6656,2560,512,100.0
1712,New_Delhi,Scene_3_2025-05-23,201,C:\Users\Aditya main\Desktop\Project_Sih\patches\New_Delhi\Scene_3_2025-05-23\patch_0201.npy,6656,3072,512,100.0
1713,New_Delhi,Scene_3_2025-05-23,202,C:\Users\Aditya main\Desktop\Project_Sih\patches\New_Delhi\Scene_3_2025-05-23\patch_0202.npy,6656,3584,512,100.0
1714,New_Delhi,Scene_3_2025-05-23,203,C:\Users\Aditya main\Desktop\Project_Sih\patches\New_Delhi\Scene_3_2025-05-23\patch_0203.npy,6656,4096,512,100.0
1715,New_Delhi,Scene_3_2025-05-23,204,C:\Users\Aditya main\Desktop\Project_Sih\patches\New_Delhi\Scene_3_2025-05-23\patch_0204.npy,6656,4608,512,100.0
1716,New_Delhi,Scene_3_2025-05-23,205,C:\Users\Aditya main\Desktop\Project_Sih\patches\New_Delhi\Scene_3_2025-05-23\patch_0205.npy,6656,5120,512,100.0
1717,New_Delhi,Scene_3_2025-05-23,206,C:\Users\Aditya main\Desktop\Project_Sih\patches\New_Delhi\Scene_3_2025-05-23\patch_0206.npy,6656,5632,512,100.0
1718,New_Delhi,Scene_3_2025-05-23,207,C:\Users\Aditya main\Desktop\Project_Sih\patches\New_Delhi\Scene_3_2025-05-23\patch_0207.npy,6656,6144,512,100.0
1719,New_Delhi,Scene_3_2025-05-23,208,C:\Users\Aditya main\Desktop\Project_Sih\patches\New_Delhi\Scene_3_2025-05-23\patch_0208.npy,6656,6656,512,100.0
1720,New_Delhi,Scene_3_2025-05-23,209,C:\Users\Aditya main\Desktop\Project_Sih\patches\New_Delhi\Scene_3_2025-05-23\patch_0209.npy,6656,7168,512,100.0
1721,New_Delhi,Scene_3_2025-05-23,210,C:\Users\Aditya main\Desktop\Project_Sih\patches\New_Delhi\Scene_3_2025-05-23\patch_0210.npy,7168,0,512,100.0
1722,New_Delhi,Scene_3_2025-05-23,211,C:\Users\Aditya main\Desktop\Project_Sih\patches\New_Delhi\Scene_3_2025-05-23\patch_0211.npy,7168,512,512,100.0
1723,New_Delhi,Scene_3_2025-05-23,212,C:\Users\Aditya main\Desktop\Project_Sih\patches\New_Delhi\Scene_3_2025-05-23\patch_0212.npy,7168,1024,512,100.0
1724,New_Delhi,Scene_3_2025-05-23,213,C:\Users\Aditya main\Desktop\Project_Sih\patches\New_Delhi\Scene_3_2025-05-23\patch_0213.npy,7168,1536,512,100.0
1725,New_Delhi,Scene_3_2025-05-23,214,C:\Users\Aditya main\Desktop\Project_Sih\patches\New_Delhi\Scene_3_2025-05-23\patch_0214.npy,7168,2048,512,100.0
1726,New_Delhi,Scene_3_2025-05-23,215,C:\Users\Aditya main\Desktop\Project_Sih\patches\New_Delhi\Scene_3_2025-05-23\patch_0215.npy,7168,2560,512,100.0
1727,New_Delhi,Scene_3_2025-05-23,216,C:\Users\Aditya main\Desktop\Project_Sih\patches\New_Delhi\Scene_3_2025-05-23\patch_0216.npy,7168,3072,512,100.0
1728,New_Delhi,Scene_3_2025-05-23,217,C:\Users\Aditya main\Desktop\Project_Sih\patches\New_Delhi\Scene_3_2025-05-23\patch_0217.npy,7168,3584,512,100.0
1729,New_Delhi,Scene_3_2025-05-23,218,C:\Users\Aditya main\Desktop\Project_Sih\patches\New_Delhi\Scene_3_2025-05-23\patch_0218.npy,7168,4096,512,100.0
1730,New_Delhi,Scene_3_2025-05-23,219,C:\Users\Aditya main\Desktop\Project_Sih\patches\New_Delhi\Scene_3_2025-05-23\patch_0219.npy,7168,4608,512,100.0
1731,New_Delhi,Scene_3_2025-05-23,220,C:\Users\Aditya main\Desktop\Project_Sih\patches\New_Delhi\Scene_3_2025-05-23\patch_0220.npy,7168,5120,512,100.0
1732,New_Delhi,Scene_3_2025-05-23,221,C:\Users\Aditya main\Desktop\Project_Sih\patches\New_Delhi\Scene_3_2025-05-23\patch_0221.npy,7168,5632,512,100.0
1733,New_Delhi,Scene_3_2025-05-23,222,C:\Users\Aditya main\Desktop\Project_Sih\patches\New_Delhi\Scene_3_2025-05-23\patch_0222.npy,7168,6144,512,100.0
1734,New_Delhi,Scene_3_2025-05-23,223,C:\Users\Aditya main\Desktop\Project_Sih\patches\New_Delhi\Scene_3_2025-05-23\patch_0223.npy,7168,6656,512,100.0
1735,New_Delhi,Scene_3_2025-05-23,224,C:\Users\Aditya main\Desktop\Project_Sih\patches\New_Delhi\Scene_3_2025-05-23\patch_0224.npy,7168,7168,512,100.0
1736,New_Delhi,Scene_3_2025-05-23,225,C:\Users\Aditya main\Desktop\Project_Sih\patches\New_Delhi\Scene_3_2025-05-23\patch_0225.npy,7680,0,512,100.0
1737,New_Delhi,Scene_3_2025-05-23,226,C:\Users\Aditya main\Desktop\Project_Sih\patches\New_Delhi\Scene_3_2025-05-23\patch_0226.npy,7680,512,512,100.0
1738,New_Delhi,Scene_3_2025-05-23,227,C:\Users\Aditya main\Desktop\Project_Sih\patches\New_Delhi\Scene_3_2025-05-23\patch_0227.npy,7680,1024,512,100.0
1739,New_Delhi,Scene_3_2025-05-23,228,C:\Users\Aditya main\Desktop\Project_Sih\patches\New_Delhi\Scene_3_2025-05-23\patch_0228.npy,7680,1536,512,100.0
1740,New_Delhi,Scene_3_2025-05-23,229,C:\Users\Aditya main\Desktop\Project_Sih\patches\New_Delhi\Scene_3_2025-05-23\patch_0229.npy,7680,2048,512,100.0
1741,New_Delhi,Scene_3_2025-05-23,230,C:\Users\Aditya main\Desktop\Project_Sih\patches\New_Delhi\Scene_3_2025-05-23\patch_0230.npy,7680,2560,512,100.0
1742,New_Delhi,Scene_3_2025-05-23,231,C:\Users\Aditya main\Desktop\Project_Sih\patches\New_Delhi\Scene_3_2025-05-23\patch_0231.npy,7680,3072,512,100.0
1743,New_Delhi,Scene_3_2025-05-23,232,C:\Users\Aditya main\Desktop\Project_Sih\patches\New_Delhi\Scene_3_2025-05-23\patch_0232.npy,7680,3584,512,100.0
1744,New_Delhi,Scene_3_2025-05-23,233,C:\Users\Aditya main\Desktop\Project_Sih\patches\New_Delhi\Scene_3_2025-05-23\patch_0233.npy,7680,4096,512,100.0
1745,New_Delhi,Scene_3_2025-05-23,234,C:\Users\Aditya main\Desktop\Project_Sih\patches\New_Delhi\Scene_3_2025-05-23\patch_0234.npy,7680,4608,512,100.0
1746,New_Delhi,Scene_3_2025-05-23,235,C:\Users\Aditya main\Desktop\Project_Sih\patches\New_Delhi\Scene_3_2025-05-23\patch_0235.npy,7680,5120,512,100.0
1747,New_Delhi,Scene_3_2025-05-23,236,C:\Users\Aditya main\Desktop\Project_Sih\patches\New_Delhi\Scene_3_2025-05-23\patch_0236.npy,7680,5632,512,100.0
1748,New_Delhi,Scene_3_2025-05-23,237,C:\Users\Aditya main\Desktop\Project_Sih\patches\New_Delhi\Scene_3_2025-05-23\patch_0237.npy,7680,6144,512,100.0
1749,New_Delhi,Scene_3_2025-05-23,238,C:\Users\Aditya main\Desktop\Project_Sih\patches\New_Delhi\Scene_3_2025-05-23\patch_0238.npy,7680,6656,512,100.0
1750,New_Delhi,Scene_3_2025-05-23,239,C:\Users\Aditya main\Desktop\Project_Sih\patches\New_Delhi\Scene_3_2025-05-23\patch_0239.npy,7680,7168,512,100.0
1751,New_Delhi,Scene_3_2025-05-23,240,C:\Users\Aditya main\Desktop\Project_Sih\patches\New_Delhi\Scene_3_2025-05-23\patch_0240.npy,8192,0,512,100.0
1752,New_Delhi,Scene_3_2025-05-23,241,C:\Users\Aditya main\Desktop\Project_Sih\patches\New_Delhi\Scene_3_2025-05-23\patch_0241.npy,8192,512,512,100.0
1753,New_Delhi,Scene_3_2025-05-23,242,C:\Users\Aditya main\Desktop\Project_Sih\patches\New_Delhi\Scene_3_2025-05-23\patch_0242.npy,8192,1024,512,100.0
1754,New_Delhi,Scene_3_2025-05-23,243,C:\Users\Aditya main\Desktop\Project_Sih\patches\New_Delhi\Scene_3_2025-05-23\patch_0243.npy,8192,1536,512,100.0
1755,New_Delhi,Scene_3_2025-05-23,244,C:\Users\Aditya main\Desktop\Project_Sih\patches\New_Delhi\Scene_3_2025-05-23\patch_0244.npy,8192,2048,512,100.0
1756,New_Delhi,Scene_3_2025-05-23,245,C:\Users\Aditya main\Desktop\Project_Sih\patches\New_Delhi\Scene_3_2025-05-23\patch_0245.npy,8192,2560,512,100.0
1757,New_Delhi,Scene_3_2025-05-23,246,C:\Users\Aditya main\Desktop\Project_Sih\patches\New_Delhi\Scene_3_2025-05-23\patch_0246.npy,8192,3072,512,100.0
1758,New_Delhi,Scene_3_2025-05-23,247,C:\Users\Aditya main\Desktop\Project_Sih\patches\New_Delhi\Scene_3_2025-05-23\patch_0247.npy,8192,3584,512,100.0
1759,New_Delhi,Scene_3_2025-05-23,248,C:\Users\Aditya main\Desktop\Project_Sih\patches\New_Delhi\Scene_3_2025-05-23\patch_0248.npy,8192,4096,512,100.0
1760,New_Delhi,Scene_3_2025-05-23,249,C:\Users\Aditya main\Desktop\Project_Sih\patches\New_Delhi\Scene_3_2025-05-23\patch_0249.npy,8192,4608,512,100.0
1761,New_Delhi,Scene_3_2025-05-23,250,C:\Users\Aditya main\Desktop\Project_Sih\patches\New_Delhi\Scene_3_2025-05-23\patch_0250.npy,8192,5120,512,100.0
1762,New_Delhi,Scene_3_2025-05-23,251,C:\Users\Aditya main\Desktop\Project_Sih\patches\New_Delhi\Scene_3_2025-05-23\patch_0251.npy,8192,5632,512,100.0
1763,New_Delhi,Scene_3_2025-05-23,252,C:\Users\Aditya main\Desktop\Project_Sih\patches\New_Delhi\Scene_3_2025-05-23\patch_0252.npy,8192,6144,512,100.0
1764,New_Delhi,Scene_3_2025-05-23,253,C:\Users\Aditya main\Desktop\Project_Sih\patches\New_Delhi\Scene_3_2025-05-23\patch_0253.npy,8192,6656,512,100.0
1765,New_Delhi,Scene_3_2025-05-23,254,C:\Users\Aditya main\Desktop\Project_Sih\patches\New_Delhi\Scene_3_2025-05-23\patch_0254.npy,8192,7168,512,100.0
1766,New_Delhi,Scene_4_2025-05-13,0,C:\Users\Aditya main\Desktop\Project_Sih\patches\New_Delhi\Scene_4_2025-05-13\patch_0000.npy,0,0,512,100.0
1767,New_Delhi,Scene_4_2025-05-13,1,C:\Users\Aditya main\Desktop\Project_Sih\patches\New_Delhi\Scene_4_2025-05-13\patch_0001.npy,0,512,512,100.0
1768,New_Delhi,Scene_4_2025-05-13,2,C:\Users\Aditya main\Desktop\Project_Sih\patches\New_Delhi\Scene_4_2025-05-13\patch_0002.npy,0,1024,512,100.0
1769,New_Delhi,Scene_4_2025-05-13,3,C:\Users\Aditya main\Desktop\Project_Sih\patches\New_Delhi\Scene_4_2025-05-13\patch_0003.npy,0,1536,512,100.0
1770,New_Delhi,Scene_4_2025-05-13,4,C:\Users\Aditya main\Desktop\Project_Sih\patches\New_Delhi\Scene_4_2025-05-13\patch_0004.npy,0,2048,512,100.0
1771,New_Delhi,Scene_4_2025-05-13,5,C:\Users\Aditya main\Desktop\Project_Sih\patches\New_Delhi\Scene_4_2025-05-13\patch_0005.npy,0,2560,512,100.0
1772,New_Delhi,Scene_4_2025-05-13,6,C:\Users\Aditya main\Desktop\Project_Sih\patches\New_Delhi\Scene_4_2025-05-13\patch_0006.npy,0,3072,512,100.0
1773,New_Delhi,Scene_4_2025-05-13,7,C:\Users\Aditya main\Desktop\Project_Sih\patches\New_Delhi\Scene_4_2025-05-13\patch_0007.npy,0,3584,512,100.0
1774,New_Delhi,Scene_4_2025-05-13,8,C:\Users\Aditya main\Desktop\Project_Sih\patches\New_Delhi\Scene_4_2025-05-13\patch_0008.npy,0,4096,512,100.0
1775,New_Delhi,Scene_4_2025-05-13,9,C:\Users\Aditya main\Desktop\Project_Sih\patches\New_Delhi\Scene_4_2025-05-13\patch_0009.npy,0,4608,512,100.0
1776,New_Delhi,Scene_4_2025-05-13,10,C:\Users\Aditya main\Desktop\Project_Sih\patches\New_Delhi\Scene_4_2025-05-13\patch_0010.npy,0,5120,512,100.0
1777,New_Delhi,Scene_4_2025-05-13,11,C:\Users\Aditya main\Desktop\Project_Sih\patches\New_Delhi\Scene_4_2025-05-13\patch_0011.npy,0,5632,512,100.0
1778,New_Delhi,Scene_4_2025-05-13,12,C:\Users\Aditya main\Desktop\Project_Sih\patches\New_Delhi\Scene_4_2025-05-13\patch_0012.npy,0,6144,512,100.0
1779,New_Delhi,Scene_4_2025-05-13,13,C:\Users\Aditya main\Desktop\Project_Sih\patches\New_Delhi\Scene_4_2025-05-13\patch_0013.npy,0,6656,512,100.0
1780,New_Delhi,Scene_4_2025-05-13,14,C:\Users\Aditya main\Desktop\Project_Sih\patches\New_Delhi\Scene_4_2025-05-13\patch_0014.npy,0,7168,512,100.0
1781,New_Delhi,Scene_4_2025-05-13,15,C:\Users\Aditya main\Desktop\Project_Sih\patches\New_Delhi\Scene_4_2025-05-13\patch_0015.npy,512,0,512,100.0
1782,New_Delhi,Scene_4_2025-05-13,16,C:\Users\Aditya main\Desktop\Project_Sih\patches\New_Delhi\Scene_4_2025-05-13\patch_0016.npy,512,512,512,100.0
1783,New_Delhi,Scene_4_2025-05-13,17,C:\Users\Aditya main\Desktop\Project_Sih\patches\New_Delhi\Scene_4_2025-05-13\patch_0017.npy,512,1024,512,100.0
1784,New_Delhi,Scene_4_2025-05-13,18,C:\Users\Aditya main\Desktop\Project_Sih\patches\New_Delhi\Scene_4_2025-05-13\patch_0018.npy,512,1536,512,100.0
1785,New_Delhi,Scene_4_2025-05-13,19,C:\Users\Aditya main\Desktop\Project_Sih\patches\New_Delhi\Scene_4_2025-05-13\patch_0019.npy,512,2048,512,100.0
1786,New_Delhi,Scene_4_2025-05-13,20,C:\Users\Aditya main\Desktop\Project_Sih\patches\New_Delhi\Scene_4_2025-05-13\patch_0020.npy,512,2560,512,100.0
1787,New_Delhi,Scene_4_2025-05-13,21,C:\Users\Aditya main\Desktop\Project_Sih\patches\New_Delhi\Scene_4_2025-05-13\patch_0021.npy,512,3072,512,100.0
1788,New_Delhi,Scene_4_2025-05-13,22,C:\Users\Aditya main\Desktop\Project_Sih\patches\New_Delhi\Scene_4_2025-05-13\patch_0022.npy,512,3584,512,100.0
1789,New_Delhi,Scene_4_2025-05-13,23,C:\Users\Aditya main\Desktop\Project_Sih\patches\New_Delhi\Scene_4_2025-05-13\patch_0023.npy,512,4096,512,100.0
1790,New_Delhi,Scene_4_2025-05-13,24,C:\Users\Aditya main\Desktop\Project_Sih\patches\New_Delhi\Scene_4_2025-05-13\patch_0024.npy,512,4608,512,100.0
1791,New_Delhi,Scene_4_2025-05-13,25,C:\Users\Aditya main\Desktop\Project_Sih\patches\New_Delhi\Scene_4_2025-05-13\patch_0025.npy,512,5120,512,100.0
1792,New_Delhi,Scene_4_2025-05-13,26,C:\Users\Aditya main\Desktop\Project_Sih\patches\New_Delhi\Scene_4_2025-05-13\patch_0026.npy,512,5632,512,100.0
1793,New_Delhi,Scene_4_2025-05-13,27,C:\Users\Aditya main\Desktop\Project_Sih\patches\New_Delhi\Scene_4_2025-05-13\patch_0027.npy,512,6144,512,100.0
1794,New_Delhi,Scene_4_2025-05-13,28,C:\Users\Aditya main\Desktop\Project_Sih\patches\New_Delhi\Scene_4_2025-05-13\patch_0028.npy,512,6656,512,100.0
1795,New_Delhi,Scene_4_2025-05-13,29,C:\Users\Aditya main\Desktop\Project_Sih\patches\New_Delhi\Scene_4_2025-05-13\patch_0029.npy,512,7168,512,100.0
1796,New_Delhi,Scene_4_2025-05-13,30,C:\Users\Aditya main\Desktop\Project_Sih\patches\New_Delhi\Scene_4_2025-05-13\patch_0030.npy,1024,0,512,100.0
1797,New_Delhi,Scene_4_2025-05-13,31,C:\Users\Aditya main\Desktop\Project_Sih\patches\New_Delhi\Scene_4_2025-05-13\patch_0031.npy,1024,512,512,100.0
1798,New_Delhi,Scene_4_2025-05-13,32,C:\Users\Aditya main\Desktop\Project_Sih\patches\New_Delhi\Scene_4_2025-05-13\patch_0032.npy,1024,1024,512,100.0
1799,New_Delhi,Scene_4_2025-05-13,33,C:\Users\Aditya main\Desktop\Project_Sih\patches\New_Delhi\Scene_4_2025-05-13\patch_0033.npy,1024,1536,512,100.0
1800,New_Delhi,Scene_4_2025-05-13,34,C:\Users\Aditya main\Desktop\Project_Sih\patches\New_Delhi\Scene_4_2025-05-13\patch_0034.npy,1024,2048,512,100.0
1801,New_Delhi,Scene_4_2025-05-13,35,C:\Users\Aditya main\Desktop\Project_Sih\patches\New_Delhi\Scene_4_2025-05-13\patch_0035.npy,1024,2560,512,100.0
1802,New_Delhi,Scene_4_2025-05-13,36,C:\Users\Aditya main\Desktop\Project_Sih\patches\New_Delhi\Scene_4_2025-05-13\patch_0036.npy,1024,3072,512,100.0
1803,New_Delhi,Scene_4_2025-05-13,37,C:\Users\Aditya main\Desktop\Project_Sih\patches\New_Delhi\Scene_4_2025-05-13\patch_0037.npy,1024,3584,512,100.0
1804,New_Delhi,Scene_4_2025-05-13,38,C:\Users\Aditya main\Desktop\Project_Sih\patches\New_Delhi\Scene_4_2025-05-13\patch_0038.npy,1024,4096,512,100.0
1805,New_Delhi,Scene_4_2025-05-13,39,C:\Users\Aditya main\Desktop\Project_Sih\patches\New_Delhi\Scene_4_2025-05-13\patch_0039.npy,1024,4608,512,100.0
1806,New_Delhi,Scene_4_2025-05-13,40,C:\Users\Aditya main\Desktop\Project_Sih\patches\New_Delhi\Scene_4_2025-05-13\patch_0040.npy,1024,5120,512,100.0
1807,New_Delhi,Scene_4_2025-05-13,41,C:\Users\Aditya main\Desktop\Project_Sih\patches\New_Delhi\Scene_4_2025-05-13\patch_0041.npy,1024,5632,512,100.0
1808,New_Delhi,Scene_4_2025-05-13,42,C:\Users\Aditya main\Desktop\Project_Sih\patches\New_Delhi\Scene_4_2025-05-13\patch_0042.npy,1024,6144,512,100.0
1809,New_Delhi,Scene_4_2025-05-13,43,C:\Users\Aditya main\Desktop\Project_Sih\patches\New_Delhi\Scene_4_2025-05-13\patch_0043.npy,1024,6656,512,100.0
1810,New_Delhi,Scene_4_2025-05-13,44,C:\Users\Aditya main\Desktop\Project_Sih\patches\New_Delhi\Scene_4_2025-05-13\patch_0044.npy,1024,7168,512,100.0
1811,New_Delhi,Scene_4_2025-05-13,45,C:\Users\Aditya main\Desktop\Project_Sih\patches\New_Delhi\Scene_4_2025-05-13\patch_0045.npy,1536,0,512,100.0
1812,New_Delhi,Scene_4_2025-05-13,46,C:\Users\Aditya main\Desktop\Project_Sih\patches\New_Delhi\Scene_4_2025-05-13\patch_0046.npy,1536,512,512,100.0
1813,New_Delhi,Scene_4_2025-05-13,47,C:\Users\Aditya main\Desktop\Project_Sih\patches\New_Delhi\Scene_4_2025-05-13\patch_0047.npy,1536,1024,512,100.0
1814,New_Delhi,Scene_4_2025-05-13,48,C:\Users\Aditya main\Desktop\Project_Sih\patches\New_Delhi\Scene_4_2025-05-13\patch_0048.npy,1536,1536,512,100.0
1815,New_Delhi,Scene_4_2025-05-13,49,C:\Users\Aditya main\Desktop\Project_Sih\patches\New_Delhi\Scene_4_2025-05-13\patch_0049.npy,1536,2048,512,100.0
1816,New_Delhi,Scene_4_2025-05-13,50,C:\Users\Aditya main\Desktop\Project_Sih\patches\New_Delhi\Scene_4_2025-05-13\patch_0050.npy,1536,2560,512,100.0
1817,New_Delhi,Scene_4_2025-05-13,51,C:\Users\Aditya main\Desktop\Project_Sih\patches\New_Delhi\Scene_4_2025-05-13\patch_0051.npy,1536,3072,512,100.0
1818,New_Delhi,Scene_4_2025-05-13,52,C:\Users\Aditya main\Desktop\Project_Sih\patches\New_Delhi\Scene_4_2025-05-13\patch_0052.npy,1536,3584,512,100.0
1819,New_Delhi,Scene_4_2025-05-13,53,C:\Users\Aditya main\Desktop\Project_Sih\patches\New_Delhi\Scene_4_2025-05-13\patch_0053.npy,1536,4096,512,100.0
1820,New_Delhi,Scene_4_2025-05-13,54,C:\Users\Aditya main\Desktop\Project_Sih\patches\New_Delhi\Scene_4_2025-05-13\patch_0054.npy,1536,4608,512,100.0
1821,New_Delhi,Scene_4_2025-05-13,55,C:\Users\Aditya main\Desktop\Project_Sih\patches\New_Delhi\Scene_4_2025-05-13\patch_0055.npy,1536,5120,512,100.0
1822,New_Delhi,Scene_4_2025-05-13,56,C:\Users\Aditya main\Desktop\Project_Sih\patches\New_Delhi\Scene_4_2025-05-13\patch_0056.npy,1536,5632,512,100.0
1823,New_Delhi,Scene_4_2025-05-13,57,C:\Users\Aditya main\Desktop\Project_Sih\patches\New_Delhi\Scene_4_2025-05-13\patch_0057.npy,1536,6144,512,100.0
1824,New_Delhi,Scene_4_2025-05-13,58,C:\Users\Aditya main\Desktop\Project_Sih\patches\New_Delhi\Scene_4_2025-05-13\patch_0058.npy,1536,6656,512,100.0
1825,New_Delhi,Scene_4_2025-05-13,59,C:\Users\Aditya main\Desktop\Project_Sih\patches\New_Delhi\Scene_4_2025-05-13\patch_0059.npy,1536,7168,512,100.0
1826,New_Delhi,Scene_4_2025-05-13,60,C:\Users\Aditya main\Desktop\Project_Sih\patches\New_Delhi\Scene_4_2025-05-13\patch_0060.npy,2048,0,512,100.0
1827,New_Delhi,Scene_4_2025-05-13,61,C:\Users\Aditya main\Desktop\Project_Sih\patches\New_Delhi\Scene_4_2025-05-13\patch_0061.npy,2048,512,512,100.0
1828,New_Delhi,Scene_4_2025-05-13,62,C:\Users\Aditya main\Desktop\Project_Sih\patches\New_Delhi\Scene_4_2025-05-13\patch_0062.npy,2048,1024,512,100.0
1829,New_Delhi,Scene_4_2025-05-13,63,C:\Users\Aditya main\Desktop\Project_Sih\patches\New_Delhi\Scene_4_2025-05-13\patch_0063.npy,2048,1536,512,100.0
1830,New_Delhi,Scene_4_2025-05-13,64,C:\Users\Aditya main\Desktop\Project_Sih\patches\New_Delhi\Scene_4_2025-05-13\patch_0064.npy,2048,2048,512,100.0
1831,New_Delhi,Scene_4_2025-05-13,65,C:\Users\Aditya main\Desktop\Project_Sih\patches\New_Delhi\Scene_4_2025-05-13\patch_0065.npy,2048,2560,512,100.0
1832,New_Delhi,Scene_4_2025-05-13,66,C:\Users\Aditya main\Desktop\Project_Sih\patches\New_Delhi\Scene_4_2025-05-13\patch_0066.npy,2048,3072,512,100.0
1833,New_Delhi,Scene_4_2025-05-13,67,C:\Users\Aditya main\Desktop\Project_Sih\patches\New_Delhi\Scene_4_2025-05-13\patch_0067.npy,2048,3584,512,100.0
1834,New_Delhi,Scene_4_2025-05-13,68,C:\Users\Aditya main\Desktop\Project_Sih\patches\New_Delhi\Scene_4_2025-05-13\patch_0068.npy,2048,4096,512,100.0
1835,New_Delhi,Scene_4_2025-05-13,69,C:\Users\Aditya main\Desktop\Project_Sih\patches\New_Delhi\Scene_4_2025-05-13\patch_0069.npy,2048,4608,512,100.0
1836,New_Delhi,Scene_4_2025-05-13,70,C:\Users\Aditya main\Desktop\Project_Sih\patches\New_Delhi\Scene_4_2025-05-13\patch_0070.npy,2048,5120,512,99.29962158203124
1837,New_Delhi,Scene_4_2025-05-13,71,C:\Users\Aditya main\Desktop\Project_Sih\patches\New_Delhi\Scene_4_2025-05-13\patch_0071.npy,2048,5632,512,99.99847412109376
1838,New_Delhi,Scene_4_2025-05-13,72,C:\Users\Aditya main\Desktop\Project_Sih\patches\New_Delhi\Scene_4_2025-05-13\patch_0072.npy,2048,6144,512,100.0
1839,New_Delhi,Scene_4_2025-05-13,73,C:\Users\Aditya main\Desktop\Project_Sih\patches\New_Delhi\Scene_4_2025-05-13\patch_0073.npy,2048,6656,512,99.6246337890625
1840,New_Delhi,Scene_4_2025-05-13,74,C:\Users\Aditya main\Desktop\Project_Sih\patches\New_Delhi\Scene_4_2025-05-13\patch_0074.npy,2048,7168,512,100.0
1841,New_Delhi,Scene_4_2025-05-13,75,C:\Users\Aditya main\Desktop\Project_Sih\patches\New_Delhi\Scene_4_2025-05-13\patch_0075.npy,2560,0,512,100.0
1842,New_Delhi,Scene_4_2025-05-13,76,C:\Users\Aditya main\Desktop\Project_Sih\patches\New_Delhi\Scene_4_2025-05-13\patch_0076.npy,2560,512,512,100.0
1843,New_Delhi,Scene_4_2025-05-13,77,C:\Users\Aditya main\Desktop\Project_Sih\patches\New_Delhi\Scene_4_2025-05-13\patch_0077.npy,2560,1024,512,100.0
1844,New_Delhi,Scene_4_2025-05-13,78,C:\Users\Aditya main\Desktop\Project_Sih\patches\New_Delhi\Scene_4_2025-05-13\patch_0078.npy,2560,1536,512,100.0
1845,New_Delhi,Scene_4_2025-05-13,79,C:\Users\Aditya main\Desktop\Project_Sih\patches\New_Delhi\Scene_4_2025-05-13\patch_0079.npy,2560,2048,512,100.0
1846,New_Delhi,Scene_4_2025-05-13,80,C:\Users\Aditya main\Desktop\Project_Sih\patches\New_Delhi\Scene_4_2025-05-13\patch_0080.npy,2560,2560,512,100.0
1847,New_Delhi,Scene_4_2025-05-13,81,C:\Users\Aditya main\Desktop\Project_Sih\patches\New_Delhi\Scene_4_2025-05-13\patch_0081.npy,2560,3072,512,100.0
1848,New_Delhi,Scene_4_2025-05-13,82,C:\Users\Aditya main\Desktop\Project_Sih\patches\New_Delhi\Scene_4_2025-05-13\patch_0082.npy,2560,3584,512,100.0
1849,New_Delhi,Scene_4_2025-05-13,83,C:\Users\Aditya main\Desktop\Project_Sih\patches\New_Delhi\Scene_4_2025-05-13\patch_0083.npy,2560,4096,512,99.84283447265624
1850,New_Delhi,Scene_4_2025-05-13,84,C:\Users\Aditya main\Desktop\Project_Sih\patches\New_Delhi\Scene_4_2025-05-13\patch_0084.npy,2560,4608,512,99.13330078125
1851,New_Delhi,Scene_4_2025-05-13,85,C:\Users\Aditya main\Desktop\Project_Sih\patches\New_Delhi\Scene_4_2025-05-13\patch_0085.npy,2560,5120,512,100.0
1852,New_Delhi,Scene_4_2025-05-13,86,C:\Users\Aditya main\Desktop\Project_Sih\patches\New_Delhi\Scene_4_2025-05-13\patch_0086.npy,2560,5632,512,100.0
1853,New_Delhi,Scene_4_2025-05-13,87,C:\Users\Aditya main\Desktop\Project_Sih\patches\New_Delhi\Scene_4_2025-05-13\patch_0087.npy,2560,6144,512,100.0
1854,New_Delhi,Scene_4_2025-05-13,88,C:\Users\Aditya main\Desktop\Project_Sih\patches\New_Delhi\Scene_4_2025-05-13\patch_0088.npy,2560,6656,512,100.0
1855,New_Delhi,Scene_4_2025-05-13,89,C:\Users\Aditya main\Desktop\Project_Sih\patches\New_Delhi\Scene_4_2025-05-13\patch_0089.npy,2560,7168,512,100.0
1856,New_Delhi,Scene_4_2025-05-13,90,C:\Users\Aditya main\Desktop\Project_Sih\patches\New_Delhi\Scene_4_2025-05-13\patch_0090.npy,3072,0,512,100.0
1857,New_Delhi,Scene_4_2025-05-13,91,C:\Users\Aditya main\Desktop\Project_Sih\patches\New_Delhi\Scene_4_2025-05-13\patch_0091.npy,3072,512,512,100.0
1858,New_Delhi,Scene_4_2025-05-13,92,C:\Users\Aditya main\Desktop\Project_Sih\patches\New_Delhi\Scene_4_2025-05-13\patch_0092.npy,3072,1024,512,100.0
1859,New_Delhi,Scene_4_2025-05-13,93,C:\Users\Aditya main\Desktop\Project_Sih\patches\New_Delhi\Scene_4_2025-05-13\patch_0093.npy,3072,1536,512,100.0
1860,New_Delhi,Scene_4_2025-05-13,94,C:\Users\Aditya main\Desktop\Project_Sih\patches\New_Delhi\Scene_4_2025-05-13\patch_0094.npy,3072,2048,512,100.0
1861,New_Delhi,Scene_4_2025-05-13,95,C:\Users\Aditya main\Desktop\Project_Sih\patches\New_Delhi\Scene_4_2025-05-13\patch_0095.npy,3072,2560,512,100.0
1862,New_Delhi,Scene_4_2025-05-13,96,C:\Users\Aditya main\Desktop\Project_Sih\patches\New_Delhi\Scene_4_2025-05-13\patch_0096.npy,3072,3072,512,100.0
1863,New_Delhi,Scene_4_2025-05-13,97,C:\Users\Aditya main\Desktop\Project_Sih\patches\New_Delhi\Scene_4_2025-05-13\patch_0097.npy,3072,3584,512,100.0
1864,New_Delhi,Scene_4_2025-05-13,98,C:\Users\Aditya main\Desktop\Project_Sih\patches\New_Delhi\Scene_4_2025-05-13\patch_0098.npy,3072,4096,512,100.0
1865,New_Delhi,Scene_4_2025-05-13,99,C:\Users\Aditya main\Desktop\Project_Sih\patches\New_Delhi\Scene_4_2025-05-13\patch_0099.npy,3072,4608,512,100.0
1866,New_Delhi,Scene_4_2025-05-13,100,C:\Users\Aditya main\Desktop\Project_Sih\patches\New_Delhi\Scene_4_2025-05-13\patch_0100.npy,3072,5120,512,100.0
1867,New_Delhi,Scene_4_2025-05-13,101,C:\Users\Aditya main\Desktop\Project_Sih\patches\New_Delhi\Scene_4_2025-05-13\patch_0101.npy,3072,5632,512,100.0
1868,New_Delhi,Scene_4_2025-05-13,102,C:\Users\Aditya main\Desktop\Project_Sih\patches\New_Delhi\Scene_4_2025-05-13\patch_0102.npy,3072,6144,512,100.0
1869,New_Delhi,Scene_4_2025-05-13,103,C:\Users\Aditya main\Desktop\Project_Sih\patches\New_Delhi\Scene_4_2025-05-13\patch_0103.npy,3072,6656,512,100.0
1870,New_Delhi,Scene_4_2025-05-13,104,C:\Users\Aditya main\Desktop\Project_Sih\patches\New_Delhi\Scene_4_2025-05-13\patch_0104.npy,3072,7168,512,100.0
1871,New_Delhi,Scene_4_2025-05-13,105,C:\Users\Aditya main\Desktop\Project_Sih\patches\New_Delhi\Scene_4_2025-05-13\patch_0105.npy,3584,0,512,100.0
1872,New_Delhi,Scene_4_2025-05-13,106,C:\Users\Aditya main\Desktop\Project_Sih\patches\New_Delhi\Scene_4_2025-05-13\patch_0106.npy,3584,512,512,100.0
1873,New_Delhi,Scene_4_2025-05-13,107,C:\Users\Aditya main\Desktop\Project_Sih\patches\New_Delhi\Scene_4_2025-05-13\patch_0107.npy,3584,1024,512,100.0
1874,New_Delhi,Scene_4_2025-05-13,108,C:\Users\Aditya main\Desktop\Project_Sih\patches\New_Delhi\Scene_4_2025-05-13\patch_0108.npy,3584,1536,512,100.0
1875,New_Delhi,Scene_4_2025-05-13,109,C:\Users\Aditya main\Desktop\Project_Sih\patches\New_Delhi\Scene_4_2025-05-13\patch_0109.npy,3584,2048,512,100.0
1876,New_Delhi,Scene_4_2025-05-13,110,C:\Users\Aditya main\Desktop\Project_Sih\patches\New_Delhi\Scene_4_2025-05-13\patch_0110.npy,3584,2560,512,100.0
1877,New_Delhi,Scene_4_2025-05-13,111,C:\Users\Aditya main\Desktop\Project_Sih\patches\New_Delhi\Scene_4_2025-05-13\patch_0111.npy,3584,3072,512,100.0
1878,New_Delhi,Scene_4_2025-05-13,112,C:\Users\Aditya main\Desktop\Project_Sih\patches\New_Delhi\Scene_4_2025-05-13\patch_0112.npy,3584,3584,512,100.0
1879,New_Delhi,Scene_4_2025-05-13,113,C:\Users\Aditya main\Desktop\Project_Sih\patches\New_Delhi\Scene_4_2025-05-13\patch_0113.npy,3584,4096,512,100.0
1880,New_Delhi,Scene_4_2025-05-13,114,C:\Users\Aditya main\Desktop\Project_Sih\patches\New_Delhi\Scene_4_2025-05-13\patch_0114.npy,3584,4608,512,100.0
1881,New_Delhi,Scene_4_2025-05-13,115,C:\Users\Aditya main\Desktop\Project_Sih\patches\New_Delhi\Scene_4_2025-05-13\patch_0115.npy,3584,5120,512,100.0
1882,New_Delhi,Scene_4_2025-05-13,116,C:\Users\Aditya main\Desktop\Project_Sih\patches\New_Delhi\Scene_4_2025-05-13\patch_0116.npy,3584,5632,512,100.0
1883,New_Delhi,Scene_4_2025-05-13,117,C:\Users\Aditya main\Desktop\Project_Sih\patches\New_Delhi\Scene_4_2025-05-13\patch_0117.npy,3584,6144,512,100.0
1884,New_Delhi,Scene_4_2025-05-13,118,C:\Users\Aditya main\Desktop\Project_Sih\patches\New_Delhi\Scene_4_2025-05-13\patch_0118.npy,3584,6656,512,100.0
1885,New_Delhi,Scene_4_2025-05-13,119,C:\Users\Aditya main\Desktop\Project_Sih\patches\New_Delhi\Scene_4_2025-05-13\patch_0119.npy,3584,7168,512,100.0
1886,New_Delhi,Scene_4_2025-05-13,120,C:\Users\Aditya main\Desktop\Project_Sih\patches\New_Delhi\Scene_4_2025-05-13\patch_0120.npy,4096,0,512,100.0
1887,New_Delhi,Scene_4_2025-05-13,121,C:\Users\Aditya main\Desktop\Project_Sih\patches\New_Delhi\Scene_4_2025-05-13\patch_0121.npy,4096,512,512,100.0
1888,New_Delhi,Scene_4_2025-05-13,122,C:\Users\Aditya main\Desktop\Project_Sih\patches\New_Delhi\Scene_4_2025-05-13\patch_0122.npy,4096,1024,512,100.0
1889,New_Delhi,Scene_4_2025-05-13,123,C:\Users\Aditya main\Desktop\Project_Sih\patches\New_Delhi\Scene_4_2025-05-13\patch_0123.npy,4096,1536,512,100.0
1890,New_Delhi,Scene_4_2025-05-13,124,C:\Users\Aditya main\Desktop\Project_Sih\patches\New_Delhi\Scene_4_2025-05-13\patch_0124.npy,4096,2048,512,100.0
1891,New_Delhi,Scene_4_2025-05-13,125,C:\Users\Aditya main\Desktop\Project_Sih\patches\New_Delhi\Scene_4_2025-05-13\patch_0125.npy,4096,2560,512,100.0
1892,New_Delhi,Scene_4_2025-05-13,126,C:\Users\Aditya main\Desktop\Project_Sih\patches\New_Delhi\Scene_4_2025-05-13\patch_0126.npy,4096,3072,512,100.0
1893,New_Delhi,Scene_4_2025-05-13,127,C:\Users\Aditya main\Desktop\Project_Sih\patches\New_Delhi\Scene_4_2025-05-13\patch_0127.npy,4096,3584,512,100.0
1894,New_Delhi,Scene_4_2025-05-13,128,C:\Users\Aditya main\Desktop\Project_Sih\patches\New_Delhi\Scene_4_2025-05-13\patch_0128.npy,4096,4096,512,100.0
1895,New_Delhi,Scene_4_2025-05-13,129,C:\Users\Aditya main\Desktop\Project_Sih\patches\New_Delhi\Scene_4_2025-05-13\patch_0129.npy,4096,4608,512,100.0
1896,New_Delhi,Scene_4_2025-05-13,130,C:\Users\Aditya main\Desktop\Project_Sih\patches\New_Delhi\Scene_4_2025-05-13\patch_0130.npy,4096,5120,512,100.0
1897,New_Delhi,Scene_4_2025-05-13,131,C:\Users\Aditya main\Desktop\Project_Sih\patches\New_Delhi\Scene_4_2025-05-13\patch_0131.npy,4096,5632,512,100.0
1898,New_Delhi,Scene_4_2025-05-13,132,C:\Users\Aditya main\Desktop\Project_Sih\patches\New_Delhi\Scene_4_2025-05-13\patch_0132.npy,4096,6144,512,100.0
1899,New_Delhi,Scene_4_2025-05-13,133,C:\Users\Aditya main\Desktop\Project_Sih\patches\New_Delhi\Scene_4_2025-05-13\patch_0133.npy,4096,6656,512,100.0
1900,New_Delhi,Scene_4_2025-05-13,134,C:\Users\Aditya main\Desktop\Project_Sih\patches\New_Delhi\Scene_4_2025-05-13\patch_0134.npy,4096,7168,512,100.0
1901,New_Delhi,Scene_4_2025-05-13,135,C:\Users\Aditya main\Desktop\Project_Sih\patches\New_Delhi\Scene_4_2025-05-13\patch_0135.npy,4608,0,512,100.0
1902,New_Delhi,Scene_4_2025-05-13,136,C:\Users\Aditya main\Desktop\Project_Sih\patches\New_Delhi\Scene_4_2025-05-13\patch_0136.npy,4608,512,512,100.0
1903,New_Delhi,Scene_4_2025-05-13,137,C:\Users\Aditya main\Desktop\Project_Sih\patches\New_Delhi\Scene_4_2025-05-13\patch_0137.npy,4608,1024,512,100.0
1904,New_Delhi,Scene_4_2025-05-13,138,C:\Users\Aditya main\Desktop\Project_Sih\patches\New_Delhi\Scene_4_2025-05-13\patch_0138.npy,4608,1536,512,100.0
1905,New_Delhi,Scene_4_2025-05-13,139,C:\Users\Aditya main\Desktop\Project_Sih\patches\New_Delhi\Scene_4_2025-05-13\patch_0139.npy,4608,2048,512,100.0
1906,New_Delhi,Scene_4_2025-05-13,140,C:\Users\Aditya main\Desktop\Project_Sih\patches\New_Delhi\Scene_4_2025-05-13\patch_0140.npy,4608,2560,512,100.0
1907,New_Delhi,Scene_4_2025-05-13,141,C:\Users\Aditya main\Desktop\Project_Sih\patches\New_Delhi\Scene_4_2025-05-13\patch_0141.npy,4608,3072,512,100.0
1908,New_Delhi,Scene_4_2025-05-13,142,C:\Users\Aditya main\Desktop\Project_Sih\patches\New_Delhi\Scene_4_2025-05-13\patch_0142.npy,4608,3584,512,100.0
1909,New_Delhi,Scene_4_2025-05-13,143,C:\Users\Aditya main\Desktop\Project_Sih\patches\New_Delhi\Scene_4_2025-05-13\patch_0143.npy,4608,4096,512,100.0
1910,New_Delhi,Scene_4_2025-05-13,144,C:\Users\Aditya main\Desktop\Project_Sih\patches\New_Delhi\Scene_4_2025-05-13\patch_0144.npy,4608,4608,512,100.0
1911,New_Delhi,Scene_4_2025-05-13,145,C:\Users\Aditya main\Desktop\Project_Sih\patches\New_Delhi\Scene_4_2025-05-13\patch_0145.npy,4608,5120,512,100.0
1912,New_Delhi,Scene_4_2025-05-13,146,C:\Users\Aditya main\Desktop\Project_Sih\patches\New_Delhi\Scene_4_2025-05-13\patch_0146.npy,4608,5632,512,100.0
1913,New_Delhi,Scene_4_2025-05-13,147,C:\Users\Aditya main\Desktop\Project_Sih\patches\New_Delhi\Scene_4_2025-05-13\patch_0147.npy,4608,6144,512,100.0
1914,New_Delhi,Scene_4_2025-05-13,148,C:\Users\Aditya main\Desktop\Project_Sih\patches\New_Delhi\Scene_4_2025-05-13\patch_0148.npy,4608,6656,512,100.0
1915,New_Delhi,Scene_4_2025-05-13,149,C:\Users\Aditya main\Desktop\Project_Sih\patches\New_Delhi\Scene_4_2025-05-13\patch_0149.npy,4608,7168,512,100.0
1916,New_Delhi,Scene_4_2025-05-13,150,C:\Users\Aditya main\Desktop\Project_Sih\patches\New_Delhi\Scene_4_2025-05-13\patch_0150.npy,5120,0,512,100.0
1917,New_Delhi,Scene_4_2025-05-13,151,C:\Users\Aditya main\Desktop\Project_Sih\patches\New_Delhi\Scene_4_2025-05-13\patch_0151.npy,5120,512,512,100.0
1918,New_Delhi,Scene_4_2025-05-13,152,C:\Users\Aditya main\Desktop\Project_Sih\patches\New_Delhi\Scene_4_2025-05-13\patch_0152.npy,5120,1024,512,100.0
1919,New_Delhi,Scene_4_2025-05-13,153,C:\Users\Aditya main\Desktop\Project_Sih\patches\New_Delhi\Scene_4_2025-05-13\patch_0153.npy,5120,1536,512,100.0
1920,New_Delhi,Scene_4_2025-05-13,154,C:\Users\Aditya main\Desktop\Project_Sih\patches\New_Delhi\Scene_4_2025-05-13\patch_0154.npy,5120,2048,512,100.0
1921,New_Delhi,Scene_4_2025-05-13,155,C:\Users\Aditya main\Desktop\Project_Sih\patches\New_Delhi\Scene_4_2025-05-13\patch_0155.npy,5120,2560,512,100.0
1922,New_Delhi,Scene_4_2025-05-13,156,C:\Users\Aditya main\Desktop\Project_Sih\patches\New_Delhi\Scene_4_2025-05-13\patch_0156.npy,5120,3072,512,100.0
1923,New_Delhi,Scene_4_2025-05-13,157,C:\Users\Aditya main\Desktop\Project_Sih\patches\New_Delhi\Scene_4_2025-05-13\patch_0157.npy,5120,3584,512,100.0
1924,New_Delhi,Scene_4_2025-05-13,158,C:\Users\Aditya main\Desktop\Project_Sih\patches\New_Delhi\Scene_4_2025-05-13\patch_0158.npy,5120,4096,512,100.0
1925,New_Delhi,Scene_4_2025-05-13,159,C:\Users\Aditya main\Desktop\Project_Sih\patches\New_Delhi\Scene_4_2025-05-13\patch_0159.npy,5120,4608,512,100.0
1926,New_Delhi,Scene_4_2025-05-13,160,C:\Users\Aditya main\Desktop\Project_Sih\patches\New_Delhi\Scene_4_2025-05-13\patch_0160.npy,5120,5120,512,100.0
1927,New_Delhi,Scene_4_2025-05-13,161,C:\Users\Aditya main\Desktop\Project_Sih\patches\New_Delhi\Scene_4_2025-05-13\patch_0161.npy,5120,5632,512,100.0
1928,New_Delhi,Scene_4_2025-05-13,162,C:\Users\Aditya main\Desktop\Project_Sih\patches\New_Delhi\Scene_4_2025-05-13\patch_0162.npy,5120,6144,512,100.0
1929,New_Delhi,Scene_4_2025-05-13,163,C:\Users\Aditya main\Desktop\Project_Sih\patches\New_Delhi\Scene_4_2025-05-13\patch_0163.npy,5120,6656,512,100.0
1930,New_Delhi,Scene_4_2025-05-13,164,C:\Users\Aditya main\Desktop\Project_Sih\patches\New_Delhi\Scene_4_2025-05-13\patch_0164.npy,5120,7168,512,100.0
1931,New_Delhi,Scene_4_2025-05-13,165,C:\Users\Aditya main\Desktop\Project_Sih\patches\New_Delhi\Scene_4_2025-05-13\patch_0165.npy,5632,0,512,100.0
1932,New_Delhi,Scene_4_2025-05-13,166,C:\Users\Aditya main\Desktop\Project_Sih\patches\New_Delhi\Scene_4_2025-05-13\patch_0166.npy,5632,512,512,100.0
1933,New_Delhi,Scene_4_2025-05-13,167,C:\Users\Aditya main\Desktop\Project_Sih\patches\New_Delhi\Scene_4_2025-05-13\patch_0167.npy,5632,1024,512,100.0
1934,New_Delhi,Scene_4_2025-05-13,168,C:\Users\Aditya main\Desktop\Project_Sih\patches\New_Delhi\Scene_4_2025-05-13\patch_0168.npy,5632,1536,512,100.0
1935,New_Delhi,Scene_4_2025-05-13,169,C:\Users\Aditya main\Desktop\Project_Sih\patches\New_Delhi\Scene_4_2025-05-13\patch_0169.npy,5632,2048,512,100.0
1936,New_Delhi,Scene_4_2025-05-13,170,C:\Users\Aditya main\Desktop\Project_Sih\patches\New_Delhi\Scene_4_2025-05-13\patch_0170.npy,5632,2560,512,100.0
1937,New_Delhi,Scene_4_2025-05-13,171,C:\Users\Aditya main\Desktop\Project_Sih\patches\New_Delhi\Scene_4_2025-05-13\patch_0171.npy,5632,3072,512,100.0
1938,New_Delhi,Scene_4_2025-05-13,172,C:\Users\Aditya main\Desktop\Project_Sih\patches\New_Delhi\Scene_4_2025-05-13\patch_0172.npy,5632,3584,512,100.0
1939,New_Delhi,Scene_4_2025-05-13,173,C:\Users\Aditya main\Desktop\Project_Sih\patches\New_Delhi\Scene_4_2025-05-13\patch_0173.npy,5632,4096,512,100.0
1940,New_Delhi,Scene_4_2025-05-13,174,C:\Users\Aditya main\Desktop\Project_Sih\patches\New_Delhi\Scene_4_2025-05-13\patch_0174.npy,5632,4608,512,100.0
1941,New_Delhi,Scene_4_2025-05-13,175,C:\Users\Aditya main\Desktop\Project_Sih\patches\New_Delhi\Scene_4_2025-05-13\patch_0175.npy,5632,5120,512,100.0
1942,New_Delhi,Scene_4_2025-05-13,176,C:\Users\Aditya main\Desktop\Project_Sih\patches\New_Delhi\Scene_4_2025-05-13\patch_0176.npy,5632,5632,512,100.0
1943,New_Delhi,Scene_4_2025-05-13,177,C:\Users\Aditya main\Desktop\Project_Sih\patches\New_Delhi\Scene_4_2025-05-13\patch_0177.npy,5632,6144,512,100.0
1944,New_Delhi,Scene_4_2025-05-13,178,C:\Users\Aditya main\Desktop\Project_Sih\patches\New_Delhi\Scene_4_2025-05-13\patch_0178.npy,5632,6656,512,100.0
1945,New_Delhi,Scene_4_2025-05-13,179,C:\Users\Aditya main\Desktop\Project_Sih\patches\New_Delhi\Scene_4_2025-05-13\patch_0179.npy,5632,7168,512,100.0
1946,New_Delhi,Scene_4_2025-05-13,180,C:\Users\Aditya main\Desktop\Project_Sih\patches\New_Delhi\Scene_4_2025-05-13\patch_0180.npy,6144,0,512,100.0
1947,New_Delhi,Scene_4_2025-05-13,181,C:\Users\Aditya main\Desktop\Project_Sih\patches\New_Delhi\Scene_4_2025-05-13\patch_0181.npy,6144,512,512,100.0
1948,New_Delhi,Scene_4_2025-05-13,182,C:\Users\Aditya main\Desktop\Project_Sih\patches\New_Delhi\Scene_4_2025-05-13\patch_0182.npy,6144,1024,512,100.0
1949,New_Delhi,Scene_4_2025-05-13,183,C:\Users\Aditya main\Desktop\Project_Sih\patches\New_Delhi\Scene_4_2025-05-13\patch_0183.npy,6144,1536,512,100.0
1950,New_Delhi,Scene_4_2025-05-13,184,C:\Users\Aditya main\Desktop\Project_Sih\patches\New_Delhi\Scene_4_2025-05-13\patch_0184.npy,6144,2048,512,100.0
1951,New_Delhi,Scene_4_2025-05-13,185,C:\Users\Aditya main\Desktop\Project_Sih\patches\New_Delhi\Scene_4_2025-05-13\patch_0185.npy,6144,2560,512,100.0
1952,New_Delhi,Scene_4_2025-05-13,186,C:\Users\Aditya main\Desktop\Project_Sih\patches\New_Delhi\Scene_4_2025-05-13\patch_0186.npy,6144,3072,512,100.0
1953,New_Delhi,Scene_4_2025-05-13,187,C:\Users\Aditya main\Desktop\Project_Sih\patches\New_Delhi\Scene_4_2025-05-13\patch_0187.npy,6144,3584,512,99.8443603515625
1954,New_Delhi,Scene_4_2025-05-13,188,C:\Users\Aditya main\Desktop\Project_Sih\patches\New_Delhi\Scene_4_2025-05-13\patch_0188.npy,6144,4096,512,100.0
1955,New_Delhi,Scene_4_2025-05-13,189,C:\Users\Aditya main\Desktop\Project_Sih\patches\New_Delhi\Scene_4_2025-05-13\patch_0189.npy,6144,4608,512,98.83270263671876
1956,New_Delhi,Scene_4_2025-05-13,190,C:\Users\Aditya main\Desktop\Project_Sih\patches\New_Delhi\Scene_4_2025-05-13\patch_0190.npy,6144,5120,512,100.0
1957,New_Delhi,Scene_4_2025-05-13,191,C:\Users\Aditya main\Desktop\Project_Sih\patches\New_Delhi\Scene_4_2025-05-13\patch_0191.npy,6144,5632,512,100.0
1958,New_Delhi,Scene_4_2025-05-13,192,C:\Users\Aditya main\Desktop\Project_Sih\patches\New_Delhi\Scene_4_2025-05-13\patch_0192.npy,6144,6144,512,100.0
1959,New_Delhi,Scene_4_2025-05-13,193,C:\Users\Aditya main\Desktop\Project_Sih\patches\New_Delhi\Scene_4_2025-05-13\patch_0193.npy,6144,6656,512,100.0
1960,New_Delhi,Scene_4_2025-05-13,194,C:\Users\Aditya main\Desktop\Project_Sih\patches\New_Delhi\Scene_4_2025-05-13\patch_0194.npy,6144,7168,512,100.0
1961,New_Delhi,Scene_4_2025-05-13,195,C:\Users\Aditya main\Desktop\Project_Sih\patches\New_Delhi\Scene_4_2025-05-13\patch_0195.npy,6656,0,512,100.0
1962,New_Delhi,Scene_4_2025-05-13,196,C:\Users\Aditya main\Desktop\Project_Sih\patches\New_Delhi\Scene_4_2025-05-13\patch_0196.npy,6656,512,512,100.0
1963,New_Delhi,Scene_4_2025-05-13,197,C:\Users\Aditya main\Desktop\Project_Sih\patches\New_Delhi\Scene_4_2025-05-13\patch_0197.npy,6656,1024,512,100.0
1964,New_Delhi,Scene_4_2025-05-13,198,C:\Users\Aditya main\Desktop\Project_Sih\patches\New_Delhi\Scene_4_2025-05-13\patch_0198.npy,6656,1536,512,100.0
1965,New_Delhi,Scene_4_2025-05-13,199,C:\Users\Aditya main\Desktop\Project_Sih\patches\New_Delhi\Scene_4_2025-05-13\patch_0199.npy,6656,2048,512,100.0
1966,New_Delhi,Scene_4_2025-05-13,200,C:\Users\Aditya main\Desktop\Project_Sih\patches\New_Delhi\Scene_4_2025-05-13\patch_0200.npy,6656,2560,512,100.0
1967,New_Delhi,Scene_4_2025-05-13,201,C:\Users\Aditya main\Desktop\Project_Sih\patches\New_Delhi\Scene_4_2025-05-13\patch_0201.npy,6656,3072,512,99.810791015625
1968,New_Delhi,Scene_4_2025-05-13,202,C:\Users\Aditya main\Desktop\Project_Sih\patches\New_Delhi\Scene_4_2025-05-13\patch_0202.npy,6656,3584,512,99.26910400390624
1969,New_Delhi,Scene_4_2025-05-13,203,C:\Users\Aditya main\Desktop\Project_Sih\patches\New_Delhi\Scene_4_2025-05-13\patch_0203.npy,6656,4096,512,100.0
1970,New_Delhi,Scene_4_2025-05-13,204,C:\Users\Aditya main\Desktop\Project_Sih\patches\New_Delhi\Scene_4_2025-05-13\patch_0204.npy,6656,4608,512,95.074462890625
1971,New_Delhi,Scene_4_2025-05-13,205,C:\Users\Aditya main\Desktop\Project_Sih\patches\New_Delhi\Scene_4_2025-05-13\patch_0205.npy,6656,5120,512,100.0
1972,New_Delhi,Scene_4_2025-05-13,206,C:\Users\Aditya main\Desktop\Project_Sih\patches\New_Delhi\Scene_4_2025-05-13\patch_0206.npy,6656,5632,512,100.0
1973,New_Delhi,Scene_4_2025-05-13,207,C:\Users\Aditya main\Desktop\Project_Sih\patches\New_Delhi\Scene_4_2025-05-13\patch_0207.npy,6656,6144,512,100.0
1974,New_Delhi,Scene_4_2025-05-13,208,C:\Users\Aditya main\Desktop\Project_Sih\patches\New_Delhi\Scene_4_2025-05-13\patch_0208.npy,6656,6656,512,100.0
1975,New_Delhi,Scene_4_2025-05-13,209,C:\Users\Aditya main\Desktop\Project_Sih\patches\New_Delhi\Scene_4_2025-05-13\patch_0209.npy,6656,7168,512,100.0
1976,New_Delhi,Scene_4_2025-05-13,210,C:\Users\Aditya main\Desktop\Project_Sih\patches\New_Delhi\Scene_4_2025-05-13\patch_0210.npy,7168,0,512,100.0
1977,New_Delhi,Scene_4_2025-05-13,211,C:\Users\Aditya main\Desktop\Project_Sih\patches\New_Delhi\Scene_4_2025-05-13\patch_0211.npy,7168,512,512,100.0
1978,New_Delhi,Scene_4_2025-05-13,212,C:\Users\Aditya main\Desktop\Project_Sih\patches\New_Delhi\Scene_4_2025-05-13\patch_0212.npy,7168,1024,512,100.0
1979,New_Delhi,Scene_4_2025-05-13,213,C:\Users\Aditya main\Desktop\Project_Sih\patches\New_Delhi\Scene_4_2025-05-13\patch_0213.npy,7168,1536,512,100.0
1980,New_Delhi,Scene_4_2025-05-13,214,C:\Users\Aditya main\Desktop\Project_Sih\patches\New_Delhi\Scene_4_2025-05-13\patch_0214.npy,7168,2048,512,99.04022216796876
1981,New_Delhi,Scene_4_2025-05-13,215,C:\Users\Aditya main\Desktop\Project_Sih\patches\New_Delhi\Scene_4_2025-05-13\patch_0215.npy,7168,2560,512,99.64599609375
1982,New_Delhi,Scene_4_2025-05-13,216,C:\Users\Aditya main\Desktop\Project_Sih\patches\New_Delhi\Scene_4_2025-05-13\patch_0216.npy,7168,3072,512,99.8199462890625
1983,New_Delhi,Scene_4_2025-05-13,217,C:\Users\Aditya main\Desktop\Project_Sih\patches\New_Delhi\Scene_4_2025-05-13\patch_0217.npy,7168,4096,512,90.838623046875
1984,New_Delhi,Scene_4_2025-05-13,218,C:\Users\Aditya main\Desktop\Project_Sih\patches\New_Delhi\Scene_4_2025-05-13\patch_0218.npy,7168,4608,512,100.0
1985,New_Delhi,Scene_4_2025-05-13,219,C:\Users\Aditya main\Desktop\Project_Sih\patches\New_Delhi\Scene_4_2025-05-13\patch_0219.npy,7168,5120,512,100.0
1986,New_Delhi,Scene_4_2025-05-13,220,C:\Users\Aditya main\Desktop\Project_Sih\patches\New_Delhi\Scene_4_2025-05-13\patch_0220.npy,7168,5632,512,100.0
1987,New_Delhi,Scene_4_2025-05-13,221,C:\Users\Aditya main\Desktop\Project_Sih\patches\New_Delhi\Scene_4_2025-05-13\patch_0221.npy,7168,6144,512,100.0
1988,New_Delhi,Scene_4_2025-05-13,222,C:\Users\Aditya main\Desktop\Project_Sih\patches\New_Delhi\Scene_4_2025-05-13\patch_0222.npy,7168,6656,512,100.0
1989,New_Delhi,Scene_4_2025-05-13,223,C:\Users\Aditya main\Desktop\Project_Sih\patches\New_Delhi\Scene_4_2025-05-13\patch_0223.npy,7168,7168,512,100.0
1990,New_Delhi,Scene_4_2025-05-13,224,C:\Users\Aditya main\Desktop\Project_Sih\patches\New_Delhi\Scene_4_2025-05-13\patch_0224.npy,7680,0,512,100.0
1991,New_Delhi,Scene_4_2025-05-13,225,C:\Users\Aditya main\Desktop\Project_Sih\patches\New_Delhi\Scene_4_2025-05-13\patch_0225.npy,7680,512,512,100.0
1992,New_Delhi,Scene_4_2025-05-13,226,C:\Users\Aditya main\Desktop\Project_Sih\patches\New_Delhi\Scene_4_2025-05-13\patch_0226.npy,7680,1024,512,100.0
1993,New_Delhi,Scene_4_2025-05-13,227,C:\Users\Aditya main\Desktop\Project_Sih\patches\New_Delhi\Scene_4_2025-05-13\patch_0227.npy,7680,1536,512,100.0
1994,New_Delhi,Scene_4_2025-05-13,228,C:\Users\Aditya main\Desktop\Project_Sih\patches\New_Delhi\Scene_4_2025-05-13\patch_0228.npy,7680,2048,512,100.0
1995,New_Delhi,Scene_4_2025-05-13,229,C:\Users\Aditya main\Desktop\Project_Sih\patches\New_Delhi\Scene_4_2025-05-13\patch_0229.npy,7680,2560,512,99.97100830078124
1996,New_Delhi,Scene_4_2025-05-13,230,C:\Users\Aditya main\Desktop\Project_Sih\patches\New_Delhi\Scene_4_2025-05-13\patch_0230.npy,7680,3072,512,100.0
1997,New_Delhi,Scene_4_2025-05-13,231,C:\Users\Aditya main\Desktop\Project_Sih\patches\New_Delhi\Scene_4_2025-05-13\patch_0231.npy,7680,3584,512,99.957275390625
1998,New_Delhi,Scene_4_2025-05-13,232,C:\Users\Aditya main\Desktop\Project_Sih\patches\New_Delhi\Scene_4_2025-05-13\patch_0232.npy,7680,4096,512,100.0
1999,New_Delhi,Scene_4_2025-05-13,233,C:\Users\Aditya main\Desktop\Project_Sih\patches\New_Delhi\Scene_4_2025-05-13\patch_0233.npy,7680,4608,512,100.0
2000,New_Delhi,Scene_4_2025-05-13,234,C:\Users\Aditya main\Desktop\Project_Sih\patches\New_Delhi\Scene_4_2025-05-13\patch_0234.npy,7680,5120,512,100.0
2001,New_Delhi,Scene_4_2025-05-13,235,C:\Users\Aditya main\Desktop\Project_Sih\patches\New_Delhi\Scene_4_2025-05-13\patch_0235.npy,7680,5632,512,100.0
2002,New_Delhi,Scene_4_2025-05-13,236,C:\Users\Aditya main\Desktop\Project_Sih\patches\New_Delhi\Scene_4_2025-05-13\patch_0236.npy,7680,6144,512,100.0
2003,New_Delhi,Scene_4_2025-05-13,237,C:\Users\Aditya main\Desktop\Project_Sih\patches\New_Delhi\Scene_4_2025-05-13\patch_0237.npy,7680,6656,512,100.0
2004,New_Delhi,Scene_4_2025-05-13,238,C:\Users\Aditya main\Desktop\Project_Sih\patches\New_Delhi\Scene_4_2025-05-13\patch_0238.npy,7680,7168,512,100.0
2005,New_Delhi,Scene_4_2025-05-13,239,C:\Users\Aditya main\Desktop\Project_Sih\patches\New_Delhi\Scene_4_2025-05-13\patch_0239.npy,8192,0,512,100.0
2006,New_Delhi,Scene_4_2025-05-13,240,C:\Users\Aditya main\Desktop\Project_Sih\patches\New_Delhi\Scene_4_2025-05-13\patch_0240.npy,8192,512,512,100.0
2007,New_Delhi,Scene_4_2025-05-13,241,C:\Users\Aditya main\Desktop\Project_Sih\patches\New_Delhi\Scene_4_2025-05-13\patch_0241.npy,8192,1024,512,100.0
2008,New_Delhi,Scene_4_2025-05-13,242,C:\Users\Aditya main\Desktop\Project_Sih\patches\New_Delhi\Scene_4_2025-05-13\patch_0242.npy,8192,1536,512,91.0003662109375
2009,New_Delhi,Scene_4_2025-05-13,243,C:\Users\Aditya main\Desktop\Project_Sih\patches\New_Delhi\Scene_4_2025-05-13\patch_0243.npy,8192,3072,512,97.65625
2010,New_Delhi,Scene_4_2025-05-13,244,C:\Users\Aditya main\Desktop\Project_Sih\patches\New_Delhi\Scene_4_2025-05-13\patch_0244.npy,8192,3584,512,100.0
2011,New_Delhi,Scene_4_2025-05-13,245,C:\Users\Aditya main\Desktop\Project_Sih\patches\New_Delhi\Scene_4_2025-05-13\patch_0245.npy,8192,4096,512,100.0
2012,New_Delhi,Scene_4_2025-05-13,246,C:\Users\Aditya main\Desktop\Project_Sih\patches\New_Delhi\Scene_4_2025-05-13\patch_0246.npy,8192,4608,512,100.0
2013,New_Delhi,Scene_4_2025-05-13,247,C:\Users\Aditya main\Desktop\Project_Sih\patches\New_Delhi\Scene_4_2025-05-13\patch_0247.npy,8192,5120,512,100.0
2014,New_Delhi,Scene_4_2025-05-13,248,C:\Users\Aditya main\Desktop\Project_Sih\patches\New_Delhi\Scene_4_2025-05-13\patch_0248.npy,8192,5632,512,100.0
2015,New_Delhi,Scene_4_2025-05-13,249,C:\Users\Aditya main\Desktop\Project_Sih\patches\New_Delhi\Scene_4_2025-05-13\patch_0249.npy,8192,6144,512,100.0
2016,New_Delhi,Scene_4_2025-05-13,250,C:\Users\Aditya main\Desktop\Project_Sih\patches\New_Delhi\Scene_4_2025-05-13\patch_0250.npy,8192,6656,512,100.0
2017,New_Delhi,Scene_4_2025-05-13,251,C:\Users\Aditya main\Desktop\Project_Sih\patches\New_Delhi\Scene_4_2025-05-13\patch_0251.npy,8192,7168,512,100.0
2018,New_Delhi,Scene_5_2025-04-23,0,C:\Users\Aditya main\Desktop\Project_Sih\patches\New_Delhi\Scene_5_2025-04-23\patch_0000.npy,0,0,512,100.0
2019,New_Delhi,Scene_5_2025-04-23,1,C:\Users\Aditya main\Desktop\Project_Sih\patches\New_Delhi\Scene_5_2025-04-23\patch_0001.npy,0,512,512,100.0
2020,New_Delhi,Scene_5_2025-04-23,2,C:\Users\Aditya main\Desktop\Project_Sih\patches\New_Delhi\Scene_5_2025-04-23\patch_0002.npy,0,1024,512,100.0
2021,New_Delhi,Scene_5_2025-04-23,3,C:\Users\Aditya main\Desktop\Project_Sih\patches\New_Delhi\Scene_5_2025-04-23\patch_0003.npy,0,1536,512,99.99847412109376
2022,New_Delhi,Scene_5_2025-04-23,4,C:\Users\Aditya main\Desktop\Project_Sih\patches\New_Delhi\Scene_5_2025-04-23\patch_0004.npy,0,2048,512,100.0
2023,New_Delhi,Scene_5_2025-04-23,5,C:\Users\Aditya main\Desktop\Project_Sih\patches\New_Delhi\Scene_5_2025-04-23\patch_0005.npy,0,2560,512,100.0
2024,New_Delhi,Scene_5_2025-04-23,6,C:\Users\Aditya main\Desktop\Project_Sih\patches\New_Delhi\Scene_5_2025-04-23\patch_0006.npy,0,3072,512,100.0
2025,New_Delhi,Scene_5_2025-04-23,7,C:\Users\Aditya main\Desktop\Project_Sih\patches\New_Delhi\Scene_5_2025-04-23\patch_0007.npy,0,3584,512,99.993896484375
2026,New_Delhi,Scene_5_2025-04-23,8,C:\Users\Aditya main\Desktop\Project_Sih\patches\New_Delhi\Scene_5_2025-04-23\patch_0008.npy,0,4096,512,100.0
2027,New_Delhi,Scene_5_2025-04-23,9,C:\Users\Aditya main\Desktop\Project_Sih\patches\New_Delhi\Scene_5_2025-04-23\patch_0009.npy,0,4608,512,100.0
2028,New_Delhi,Scene_5_2025-04-23,10,C:\Users\Aditya main\Desktop\Project_Sih\patches\New_Delhi\Scene_5_2025-04-23\patch_0010.npy,0,5120,512,100.0
2029,New_Delhi,Scene_5_2025-04-23,11,C:\Users\Aditya main\Desktop\Project_Sih\patches\New_Delhi\Scene_5_2025-04-23\patch_0011.npy,0,5632,512,100.0
2030,New_Delhi,Scene_5_2025-04-23,12,C:\Users\Aditya main\Desktop\Project_Sih\patches\New_Delhi\Scene_5_2025-04-23\patch_0012.npy,0,6144,512,100.0
2031,New_Delhi,Scene_5_2025-04-23,13,C:\Users\Aditya main\Desktop\Project_Sih\patches\New_Delhi\Scene_5_2025-04-23\patch_0013.npy,0,6656,512,100.0
2032,New_Delhi,Scene_5_2025-04-23,14,C:\Users\Aditya main\Desktop\Project_Sih\patches\New_Delhi\Scene_5_2025-04-23\patch_0014.npy,0,7168,512,100.0
2033,New_Delhi,Scene_5_2025-04-23,15,C:\Users\Aditya main\Desktop\Project_Sih\patches\New_Delhi\Scene_5_2025-04-23\patch_0015.npy,512,0,512,100.0
2034,New_Delhi,Scene_5_2025-04-23,16,C:\Users\Aditya main\Desktop\Project_Sih\patches\New_Delhi\Scene_5_2025-04-23\patch_0016.npy,512,512,512,100.0
2035,New_Delhi,Scene_5_2025-04-23,17,C:\Users\Aditya main\Desktop\Project_Sih\patches\New_Delhi\Scene_5_2025-04-23\patch_0017.npy,512,1024,512,100.0
2036,New_Delhi,Scene_5_2025-04-23,18,C:\Users\Aditya main\Desktop\Project_Sih\patches\New_Delhi\Scene_5_2025-04-23\patch_0018.npy,512,1536,512,100.0
2037,New_Delhi,Scene_5_2025-04-23,19,C:\Users\Aditya main\Desktop\Project_Sih\patches\New_Delhi\Scene_5_2025-04-23\patch_0019.npy,512,2048,512,100.0
2038,New_Delhi,Scene_5_2025-04-23,20,C:\Users\Aditya main\Desktop\Project_Sih\patches\New_Delhi\Scene_5_2025-04-23\patch_0020.npy,512,2560,512,100.0
2039,New_Delhi,Scene_5_2025-04-23,21,C:\Users\Aditya main\Desktop\Project_Sih\patches\New_Delhi\Scene_5_2025-04-23\patch_0021.npy,512,3072,512,100.0
2040,New_Delhi,Scene_5_2025-04-23,22,C:\Users\Aditya main\Desktop\Project_Sih\patches\New_Delhi\Scene_5_2025-04-23\patch_0022.npy,512,3584,512,100.0
2041,New_Delhi,Scene_5_2025-04-23,23,C:\Users\Aditya main\Desktop\Project_Sih\patches\New_Delhi\Scene_5_2025-04-23\patch_0023.npy,512,4096,512,100.0
2042,New_Delhi,Scene_5_2025-04-23,24,C:\Users\Aditya main\Desktop\Project_Sih\patches\New_Delhi\Scene_5_2025-04-23\patch_0024.npy,512,4608,512,100.0
2043,New_Delhi,Scene_5_2025-04-23,25,C:\Users\Aditya main\Desktop\Project_Sih\patches\New_Delhi\Scene_5_2025-04-23\patch_0025.npy,512,5120,512,100.0
2044,New_Delhi,Scene_5_2025-04-23,26,C:\Users\Aditya main\Desktop\Project_Sih\patches\New_Delhi\Scene_5_2025-04-23\patch_0026.npy,512,5632,512,100.0
2045,New_Delhi,Scene_5_2025-04-23,27,C:\Users\Aditya main\Desktop\Project_Sih\patches\New_Delhi\Scene_5_2025-04-23\patch_0027.npy,512,6144,512,100.0
2046,New_Delhi,Scene_5_2025-04-23,28,C:\Users\Aditya main\Desktop\Project_Sih\patches\New_Delhi\Scene_5_2025-04-23\patch_0028.npy,512,6656,512,100.0
2047,New_Delhi,Scene_5_2025-04-23,29,C:\Users\Aditya main\Desktop\Project_Sih\patches\New_Delhi\Scene_5_2025-04-23\patch_0029.npy,512,7168,512,100.0
2048,New_Delhi,Scene_5_2025-04-23,30,C:\Users\Aditya main\Desktop\Project_Sih\patches\New_Delhi\Scene_5_2025-04-23\patch_0030.npy,1024,0,512,100.0
2049,New_Delhi,Scene_5_2025-04-23,31,C:\Users\Aditya main\Desktop\Project_Sih\patches\New_Delhi\Scene_5_2025-04-23\patch_0031.npy,1024,512,512,100.0
2050,New_Delhi,Scene_5_2025-04-23,32,C:\Users\Aditya main\Desktop\Project_Sih\patches\New_Delhi\Scene_5_2025-04-23\patch_0032.npy,1024,1024,512,100.0
2051,New_Delhi,Scene_5_2025-04-23,33,C:\Users\Aditya main\Desktop\Project_Sih\patches\New_Delhi\Scene_5_2025-04-23\patch_0033.npy,1024,1536,512,100.0
2052,New_Delhi,Scene_5_2025-04-23,34,C:\Users\Aditya main\Desktop\Project_Sih\patches\New_Delhi\Scene_5_2025-04-23\patch_0034.npy,1024,2048,512,100.0
2053,New_Delhi,Scene_5_2025-04-23,35,C:\Users\Aditya main\Desktop\Project_Sih\patches\New_Delhi\Scene_5_2025-04-23\patch_0035.npy,1024,2560,512,100.0
2054,New_Delhi,Scene_5_2025-04-23,36,C:\Users\Aditya main\Desktop\Project_Sih\patches\New_Delhi\Scene_5_2025-04-23\patch_0036.npy,1024,3072,512,99.969482421875
2055,New_Delhi,Scene_5_2025-04-23,37,C:\Users\Aditya main\Desktop\Project_Sih\patches\New_Delhi\Scene_5_2025-04-23\patch_0037.npy,1024,3584,512,100.0
2056,New_Delhi,Scene_5_2025-04-23,38,C:\Users\Aditya main\Desktop\Project_Sih\patches\New_Delhi\Scene_5_2025-04-23\patch_0038.npy,1024,4096,512,100.0
2057,New_Delhi,Scene_5_2025-04-23,39,C:\Users\Aditya main\Desktop\Project_Sih\patches\New_Delhi\Scene_5_2025-04-23\patch_0039.npy,1024,4608,512,100.0
2058,New_Delhi,Scene_5_2025-04-23,40,C:\Users\Aditya main\Desktop\Project_Sih\patches\New_Delhi\Scene_5_2025-04-23\patch_0040.npy,1024,5120,512,100.0
2059,New_Delhi,Scene_5_2025-04-23,41,C:\Users\Aditya main\Desktop\Project_Sih\patches\New_Delhi\Scene_5_2025-04-23\patch_0041.npy,1024,5632,512,100.0
2060,New_Delhi,Scene_5_2025-04-23,42,C:\Users\Aditya main\Desktop\Project_Sih\patches\New_Delhi\Scene_5_2025-04-23\patch_0042.npy,1024,6144,512,100.0
2061,New_Delhi,Scene_5_2025-04-23,43,C:\Users\Aditya main\Desktop\Project_Sih\patches\New_Delhi\Scene_5_2025-04-23\patch_0043.npy,1024,6656,512,100.0
2062,New_Delhi,Scene_5_2025-04-23,44,C:\Users\Aditya main\Desktop\Project_Sih\patches\New_Delhi\Scene_5_2025-04-23\patch_0044.npy,1024,7168,512,100.0
2063,New_Delhi,Scene_5_2025-04-23,45,C:\Users\Aditya main\Desktop\Project_Sih\patches\New_Delhi\Scene_5_2025-04-23\patch_0045.npy,1536,0,512,100.0
2064,New_Delhi,Scene_5_2025-04-23,46,C:\Users\Aditya main\Desktop\Project_Sih\patches\New_Delhi\Scene_5_2025-04-23\patch_0046.npy,1536,512,512,99.98016357421876
2065,New_Delhi,Scene_5_2025-04-23,47,C:\Users\Aditya main\Desktop\Project_Sih\patches\New_Delhi\Scene_5_2025-04-23\patch_0047.npy,1536,1024,512,99.99847412109376
2066,New_Delhi,Scene_5_2025-04-23,48,C:\Users\Aditya main\Desktop\Project_Sih\patches\New_Delhi\Scene_5_2025-04-23\patch_0048.npy,1536,1536,512,99.98321533203124
2067,New_Delhi,Scene_5_2025-04-23,49,C:\Users\Aditya main\Desktop\Project_Sih\patches\New_Delhi\Scene_5_2025-04-23\patch_0049.npy,1536,2048,512,100.0
2068,New_Delhi,Scene_5_2025-04-23,50,C:\Users\Aditya main\Desktop\Project_Sih\patches\New_Delhi\Scene_5_2025-04-23\patch_0050.npy,1536,2560,512,100.0
2069,New_Delhi,Scene_5_2025-04-23,51,C:\Users\Aditya main\Desktop\Project_Sih\patches\New_Delhi\Scene_5_2025-04-23\patch_0051.npy,1536,3072,512,99.97100830078124
2070,New_Delhi,Scene_5_2025-04-23,52,C:\Users\Aditya main\Desktop\Project_Sih\patches\New_Delhi\Scene_5_2025-04-23\patch_0052.npy,1536,3584,512,99.96795654296876
2071,New_Delhi,Scene_5_2025-04-23,53,C:\Users\Aditya main\Desktop\Project_Sih\patches\New_Delhi\Scene_5_2025-04-23\patch_0053.npy,1536,4096,512,100.0
2072,New_Delhi,Scene_5_2025-04-23,54,C:\Users\Aditya main\Desktop\Project_Sih\patches\New_Delhi\Scene_5_2025-04-23\patch_0054.npy,1536,4608,512,100.0
2073,New_Delhi,Scene_5_2025-04-23,55,C:\Users\Aditya main\Desktop\Project_Sih\patches\New_Delhi\Scene_5_2025-04-23\patch_0055.npy,1536,5120,512,100.0
2074,New_Delhi,Scene_5_2025-04-23,56,C:\Users\Aditya main\Desktop\Project_Sih\patches\New_Delhi\Scene_5_2025-04-23\patch_0056.npy,1536,5632,512,100.0
2075,New_Delhi,Scene_5_2025-04-23,57,C:\Users\Aditya main\Desktop\Project_Sih\patches\New_Delhi\Scene_5_2025-04-23\patch_0057.npy,1536,6144,512,100.0
2076,New_Delhi,Scene_5_2025-04-23,58,C:\Users\Aditya main\Desktop\Project_Sih\patches\New_Delhi\Scene_5_2025-04-23\patch_0058.npy,1536,6656,512,100.0
2077,New_Delhi,Scene_5_2025-04-23,59,C:\Users\Aditya main\Desktop\Project_Sih\patches\New_Delhi\Scene_5_2025-04-23\patch_0059.npy,1536,7168,512,99.99847412109376
2078,New_Delhi,Scene_5_2025-04-23,60,C:\Users\Aditya main\Desktop\Project_Sih\patches\New_Delhi\Scene_5_2025-04-23\patch_0060.npy,2048,0,512,100.0
2079,New_Delhi,Scene_5_2025-04-23,61,C:\Users\Aditya main\Desktop\Project_Sih\patches\New_Delhi\Scene_5_2025-04-23\patch_0061.npy,2048,512,512,100.0
2080,New_Delhi,Scene_5_2025-04-23,62,C:\Users\Aditya main\Desktop\Project_Sih\patches\New_Delhi\Scene_5_2025-04-23\patch_0062.npy,2048,1024,512,99.98779296875
2081,New_Delhi,Scene_5_2025-04-23,63,C:\Users\Aditya main\Desktop\Project_Sih\patches\New_Delhi\Scene_5_2025-04-23\patch_0063.npy,2048,1536,512,99.8992919921875
2082,New_Delhi,Scene_5_2025-04-23,64,C:\Users\Aditya main\Desktop\Project_Sih\patches\New_Delhi\Scene_5_2025-04-23\patch_0064.npy,2048,2048,512,99.99847412109376
2083,New_Delhi,Scene_5_2025-04-23,65,C:\Users\Aditya main\Desktop\Project_Sih\patches\New_Delhi\Scene_5_2025-04-23\patch_0065.npy,2048,2560,512,99.91302490234376
2084,New_Delhi,Scene_5_2025-04-23,66,C:\Users\Aditya main\Desktop\Project_Sih\patches\New_Delhi\Scene_5_2025-04-23\patch_0066.npy,2048,3072,512,99.92828369140624
2085,New_Delhi,Scene_5_2025-04-23,67,C:\Users\Aditya main\Desktop\Project_Sih\patches\New_Delhi\Scene_5_2025-04-23\patch_0067.npy,2048,3584,512,100.0
2086,New_Delhi,Scene_5_2025-04-23,68,C:\Users\Aditya main\Desktop\Project_Sih\patches\New_Delhi\Scene_5_2025-04-23\patch_0068.npy,2048,4096,512,100.0
2087,New_Delhi,Scene_5_2025-04-23,69,C:\Users\Aditya main\Desktop\Project_Sih\patches\New_Delhi\Scene_5_2025-04-23\patch_0069.npy,2048,4608,512,99.99542236328124
2088,New_Delhi,Scene_5_2025-04-23,70,C:\Users\Aditya main\Desktop\Project_Sih\patches\New_Delhi\Scene_5_2025-04-23\patch_0070.npy,2048,5120,512,99.94659423828124
2089,New_Delhi,Scene_5_2025-04-23,71,C:\Users\Aditya main\Desktop\Project_Sih\patches\New_Delhi\Scene_5_2025-04-23\patch_0071.npy,2048,5632,512,100.0
2090,New_Delhi,Scene_5_2025-04-23,72,C:\Users\Aditya main\Desktop\Project_Sih\patches\New_Delhi\Scene_5_2025-04-23\patch_0072.npy,2048,6144,512,100.0
2091,New_Delhi,Scene_5_2025-04-23,73,C:\Users\Aditya main\Desktop\Project_Sih\patches\New_Delhi\Scene_5_2025-04-23\patch_0073.npy,2048,6656,512,100.0
2092,New_Delhi,Scene_5_2025-04-23,74,C:\Users\Aditya main\Desktop\Project_Sih\patches\New_Delhi\Scene_5_2025-04-23\patch_0074.npy,2048,7168,512,100.0
2093,New_Delhi,Scene_5_2025-04-23,75,C:\Users\Aditya main\Desktop\Project_Sih\patches\New_Delhi\Scene_5_2025-04-23\patch_0075.npy,2560,0,512,100.0
2094,New_Delhi,Scene_5_2025-04-23,76,C:\Users\Aditya main\Desktop\Project_Sih\patches\New_Delhi\Scene_5_2025-04-23\patch_0076.npy,2560,512,512,100.0
2095,New_Delhi,Scene_5_2025-04-23,77,C:\Users\Aditya main\Desktop\Project_Sih\patches\New_Delhi\Scene_5_2025-04-23\patch_0077.npy,2560,1024,512,100.0
2096,New_Delhi,Scene_5_2025-04-23,78,C:\Users\Aditya main\Desktop\Project_Sih\patches\New_Delhi\Scene_5_2025-04-23\patch_0078.npy,2560,1536,512,99.97100830078124
2097,New_Delhi,Scene_5_2025-04-23,79,C:\Users\Aditya main\Desktop\Project_Sih\patches\New_Delhi\Scene_5_2025-04-23\patch_0079.npy,2560,2048,512,99.98779296875
2098,New_Delhi,Scene_5_2025-04-23,80,C:\Users\Aditya main\Desktop\Project_Sih\patches\New_Delhi\Scene_5_2025-04-23\patch_0080.npy,2560,2560,512,100.0
2099,New_Delhi,Scene_5_2025-04-23,81,C:\Users\Aditya main\Desktop\Project_Sih\patches\New_Delhi\Scene_5_2025-04-23\patch_0081.npy,2560,3072,512,99.98931884765624
2100,New_Delhi,Scene_5_2025-04-23,82,C:\Users\Aditya main\Desktop\Project_Sih\patches\New_Delhi\Scene_5_2025-04-23\patch_0082.npy,2560,3584,512,100.0
2101,New_Delhi,Scene_5_2025-04-23,83,C:\Users\Aditya main\Desktop\Project_Sih\patches\New_Delhi\Scene_5_2025-04-23\patch_0083.npy,2560,4096,512,100.0
2102,New_Delhi,Scene_5_2025-04-23,84,C:\Users\Aditya main\Desktop\Project_Sih\patches\New_Delhi\Scene_5_2025-04-23\patch_0084.npy,2560,4608,512,99.98016357421876
2103,New_Delhi,Scene_5_2025-04-23,85,C:\Users\Aditya main\Desktop\Project_Sih\patches\New_Delhi\Scene_5_2025-04-23\patch_0085.npy,2560,5120,512,99.9969482421875
2104,New_Delhi,Scene_5_2025-04-23,86,C:\Users\Aditya main\Desktop\Project_Sih\patches\New_Delhi\Scene_5_2025-04-23\patch_0086.npy,2560,5632,512,99.99847412109376
2105,New_Delhi,Scene_5_2025-04-23,87,C:\Users\Aditya main\Desktop\Project_Sih\patches\New_Delhi\Scene_5_2025-04-23\patch_0087.npy,2560,6144,512,100.0
2106,New_Delhi,Scene_5_2025-04-23,88,C:\Users\Aditya main\Desktop\Project_Sih\patches\New_Delhi\Scene_5_2025-04-23\patch_0088.npy,2560,6656,512,100.0
2107,New_Delhi,Scene_5_2025-04-23,89,C:\Users\Aditya main\Desktop\Project_Sih\patches\New_Delhi\Scene_5_2025-04-23\patch_0089.npy,2560,7168,512,100.0
2108,New_Delhi,Scene_5_2025-04-23,90,C:\Users\Aditya main\Desktop\Project_Sih\patches\New_Delhi\Scene_5_2025-04-23\patch_0090.npy,3072,0,512,100.0
2109,New_Delhi,Scene_5_2025-04-23,91,C:\Users\Aditya main\Desktop\Project_Sih\patches\New_Delhi\Scene_5_2025-04-23\patch_0091.npy,3072,512,512,100.0
2110,New_Delhi,Scene_5_2025-04-23,92,C:\Users\Aditya main\Desktop\Project_Sih\patches\New_Delhi\Scene_5_2025-04-23\patch_0092.npy,3072,1024,512,100.0
2111,New_Delhi,Scene_5_2025-04-23,93,C:\Users\Aditya main\Desktop\Project_Sih\patches\New_Delhi\Scene_5_2025-04-23\patch_0093.npy,3072,1536,512,99.99542236328124
2112,New_Delhi,Scene_5_2025-04-23,94,C:\Users\Aditya main\Desktop\Project_Sih\patches\New_Delhi\Scene_5_2025-04-23\patch_0094.npy,3072,2048,512,99.98016357421876
2113,New_Delhi,Scene_5_2025-04-23,95,C:\Users\Aditya main\Desktop\Project_Sih\patches\New_Delhi\Scene_5_2025-04-23\patch_0095.npy,3072,2560,512,99.99237060546876
2114,New_Delhi,Scene_5_2025-04-23,96,C:\Users\Aditya main\Desktop\Project_Sih\patches\New_Delhi\Scene_5_2025-04-23\patch_0096.npy,3072,3072,512,99.957275390625
2115,New_Delhi,Scene_5_2025-04-23,97,C:\Users\Aditya main\Desktop\Project_Sih\patches\New_Delhi\Scene_5_2025-04-23\patch_0097.npy,3072,3584,512,100.0
2116,New_Delhi,Scene_5_2025-04-23,98,C:\Users\Aditya main\Desktop\Project_Sih\patches\New_Delhi\Scene_5_2025-04-23\patch_0098.npy,3072,4096,512,100.0
2117,New_Delhi,Scene_5_2025-04-23,99,C:\Users\Aditya main\Desktop\Project_Sih\patches\New_Delhi\Scene_5_2025-04-23\patch_0099.npy,3072,4608,512,99.98779296875
2118,New_Delhi,Scene_5_2025-04-23,100,C:\Users\Aditya main\Desktop\Project_Sih\patches\New_Delhi\Scene_5_2025-04-23\patch_0100.npy,3072,5120,512,99.99237060546876
2119,New_Delhi,Scene_5_2025-04-23,101,C:\Users\Aditya main\Desktop\Project_Sih\patches\New_Delhi\Scene_5_2025-04-23\patch_0101.npy,3072,5632,512,99.9755859375
2120,New_Delhi,Scene_5_2025-04-23,102,C:\Users\Aditya main\Desktop\Project_Sih\patches\New_Delhi\Scene_5_2025-04-23\patch_0102.npy,3072,6144,512,100.0
2121,New_Delhi,Scene_5_2025-04-23,103,C:\Users\Aditya main\Desktop\Project_Sih\patches\New_Delhi\Scene_5_2025-04-23\patch_0103.npy,3072,6656,512,100.0
2122,New_Delhi,Scene_5_2025-04-23,104,C:\Users\Aditya main\Desktop\Project_Sih\patches\New_Delhi\Scene_5_2025-04-23\patch_0104.npy,3072,7168,512,100.0
2123,New_Delhi,Scene_5_2025-04-23,105,C:\Users\Aditya main\Desktop\Project_Sih\patches\New_Delhi\Scene_5_2025-04-23\patch_0105.npy,3584,0,512,100.0
2124,New_Delhi,Scene_5_2025-04-23,106,C:\Users\Aditya main\Desktop\Project_Sih\patches\New_Delhi\Scene_5_2025-04-23\patch_0106.npy,3584,512,512,100.0
2125,New_Delhi,Scene_5_2025-04-23,107,C:\Users\Aditya main\Desktop\Project_Sih\patches\New_Delhi\Scene_5_2025-04-23\patch_0107.npy,3584,1024,512,100.0
2126,New_Delhi,Scene_5_2025-04-23,108,C:\Users\Aditya main\Desktop\Project_Sih\patches\New_Delhi\Scene_5_2025-04-23\patch_0108.npy,3584,1536,512,100.0
2127,New_Delhi,Scene_5_2025-04-23,109,C:\Users\Aditya main\Desktop\Project_Sih\patches\New_Delhi\Scene_5_2025-04-23\patch_0109.npy,3584,2048,512,99.90081787109376
2128,New_Delhi,Scene_5_2025-04-23,110,C:\Users\Aditya main\Desktop\Project_Sih\patches\New_Delhi\Scene_5_2025-04-23\patch_0110.npy,3584,2560,512,99.896240234375
2129,New_Delhi,Scene_5_2025-04-23,111,C:\Users\Aditya main\Desktop\Project_Sih\patches\New_Delhi\Scene_5_2025-04-23\patch_0111.npy,3584,3072,512,100.0
2130,New_Delhi,Scene_5_2025-04-23,112,C:\Users\Aditya main\Desktop\Project_Sih\patches\New_Delhi\Scene_5_2025-04-23\patch_0112.npy,3584,3584,512,100.0
2131,New_Delhi,Scene_5_2025-04-23,113,C:\Users\Aditya main\Desktop\Project_Sih\patches\New_Delhi\Scene_5_2025-04-23\patch_0113.npy,3584,4096,512,99.99847412109376
2132,New_Delhi,Scene_5_2025-04-23,114,C:\Users\Aditya main\Desktop\Project_Sih\patches\New_Delhi\Scene_5_2025-04-23\patch_0114.npy,3584,4608,512,99.99237060546876
2133,New_Delhi,Scene_5_2025-04-23,115,C:\Users\Aditya main\Desktop\Project_Sih\patches\New_Delhi\Scene_5_2025-04-23\patch_0115.npy,3584,5120,512,99.920654296875
2134,New_Delhi,Scene_5_2025-04-23,116,C:\Users\Aditya main\Desktop\Project_Sih\patches\New_Delhi\Scene_5_2025-04-23\patch_0116.npy,3584,5632,512,99.99542236328124
2135,New_Delhi,Scene_5_2025-04-23,117,C:\Users\Aditya main\Desktop\Project_Sih\patches\New_Delhi\Scene_5_2025-04-23\patch_0117.npy,3584,6144,512,100.0
2136,New_Delhi,Scene_5_2025-04-23,118,C:\Users\Aditya main\Desktop\Project_Sih\patches\New_Delhi\Scene_5_2025-04-23\patch_0118.npy,3584,6656,512,100.0
2137,New_Delhi,Scene_5_2025-04-23,119,C:\Users\Aditya main\Desktop\Project_Sih\patches\New_Delhi\Scene_5_2025-04-23\patch_0119.npy,3584,7168,512,100.0
2138,New_Delhi,Scene_5_2025-04-23,120,C:\Users\Aditya main\Desktop\Project_Sih\patches\New_Delhi\Scene_5_2025-04-23\patch_0120.npy,4096,0,512,100.0
2139,New_Delhi,Scene_5_2025-04-23,121,C:\Users\Aditya main\Desktop\Project_Sih\patches\New_Delhi\Scene_5_2025-04-23\patch_0121.npy,4096,512,512,99.97406005859376
2140,New_Delhi,Scene_5_2025-04-23,122,C:\Users\Aditya main\Desktop\Project_Sih\patches\New_Delhi\Scene_5_2025-04-23\patch_0122.npy,4096,1024,512,100.0
2141,New_Delhi,Scene_5_2025-04-23,123,C:\Users\Aditya main\Desktop\Project_Sih\patches\New_Delhi\Scene_5_2025-04-23\patch_0123.npy,4096,1536,512,100.0
2142,New_Delhi,Scene_5_2025-04-23,124,C:\Users\Aditya main\Desktop\Project_Sih\patches\New_Delhi\Scene_5_2025-04-23\patch_0124.npy,4096,2048,512,100.0
2143,New_Delhi,Scene_5_2025-04-23,125,C:\Users\Aditya main\Desktop\Project_Sih\patches\New_Delhi\Scene_5_2025-04-23\patch_0125.npy,4096,2560,512,99.79095458984376
2144,New_Delhi,Scene_5_2025-04-23,126,C:\Users\Aditya main\Desktop\Project_Sih\patches\New_Delhi\Scene_5_2025-04-23\patch_0126.npy,4096,3072,512,99.93133544921876
2145,New_Delhi,Scene_5_2025-04-23,127,C:\Users\Aditya main\Desktop\Project_Sih\patches\New_Delhi\Scene_5_2025-04-23\patch_0127.npy,4096,3584,512,99.9847412109375
2146,New_Delhi,Scene_5_2025-04-23,128,C:\Users\Aditya main\Desktop\Project_Sih\patches\New_Delhi\Scene_5_2025-04-23\patch_0128.npy,4096,4096,512,99.9298095703125
2147,New_Delhi,Scene_5_2025-04-23,129,C:\Users\Aditya main\Desktop\Project_Sih\patches\New_Delhi\Scene_5_2025-04-23\patch_0129.npy,4096,4608,512,99.981689453125
2148,New_Delhi,Scene_5_2025-04-23,130,C:\Users\Aditya main\Desktop\Project_Sih\patches\New_Delhi\Scene_5_2025-04-23\patch_0130.npy,4096,5120,512,99.87945556640624
2149,New_Delhi,Scene_5_2025-04-23,131,C:\Users\Aditya main\Desktop\Project_Sih\patches\New_Delhi\Scene_5_2025-04-23\patch_0131.npy,4096,5632,512,99.7344970703125
2150,New_Delhi,Scene_5_2025-04-23,132,C:\Users\Aditya main\Desktop\Project_Sih\patches\New_Delhi\Scene_5_2025-04-23\patch_0132.npy,4096,6144,512,99.93743896484376
2151,New_Delhi,Scene_5_2025-04-23,133,C:\Users\Aditya main\Desktop\Project_Sih\patches\New_Delhi\Scene_5_2025-04-23\patch_0133.npy,4096,6656,512,99.9114990234375
2152,New_Delhi,Scene_5_2025-04-23,134,C:\Users\Aditya main\Desktop\Project_Sih\patches\New_Delhi\Scene_5_2025-04-23\patch_0134.npy,4096,7168,512,100.0
2153,New_Delhi,Scene_5_2025-04-23,135,C:\Users\Aditya main\Desktop\Project_Sih\patches\New_Delhi\Scene_5_2025-04-23\patch_0135.npy,4608,0,512,100.0
2154,New_Delhi,Scene_5_2025-04-23,136,C:\Users\Aditya main\Desktop\Project_Sih\patches\New_Delhi\Scene_5_2025-04-23\patch_0136.npy,4608,512,512,100.0
2155,New_Delhi,Scene_5_2025-04-23,137,C:\Users\Aditya main\Desktop\Project_Sih\patches\New_Delhi\Scene_5_2025-04-23\patch_0137.npy,4608,1024,512,100.0
2156,New_Delhi,Scene_5_2025-04-23,138,C:\Users\Aditya main\Desktop\Project_Sih\patches\New_Delhi\Scene_5_2025-04-23\patch_0138.npy,4608,1536,512,99.99237060546876
2157,New_Delhi,Scene_5_2025-04-23,139,C:\Users\Aditya main\Desktop\Project_Sih\patches\New_Delhi\Scene_5_2025-04-23\patch_0139.npy,4608,2048,512,99.993896484375
2158,New_Delhi,Scene_5_2025-04-23,140,C:\Users\Aditya main\Desktop\Project_Sih\patches\New_Delhi\Scene_5_2025-04-23\patch_0140.npy,4608,2560,512,99.981689453125
2159,New_Delhi,Scene_5_2025-04-23,141,C:\Users\Aditya main\Desktop\Project_Sih\patches\New_Delhi\Scene_5_2025-04-23\patch_0141.npy,4608,3072,512,99.761962890625
2160,New_Delhi,Scene_5_2025-04-23,142,C:\Users\Aditya main\Desktop\Project_Sih\patches\New_Delhi\Scene_5_2025-04-23\patch_0142.npy,4608,3584,512,99.94354248046876
2161,New_Delhi,Scene_5_2025-04-23,143,C:\Users\Aditya main\Desktop\Project_Sih\patches\New_Delhi\Scene_5_2025-04-23\patch_0143.npy,4608,4096,512,99.9755859375
2162,New_Delhi,Scene_5_2025-04-23,144,C:\Users\Aditya main\Desktop\Project_Sih\patches\New_Delhi\Scene_5_2025-04-23\patch_0144.npy,4608,4608,512,99.99237060546876
2163,New_Delhi,Scene_5_2025-04-23,145,C:\Users\Aditya main\Desktop\Project_Sih\patches\New_Delhi\Scene_5_2025-04-23\patch_0145.npy,4608,5120,512,99.77874755859376
2164,New_Delhi,Scene_5_2025-04-23,146,C:\Users\Aditya main\Desktop\Project_Sih\patches\New_Delhi\Scene_5_2025-04-23\patch_0146.npy,4608,5632,512,99.95574951171876
2165,New_Delhi,Scene_5_2025-04-23,147,C:\Users\Aditya main\Desktop\Project_Sih\patches\New_Delhi\Scene_5_2025-04-23\patch_0147.npy,4608,6144,512,99.84130859375
2166,New_Delhi,Scene_5_2025-04-23,148,C:\Users\Aditya main\Desktop\Project_Sih\patches\New_Delhi\Scene_5_2025-04-23\patch_0148.npy,4608,6656,512,100.0
2167,New_Delhi,Scene_5_2025-04-23,149,C:\Users\Aditya main\Desktop\Project_Sih\patches\New_Delhi\Scene_5_2025-04-23\patch_0149.npy,4608,7168,512,100.0
2168,New_Delhi,Scene_5_2025-04-23,150,C:\Users\Aditya main\Desktop\Project_Sih\patches\New_Delhi\Scene_5_2025-04-23\patch_0150.npy,5120,0,512,100.0
2169,New_Delhi,Scene_5_2025-04-23,151,C:\Users\Aditya main\Desktop\Project_Sih\patches\New_Delhi\Scene_5_2025-04-23\patch_0151.npy,5120,512,512,100.0
2170,New_Delhi,Scene_5_2025-04-23,152,C:\Users\Aditya main\Desktop\Project_Sih\patches\New_Delhi\Scene_5_2025-04-23\patch_0152.npy,5120,1024,512,100.0
2171,New_Delhi,Scene_5_2025-04-23,153,C:\Users\Aditya main\Desktop\Project_Sih\patches\New_Delhi\Scene_5_2025-04-23\patch_0153.npy,5120,1536,512,100.0
2172,New_Delhi,Scene_5_2025-04-23,154,C:\Users\Aditya main\Desktop\Project_Sih\patches\New_Delhi\Scene_5_2025-04-23\patch_0154.npy,5120,2048,512,99.94049072265624
2173,New_Delhi,Scene_5_2025-04-23,155,C:\Users\Aditya main\Desktop\Project_Sih\patches\New_Delhi\Scene_5_2025-04-23\patch_0155.npy,5120,2560,512,99.99847412109376
2174,New_Delhi,Scene_5_2025-04-23,156,C:\Users\Aditya main\Desktop\Project_Sih\patches\New_Delhi\Scene_5_2025-04-23\patch_0156.npy,5120,3072,512,99.15313720703124
2175,New_Delhi,Scene_5_2025-04-23,157,C:\Users\Aditya main\Desktop\Project_Sih\patches\New_Delhi\Scene_5_2025-04-23\patch_0157.npy,5120,3584,512,99.99237060546876
2176,New_Delhi,Scene_5_2025-04-23,158,C:\Users\Aditya main\Desktop\Project_Sih\patches\New_Delhi\Scene_5_2025-04-23\patch_0158.npy,5120,4096,512,99.932861328125
2177,New_Delhi,Scene_5_2025-04-23,159,C:\Users\Aditya main\Desktop\Project_Sih\patches\New_Delhi\Scene_5_2025-04-23\patch_0159.npy,5120,4608,512,99.99542236328124
2178,New_Delhi,Scene_5_2025-04-23,160,C:\Users\Aditya main\Desktop\Project_Sih\patches\New_Delhi\Scene_5_2025-04-23\patch_0160.npy,5120,5120,512,99.6856689453125
2179,New_Delhi,Scene_5_2025-04-23,161,C:\Users\Aditya main\Desktop\Project_Sih\patches\New_Delhi\Scene_5_2025-04-23\patch_0161.npy,5120,5632,512,99.54071044921876
2180,New_Delhi,Scene_5_2025-04-23,162,C:\Users\Aditya main\Desktop\Project_Sih\patches\New_Delhi\Scene_5_2025-04-23\patch_0162.npy,5120,6144,512,99.37896728515624
2181,New_Delhi,Scene_5_2025-04-23,163,C:\Users\Aditya main\Desktop\Project_Sih\patches\New_Delhi\Scene_5_2025-04-23\patch_0163.npy,5120,6656,512,98.39935302734376
2182,New_Delhi,Scene_5_2025-04-23,164,C:\Users\Aditya main\Desktop\Project_Sih\patches\New_Delhi\Scene_5_2025-04-23\patch_0164.npy,5120,7168,512,99.90234375
2183,New_Delhi,Scene_5_2025-04-23,165,C:\Users\Aditya main\Desktop\Project_Sih\patches\New_Delhi\Scene_5_2025-04-23\patch_0165.npy,5632,0,512,100.0
2184,New_Delhi,Scene_5_2025-04-23,166,C:\Users\Aditya main\Desktop\Project_Sih\patches\New_Delhi\Scene_5_2025-04-23\patch_0166.npy,5632,512,512,100.0
2185,New_Delhi,Scene_5_2025-04-23,167,C:\Users\Aditya main\Desktop\Project_Sih\patches\New_Delhi\Scene_5_2025-04-23\patch_0167.npy,5632,1024,512,99.95269775390624
2186,New_Delhi,Scene_5_2025-04-23,168,C:\Users\Aditya main\Desktop\Project_Sih\patches\New_Delhi\Scene_5_2025-04-23\patch_0168.npy,5632,1536,512,98.626708984375
2187,New_Delhi,Scene_5_2025-04-23,169,C:\Users\Aditya main\Desktop\Project_Sih\patches\New_Delhi\Scene_5_2025-04-23\patch_0169.npy,5632,2048,512,99.94354248046876
2188,New_Delhi,Scene_5_2025-04-23,170,C:\Users\Aditya main\Desktop\Project_Sih\patches\New_Delhi\Scene_5_2025-04-23\patch_0170.npy,5632,2560,512,99.84283447265624
2189,New_Delhi,Scene_5_2025-04-23,171,C:\Users\Aditya main\Desktop\Project_Sih\patches\New_Delhi\Scene_5_2025-04-23\patch_0171.npy,5632,3072,512,99.8809814453125
2190,New_Delhi,Scene_5_2025-04-23,172,C:\Users\Aditya main\Desktop\Project_Sih\patches\New_Delhi\Scene_5_2025-04-23\patch_0172.npy,5632,3584,512,100.0
2191,New_Delhi,Scene_5_2025-04-23,173,C:\Users\Aditya main\Desktop\Project_Sih\patches\New_Delhi\Scene_5_2025-04-23\patch_0173.npy,5632,4096,512,99.5361328125
2192,New_Delhi,Scene_5_2025-04-23,174,C:\Users\Aditya main\Desktop\Project_Sih\patches\New_Delhi\Scene_5_2025-04-23\patch_0174.npy,5632,4608,512,99.9542236328125
2193,New_Delhi,Scene_5_2025-04-23,175,C:\Users\Aditya main\Desktop\Project_Sih\patches\New_Delhi\Scene_5_2025-04-23\patch_0175.npy,5632,5120,512,99.4781494140625
2194,New_Delhi,Scene_5_2025-04-23,176,C:\Users\Aditya main\Desktop\Project_Sih\patches\New_Delhi\Scene_5_2025-04-23\patch_0176.npy,5632,5632,512,99.86572265625
2195,New_Delhi,Scene_5_2025-04-23,177,C:\Users\Aditya main\Desktop\Project_Sih\patches\New_Delhi\Scene_5_2025-04-23\patch_0177.npy,5632,6144,512,98.48785400390624
2196,New_Delhi,Scene_5_2025-04-23,178,C:\Users\Aditya main\Desktop\Project_Sih\patches\New_Delhi\Scene_5_2025-04-23\patch_0178.npy,5632,6656,512,99.9542236328125
2197,New_Delhi,Scene_5_2025-04-23,179,C:\Users\Aditya main\Desktop\Project_Sih\patches\New_Delhi\Scene_5_2025-04-23\patch_0179.npy,5632,7168,512,99.93743896484376
2198,New_Delhi,Scene_5_2025-04-23,180,C:\Users\Aditya main\Desktop\Project_Sih\patches\New_Delhi\Scene_5_2025-04-23\patch_0180.npy,6144,0,512,98.62518310546876
2199,New_Delhi,Scene_5_2025-04-23,181,C:\Users\Aditya main\Desktop\Project_Sih\patches\New_Delhi\Scene_5_2025-04-23\patch_0181.npy,6144,512,512,99.9786376953125
2200,New_Delhi,Scene_5_2025-04-23,182,C:\Users\Aditya main\Desktop\Project_Sih\patches\New_Delhi\Scene_5_2025-04-23\patch_0182.npy,6144,1024,512,99.1851806640625
2201,New_Delhi,Scene_5_2025-04-23,183,C:\Users\Aditya main\Desktop\Project_Sih\patches\New_Delhi\Scene_5_2025-04-23\patch_0183.npy,6144,1536,512,98.0377197265625
2202,New_Delhi,Scene_5_2025-04-23,184,C:\Users\Aditya main\Desktop\Project_Sih\patches\New_Delhi\Scene_5_2025-04-23\patch_0184.npy,6144,2048,512,99.1912841796875
2203,New_Delhi,Scene_5_2025-04-23,185,C:\Users\Aditya main\Desktop\Project_Sih\patches\New_Delhi\Scene_5_2025-04-23\patch_0185.npy,6144,2560,512,99.98321533203124
2204,New_Delhi,Scene_5_2025-04-23,186,C:\Users\Aditya main\Desktop\Project_Sih\patches\New_Delhi\Scene_5_2025-04-23\patch_0186.npy,6144,3072,512,99.7955322265625
2205,New_Delhi,Scene_5_2025-04-23,187,C:\Users\Aditya main\Desktop\Project_Sih\patches\New_Delhi\Scene_5_2025-04-23\patch_0187.npy,6144,3584,512,99.98626708984376
2206,New_Delhi,Scene_5_2025-04-23,188,C:\Users\Aditya main\Desktop\Project_Sih\patches\New_Delhi\Scene_5_2025-04-23\patch_0188.npy,6144,4096,512,97.61810302734376
2207,New_Delhi,Scene_5_2025-04-23,189,C:\Users\Aditya main\Desktop\Project_Sih\patches\New_Delhi\Scene_5_2025-04-23\patch_0189.npy,6144,4608,512,98.50921630859376
2208,New_Delhi,Scene_5_2025-04-23,190,C:\Users\Aditya main\Desktop\Project_Sih\patches\New_Delhi\Scene_5_2025-04-23\patch_0190.npy,6144,5120,512,99.89776611328124
2209,New_Delhi,Scene_5_2025-04-23,191,C:\Users\Aditya main\Desktop\Project_Sih\patches\New_Delhi\Scene_5_2025-04-23\patch_0191.npy,6144,5632,512,99.8565673828125
2210,New_Delhi,Scene_5_2025-04-23,192,C:\Users\Aditya main\Desktop\Project_Sih\patches\New_Delhi\Scene_5_2025-04-23\patch_0192.npy,6144,6144,512,99.08905029296876
2211,New_Delhi,Scene_5_2025-04-23,193,C:\Users\Aditya main\Desktop\Project_Sih\patches\New_Delhi\Scene_5_2025-04-23\patch_0193.npy,6144,6656,512,99.85504150390624
2212,New_Delhi,Scene_5_2025-04-23,194,C:\Users\Aditya main\Desktop\Project_Sih\patches\New_Delhi\Scene_5_2025-04-23\patch_0194.npy,6144,7168,512,99.24468994140624
2213,New_Delhi,Scene_5_2025-04-23,195,C:\Users\Aditya main\Desktop\Project_Sih\patches\New_Delhi\Scene_5_2025-04-23\patch_0195.npy,6656,0,512,99.34539794921876
2214,New_Delhi,Scene_5_2025-04-23,196,C:\Users\Aditya main\Desktop\Project_Sih\patches\New_Delhi\Scene_5_2025-04-23\patch_0196.npy,6656,512,512,99.83978271484376
2215,New_Delhi,Scene_5_2025-04-23,197,C:\Users\Aditya main\Desktop\Project_Sih\patches\New_Delhi\Scene_5_2025-04-23\patch_0197.npy,6656,1024,512,94.53277587890624
2216,New_Delhi,Scene_5_2025-04-23,198,C:\Users\Aditya main\Desktop\Project_Sih\patches\New_Delhi\Scene_5_2025-04-23\patch_0198.npy,6656,1536,512,90.3717041015625
2217,New_Delhi,Scene_5_2025-04-23,199,C:\Users\Aditya main\Desktop\Project_Sih\patches\New_Delhi\Scene_5_2025-04-23\patch_0199.npy,6656,2048,512,97.0123291015625
2218,New_Delhi,Scene_5_2025-04-23,200,C:\Users\Aditya main\Desktop\Project_Sih\patches\New_Delhi\Scene_5_2025-04-23\patch_0200.npy,6656,2560,512,94.81353759765624
2219,New_Delhi,Scene_5_2025-04-23,201,C:\Users\Aditya main\Desktop\Project_Sih\patches\New_Delhi\Scene_5_2025-04-23\patch_0201.npy,6656,3072,512,98.59771728515624
2220,New_Delhi,Scene_5_2025-04-23,202,C:\Users\Aditya main\Desktop\Project_Sih\patches\New_Delhi\Scene_5_2025-04-23\patch_0202.npy,6656,3584,512,99.82452392578124
2221,New_Delhi,Scene_5_2025-04-23,203,C:\Users\Aditya main\Desktop\Project_Sih\patches\New_Delhi\Scene_5_2025-04-23\patch_0203.npy,6656,4096,512,97.90191650390624
2222,New_Delhi,Scene_5_2025-04-23,204,C:\Users\Aditya main\Desktop\Project_Sih\patches\New_Delhi\Scene_5_2025-04-23\patch_0204.npy,6656,4608,512,94.66094970703124
2223,New_Delhi,Scene_5_2025-04-23,205,C:\Users\Aditya main\Desktop\Project_Sih\patches\New_Delhi\Scene_5_2025-04-23\patch_0205.npy,6656,5120,512,98.35357666015624
2224,New_Delhi,Scene_5_2025-04-23,206,C:\Users\Aditya main\Desktop\Project_Sih\patches\New_Delhi\Scene_5_2025-04-23\patch_0206.npy,6656,5632,512,99.93438720703124
2225,New_Delhi,Scene_5_2025-04-23,207,C:\Users\Aditya main\Desktop\Project_Sih\patches\New_Delhi\Scene_5_2025-04-23\patch_0207.npy,6656,6144,512,99.73907470703124
2226,New_Delhi,Scene_5_2025-04-23,208,C:\Users\Aditya main\Desktop\Project_Sih\patches\New_Delhi\Scene_5_2025-04-23\patch_0208.npy,6656,6656,512,98.45123291015624
2227,New_Delhi,Scene_5_2025-04-23,209,C:\Users\Aditya main\Desktop\Project_Sih\patches\New_Delhi\Scene_5_2025-04-23\patch_0209.npy,6656,7168,512,98.64654541015624
2228,New_Delhi,Scene_5_2025-04-23,210,C:\Users\Aditya main\Desktop\Project_Sih\patches\New_Delhi\Scene_5_2025-04-23\patch_0210.npy,7168,0,512,99.68109130859376
2229,New_Delhi,Scene_5_2025-04-23,211,C:\Users\Aditya main\Desktop\Project_Sih\patches\New_Delhi\Scene_5_2025-04-23\patch_0211.npy,7168,512,512,99.7222900390625
2230,New_Delhi,Scene_5_2025-04-23,212,C:\Users\Aditya main\Desktop\Project_Sih\patches\New_Delhi\Scene_5_2025-04-23\patch_0212.npy,7168,1024,512,95.9228515625
2231,New_Delhi,Scene_5_2025-04-23,213,C:\Users\Aditya main\Desktop\Project_Sih\patches\New_Delhi\Scene_5_2025-04-23\patch_0213.npy,7168,3072,512,99.96795654296876
2232,New_Delhi,Scene_5_2025-04-23,214,C:\Users\Aditya main\Desktop\Project_Sih\patches\New_Delhi\Scene_5_2025-04-23\patch_0214.npy,7168,3584,512,99.44610595703124
2233,New_Delhi,Scene_5_2025-04-23,215,C:\Users\Aditya main\Desktop\Project_Sih\patches\New_Delhi\Scene_5_2025-04-23\patch_0215.npy,7168,4096,512,98.9776611328125
2234,New_Delhi,Scene_5_2025-04-23,216,C:\Users\Aditya main\Desktop\Project_Sih\patches\New_Delhi\Scene_5_2025-04-23\patch_0216.npy,7168,4608,512,99.3560791015625
2235,New_Delhi,Scene_5_2025-04-23,217,C:\Users\Aditya main\Desktop\Project_Sih\patches\New_Delhi\Scene_5_2025-04-23\patch_0217.npy,7168,5120,512,97.4334716796875
2236,New_Delhi,Scene_5_2025-04-23,218,C:\Users\Aditya main\Desktop\Project_Sih\patches\New_Delhi\Scene_5_2025-04-23\patch_0218.npy,7168,5632,512,98.01025390625
2237,New_Delhi,Scene_5_2025-04-23,219,C:\Users\Aditya main\Desktop\Project_Sih\patches\New_Delhi\Scene_5_2025-04-23\patch_0219.npy,7168,6144,512,99.8199462890625
2238,New_Delhi,Scene_5_2025-04-23,220,C:\Users\Aditya main\Desktop\Project_Sih\patches\New_Delhi\Scene_5_2025-04-23\patch_0220.npy,7168,6656,512,99.9725341796875
2239,New_Delhi,Scene_5_2025-04-23,221,C:\Users\Aditya main\Desktop\Project_Sih\patches\New_Delhi\Scene_5_2025-04-23\patch_0221.npy,7168,7168,512,99.97711181640624
2240,New_Delhi,Scene_5_2025-04-23,222,C:\Users\Aditya main\Desktop\Project_Sih\patches\New_Delhi\Scene_5_2025-04-23\patch_0222.npy,7680,0,512,99.658203125
2241,New_Delhi,Scene_5_2025-04-23,223,C:\Users\Aditya main\Desktop\Project_Sih\patches\New_Delhi\Scene_5_2025-04-23\patch_0223.npy,7680,512,512,95.0103759765625
2242,New_Delhi,Scene_5_2025-04-23,224,C:\Users\Aditya main\Desktop\Project_Sih\patches\New_Delhi\Scene_5_2025-04-23\patch_0224.npy,7680,2560,512,98.895263671875
2243,New_Delhi,Scene_5_2025-04-23,225,C:\Users\Aditya main\Desktop\Project_Sih\patches\New_Delhi\Scene_5_2025-04-23\patch_0225.npy,7680,3072,512,99.99847412109376
2244,New_Delhi,Scene_5_2025-04-23,226,C:\Users\Aditya main\Desktop\Project_Sih\patches\New_Delhi\Scene_5_2025-04-23\patch_0226.npy,7680,3584,512,99.4171142578125
2245,New_Delhi,Scene_5_2025-04-23,227,C:\Users\Aditya main\Desktop\Project_Sih\patches\New_Delhi\Scene_5_2025-04-23\patch_0227.npy,7680,4096,512,99.481201171875
2246,New_Delhi,Scene_5_2025-04-23,228,C:\Users\Aditya main\Desktop\Project_Sih\patches\New_Delhi\Scene_5_2025-04-23\patch_0228.npy,7680,4608,512,99.4476318359375
2247,New_Delhi,Scene_5_2025-04-23,229,C:\Users\Aditya main\Desktop\Project_Sih\patches\New_Delhi\Scene_5_2025-04-23\patch_0229.npy,7680,5120,512,99.4842529296875
2248,New_Delhi,Scene_5_2025-04-23,230,C:\Users\Aditya main\Desktop\Project_Sih\patches\New_Delhi\Scene_5_2025-04-23\patch_0230.npy,7680,5632,512,99.48577880859376
2249,New_Delhi,Scene_5_2025-04-23,231,C:\Users\Aditya main\Desktop\Project_Sih\patches\New_Delhi\Scene_5_2025-04-23\patch_0231.npy,7680,6144,512,98.8189697265625
2250,New_Delhi,Scene_5_2025-04-23,232,C:\Users\Aditya main\Desktop\Project_Sih\patches\New_Delhi\Scene_5_2025-04-23\patch_0232.npy,7680,6656,512,99.45831298828124
2251,New_Delhi,Scene_5_2025-04-23,233,C:\Users\Aditya main\Desktop\Project_Sih\patches\New_Delhi\Scene_5_2025-04-23\patch_0233.npy,7680,7168,512,99.62005615234376
2252,New_Delhi,Scene_5_2025-04-23,234,C:\Users\Aditya main\Desktop\Project_Sih\patches\New_Delhi\Scene_5_2025-04-23\patch_0234.npy,8192,0,512,99.62158203125
2253,New_Delhi,Scene_5_2025-04-23,235,C:\Users\Aditya main\Desktop\Project_Sih\patches\New_Delhi\Scene_5_2025-04-23\patch_0235.npy,8192,512,512,90.52886962890624
2254,New_Delhi,Scene_5_2025-04-23,236,C:\Users\Aditya main\Desktop\Project_Sih\patches\New_Delhi\Scene_5_2025-04-23\patch_0236.npy,8192,1024,512,95.11260986328124
2255,New_Delhi,Scene_5_2025-04-23,237,C:\Users\Aditya main\Desktop\Project_Sih\patches\New_Delhi\Scene_5_2025-04-23\patch_0237.npy,8192,2560,512,91.8731689453125
2256,New_Delhi,Scene_5_2025-04-23,238,C:\Users\Aditya main\Desktop\Project_Sih\patches\New_Delhi\Scene_5_2025-04-23\patch_0238.npy,8192,3072,512,99.93743896484376
2257,New_Delhi,Scene_5_2025-04-23,239,C:\Users\Aditya main\Desktop\Project_Sih\patches\New_Delhi\Scene_5_2025-04-23\patch_0239.npy,8192,3584,512,99.90386962890624
2258,New_Delhi,Scene_5_2025-04-23,240,C:\Users\Aditya main\Desktop\Project_Sih\patches\New_Delhi\Scene_5_2025-04-23\patch_0240.npy,8192,4096,512,98.93798828125
2259,New_Delhi,Scene_5_2025-04-23,241,C:\Users\Aditya main\Desktop\Project_Sih\patches\New_Delhi\Scene_5_2025-04-23\patch_0241.npy,8192,4608,512,97.540283203125
2260,New_Delhi,Scene_5_2025-04-23,242,C:\Users\Aditya main\Desktop\Project_Sih\patches\New_Delhi\Scene_5_2025-04-23\patch_0242.npy,8192,5120,512,99.1485595703125
2261,New_Delhi,Scene_5_2025-04-23,243,C:\Users\Aditya main\Desktop\Project_Sih\patches\New_Delhi\Scene_5_2025-04-23\patch_0243.npy,8192,5632,512,98.6907958984375
2262,New_Delhi,Scene_5_2025-04-23,244,C:\Users\Aditya main\Desktop\Project_Sih\patches\New_Delhi\Scene_5_2025-04-23\patch_0244.npy,8192,6144,512,97.95684814453124
2263,New_Delhi,Scene_5_2025-04-23,245,C:\Users\Aditya main\Desktop\Project_Sih\patches\New_Delhi\Scene_5_2025-04-23\patch_0245.npy,8192,6656,512,98.486328125
2264,New_Delhi,Scene_5_2025-04-23,246,C:\Users\Aditya main\Desktop\Project_Sih\patches\New_Delhi\Scene_5_2025-04-23\patch_0246.npy,8192,7168,512,99.102783203125
