global_id,city,scene,patch_id,patch_path,row_start,col_start,patch_size,valid_percentage,path
0,Ahmedabad,Scene_1_2025-05-01,0,C:\Users\Aditya main\Desktop\Project_Sih\patches\Ahmedabad\Scene_1_2025-05-01\patch_0000.npy,2083,2787,512,100.0,patches\Ahmedabad\Scene_1_2025-05-01\patch_0000.npy
1,Ahmedabad,Scene_1_2025-05-01,1,C:\Users\Aditya main\Desktop\Project_Sih\patches\Ahmedabad\Scene_1_2025-05-01\patch_0001.npy,2083,3299,512,100.0,patches\Ahmedabad\Scene_1_2025-05-01\patch_0001.npy
2,Ahmedabad,Scene_1_2025-05-01,2,C:\Users\Aditya main\Desktop\Project_Sih\patches\Ahmedabad\Scene_1_2025-05-01\patch_0002.npy,2083,3811,512,100.0,patches\Ahmedabad\Scene_1_2025-05-01\patch_0002.npy
3,Ahmedabad,Scene_1_2025-05-01,3,C:\Users\Aditya main\Desktop\Project_Sih\patches\Ahmedabad\Scene_1_2025-05-01\patch_0003.npy,2083,4323,512,100.0,patches\Ahmedabad\Scene_1_2025-05-01\patch_0003.npy
4,Ahmedabad,Scene_1_2025-05-01,4,C:\Users\Aditya main\Desktop\Project_Sih\patches\Ahmedabad\Scene_1_2025-05-01\patch_0004.npy,2083,4835,512,100.0,patches\Ahmedabad\Scene_1_2025-05-01\patch_0004.npy
5,Ahmedabad,Scene_1_2025-05-01,5,C:\Users\Aditya main\Desktop\Project_Sih\patches\Ahmedabad\Scene_1_2025-05-01\patch_0005.npy,2083,5347,512,100.0,patches\Ahmedabad\Scene_1_2025-05-01\patch_0005.npy
6,Ahmedabad,Scene_1_2025-05-01,6,C:\Users\Aditya main\Desktop\Project_Sih\patches\Ahmedabad\Scene_1_2025-05-01\patch_0006.npy,2083,5859,512,100.0,patches\Ahmedabad\Scene_1_2025-05-01\patch_0006.npy
7,Ahmedabad,Scene_1_2025-05-01,7,C:\Users\Aditya main\Desktop\Project_Sih\patches\Ahmedabad\Scene_1_2025-05-01\patch_0007.npy,2083,6371,512,100.0,patches\Ahmedabad\Scene_1_2025-05-01\patch_0007.npy
8,Ahmedabad,Scene_1_2025-05-01,8,C:\Users\Aditya main\Desktop\Project_Sih\patches\Ahmedabad\Scene_1_2025-05-01\patch_0008.npy,2083,6883,512,100.0,patches\Ahmedabad\Scene_1_2025-05-01\patch_0008.npy
9,Ahmedabad,Scene_1_2025-05-01,9,C:\Users\Aditya main\Desktop\Project_Sih\patches\Ahmedabad\Scene_1_2025-05-01\patch_0009.npy,2595,2787,512,100.0,patches\Ahmedabad\Scene_1_2025-05-01\patch_0009.npy
10,Ahmedabad,Scene_1_2025-05-01,10,C:\Users\Aditya main\Desktop\Project_Sih\patches\Ahmedabad\Scene_1_2025-05-01\patch_0010.npy,2595,3299,512,100.0,patches\Ahmedabad\Scene_1_2025-05-01\patch_0010.npy
11,Ahmedabad,Scene_1_2025-05-01,11,C:\Users\Aditya main\Desktop\Project_Sih\patches\Ahmedabad\Scene_1_2025-05-01\patch_0011.npy,2595,3811,512,100.0,patches\Ahmedabad\Scene_1_2025-05-01\patch_0011.npy
12,Ahmedabad,Scene_1_2025-05-01,12,C:\Users\Aditya main\Desktop\Project_Sih\patches\Ahmedabad\Scene_1_2025-05-01\patch_0012.npy,2595,4323,512,100.0,patches\Ahmedabad\Scene_1_2025-05-01\patch_0012.npy
13,Ahmedabad,Scene_1_2025-05-01,13,C:\Users\Aditya main\Desktop\Project_Sih\patches\Ahmedabad\Scene_1_2025-05-01\patch_0013.npy,2595,4835,512,100.0,patches\Ahmedabad\Scene_1_2025-05-01\patch_0013.npy
14,Ahmedabad,Scene_1_2025-05-01,14,C:\Users\Aditya main\Desktop\Project_Sih\patches\Ahmedabad\Scene_1_2025-05-01\patch_0014.npy,2595,5347,512,100.0,patches\Ahmedabad\Scene_1_2025-05-01\patch_0014.npy
15,Ahmedabad,Scene_1_2025-05-01,15,C:\Users\Aditya main\Desktop\Project_Sih\patches\Ahmedabad\Scene_1_2025-05-01\patch_0015.npy,2595,5859,512,100.0,patches\Ahmedabad\Scene_1_2025-05-01\patch_0015.npy
16,Ahmedabad,Scene_1_2025-05-01,16,C:\Users\Aditya main\Desktop\Project_Sih\patches\Ahmedabad\Scene_1_2025-05-01\patch_0016.npy,2595,6371,512,100.0,patches\Ahmedabad\Scene_1_2025-05-01\patch_0016.npy
17,Ahmedabad,Scene_1_2025-05-01,17,C:\Users\Aditya main\Desktop\Project_Sih\patches\Ahmedabad\Scene_1_2025-05-01\patch_0017.npy,2595,6883,512,100.0,patches\Ahmedabad\Scene_1_2025-05-01\patch_0017.npy
18,Ahmedabad,Scene_1_2025-05-01,18,C:\Users\Aditya main\Desktop\Project_Sih\patches\Ahmedabad\Scene_1_2025-05-01\patch_0018.npy,3107,2787,512,100.0,patches\Ahmedabad\Scene_1_2025-05-01\patch_0018.npy
19,Ahmedabad,Scene_1_2025-05-01,19,C:\Users\Aditya main\Desktop\Project_Sih\patches\Ahmedabad\Scene_1_2025-05-01\patch_0019.npy,3107,3299,512,100.0,patches\Ahmedabad\Scene_1_2025-05-01\patch_0019.npy
20,Ahmedabad,Scene_1_2025-05-01,20,C:\Users\Aditya main\Desktop\Project_Sih\patches\Ahmedabad\Scene_1_2025-05-01\patch_0020.npy,3107,3811,512,100.0,patches\Ahmedabad\Scene_1_2025-05-01\patch_0020.npy
21,Ahmedabad,Scene_1_2025-05-01,21,C:\Users\Aditya main\Desktop\Project_Sih\patches\Ahmedabad\Scene_1_2025-05-01\patch_0021.npy,3107,4323,512,100.0,patches\Ahmedabad\Scene_1_2025-05-01\patch_0021.npy
22,Ahmedabad,Scene_1_2025-05-01,22,C:\Users\Aditya main\Desktop\Project_Sih\patches\Ahmedabad\Scene_1_2025-05-01\patch_0022.npy,3107,4835,512,100.0,patches\Ahmedabad\Scene_1_2025-05-01\patch_0022.npy
23,Ahmedabad,Scene_1_2025-05-01,23,C:\Users\Aditya main\Desktop\Project_Sih\patches\Ahmedabad\Scene_1_2025-05-01\patch_0023.npy,3107,5347,512,100.0,patches\Ahmedabad\Scene_1_2025-05-01\patch_0023.npy
24,Ahmedabad,Scene_1_2025-05-01,24,C:\Users\Aditya main\Desktop\Project_Sih\patches\Ahmedabad\Scene_1_2025-05-01\patch_0024.npy,3107,5859,512,100.0,patches\Ahmedabad\Scene_1_2025-05-01\patch_0024.npy
25,Ahmedabad,Scene_1_2025-05-01,25,C:\Users\Aditya main\Desktop\Project_Sih\patches\Ahmedabad\Scene_1_2025-05-01\patch_0025.npy,3107,6371,512,100.0,patches\Ahmedabad\Scene_1_2025-05-01\patch_0025.npy
26,Ahmedabad,Scene_1_2025-05-01,26,C:\Users\Aditya main\Desktop\Project_Sih\patches\Ahmedabad\Scene_1_2025-05-01\patch_0026.npy,3107,6883,512,100.0,patches\Ahmedabad\Scene_1_2025-05-01\patch_0026.npy
27,Ahmedabad,Scene_1_2025-05-01,27,C:\Users\Aditya main\Desktop\Project_Sih\patches\Ahmedabad\Scene_1_2025-05-01\patch_0027.npy,3619,2787,512,100.0,patches\Ahmedabad\Scene_1_2025-05-01\patch_0027.npy
28,Ahmedabad,Scene_1_2025-05-01,28,C:\Users\Aditya main\Desktop\Project_Sih\patches\Ahmedabad\Scene_1_2025-05-01\patch_0028.npy,3619,3299,512,100.0,patches\Ahmedabad\Scene_1_2025-05-01\patch_0028.npy
29,Ahmedabad,Scene_1_2025-05-01,29,C:\Users\Aditya main\Desktop\Project_Sih\patches\Ahmedabad\Scene_1_2025-05-01\patch_0029.npy,3619,3811,512,100.0,patches\Ahmedabad\Scene_1_2025-05-01\patch_0029.npy
30,Ahmedabad,Scene_1_2025-05-01,30,C:\Users\Aditya main\Desktop\Project_Sih\patches\Ahmedabad\Scene_1_2025-05-01\patch_0030.npy,3619,4323,512,99.99847412109376,patches\Ahmedabad\Scene_1_2025-05-01\patch_0030.npy
31,Ahmedabad,Scene_1_2025-05-01,31,C:\Users\Aditya main\Desktop\Project_Sih\patches\Ahmedabad\Scene_1_2025-05-01\patch_0031.npy,3619,4835,512,100.0,patches\Ahmedabad\Scene_1_2025-05-01\patch_0031.npy
32,Ahmedabad,Scene_1_2025-05-01,32,C:\Users\Aditya main\Desktop\Project_Sih\patches\Ahmedabad\Scene_1_2025-05-01\patch_0032.npy,3619,5347,512,100.0,patches\Ahmedabad\Scene_1_2025-05-01\patch_0032.npy
33,Ahmedabad,Scene_1_2025-05-01,33,C:\Users\Aditya main\Desktop\Project_Sih\patches\Ahmedabad\Scene_1_2025-05-01\patch_0033.npy,3619,5859,512,100.0,patches\Ahmedabad\Scene_1_2025-05-01\patch_0033.npy
34,Ahmedabad,Scene_1_2025-05-01,34,C:\Users\Aditya main\Desktop\Project_Sih\patches\Ahmedabad\Scene_1_2025-05-01\patch_0034.npy,3619,6371,512,100.0,patches\Ahmedabad\Scene_1_2025-05-01\patch_0034.npy
35,Ahmedabad,Scene_1_2025-05-01,35,C:\Users\Aditya main\Desktop\Project_Sih\patches\Ahmedabad\Scene_1_2025-05-01\patch_0035.npy,3619,6883,512,100.0,patches\Ahmedabad\Scene_1_2025-05-01\patch_0035.npy
36,Ahmedabad,Scene_1_2025-05-01,36,C:\Users\Aditya main\Desktop\Project_Sih\patches\Ahmedabad\Scene_1_2025-05-01\patch_0036.npy,4131,2787,512,100.0,patches\Ahmedabad\Scene_1_2025-05-01\patch_0036.npy
37,Ahmedabad,Scene_1_2025-05-01,37,C:\Users\Aditya main\Desktop\Project_Sih\patches\Ahmedabad\Scene_1_2025-05-01\patch_0037.npy,4131,3299,512,100.0,patches\Ahmedabad\Scene_1_2025-05-01\patch_0037.npy
38,Ahmedabad,Scene_1_2025-05-01,38,C:\Users\Aditya main\Desktop\Project_Sih\patches\Ahmedabad\Scene_1_2025-05-01\patch_0038.npy,4131,3811,512,100.0,patches\Ahmedabad\Scene_1_2025-05-01\patch_0038.npy
39,Ahmedabad,Scene_1_2025-05-01,39,C:\Users\Aditya main\Desktop\Project_Sih\patches\Ahmedabad\Scene_1_2025-05-01\patch_0039.npy,4131,4323,512,99.99847412109376,patches\Ahmedabad\Scene_1_2025-05-01\patch_0039.npy
40,Ahmedabad,Scene_1_2025-05-01,40,C:\Users\Aditya main\Desktop\Project_Sih\patches\Ahmedabad\Scene_1_2025-05-01\patch_0040.npy,4131,4835,512,99.9298095703125,patches\Ahmedabad\Scene_1_2025-05-01\patch_0040.npy
41,Ahmedabad,Scene_1_2025-05-01,41,C:\Users\Aditya main\Desktop\Project_Sih\patches\Ahmedabad\Scene_1_2025-05-01\patch_0041.npy,4131,5347,512,100.0,patches\Ahmedabad\Scene_1_2025-05-01\patch_0041.npy
42,Ahmedabad,Scene_1_2025-05-01,42,C:\Users\Aditya main\Desktop\Project_Sih\patches\Ahmedabad\Scene_1_2025-05-01\patch_0042.npy,4131,5859,512,100.0,patches\Ahmedabad\Scene_1_2025-05-01\patch_0042.npy
43,Ahmedabad,Scene_1_2025-05-01,43,C:\Users\Aditya main\Desktop\Project_Sih\patches\Ahmedabad\Scene_1_2025-05-01\patch_0043.npy,4131,6371,512,100.0,patches\Ahmedabad\Scene_1_2025-05-01\patch_0043.npy
44,Ahmedabad,Scene_1_2025-05-01,44,C:\Users\Aditya main\Desktop\Project_Sih\patches\Ahmedabad\Scene_1_2025-05-01\patch_0044.npy,4131,6883,512,100.0,patches\Ahmedabad\Scene_1_2025-05-01\patch_0044.npy
45,Ahmedabad,Scene_1_2025-05-01,45,C:\Users\Aditya main\Desktop\Project_Sih\patches\Ahmedabad\Scene_1_2025-05-01\patch_0045.npy,4643,2787,512,100.0,patches\Ahmedabad\Scene_1_2025-05-01\patch_0045.npy
46,Ahmedabad,Scene_1_2025-05-01,46,C:\Users\Aditya main\Desktop\Project_Sih\patches\Ahmedabad\Scene_1_2025-05-01\patch_0046.npy,4643,3299,512,100.0,patches\Ahmedabad\Scene_1_2025-05-01\patch_0046.npy
47,Ahmedabad,Scene_1_2025-05-01,47,C:\Users\Aditya main\Desktop\Project_Sih\patches\Ahmedabad\Scene_1_2025-05-01\patch_0047.npy,4643,3811,512,100.0,patches\Ahmedabad\Scene_1_2025-05-01\patch_0047.npy
48,Ahmedabad,Scene_1_2025-05-01,48,C:\Users\Aditya main\Desktop\Project_Sih\patches\Ahmedabad\Scene_1_2025-05-01\patch_0048.npy,4643,4323,512,100.0,patches\Ahmedabad\Scene_1_2025-05-01\patch_0048.npy
49,Ahmedabad,Scene_1_2025-05-01,49,C:\Users\Aditya main\Desktop\Project_Sih\patches\Ahmedabad\Scene_1_2025-05-01\patch_0049.npy,4643,4835,512,100.0,patches\Ahmedabad\Scene_1_2025-05-01\patch_0049.npy
50,Ahmedabad,Scene_1_2025-05-01,50,C:\Users\Aditya main\Desktop\Project_Sih\patches\Ahmedabad\Scene_1_2025-05-01\patch_0050.npy,4643,5347,512,99.981689453125,patches\Ahmedabad\Scene_1_2025-05-01\patch_0050.npy
51,Ahmedabad,Scene_1_2025-05-01,51,C:\Users\Aditya main\Desktop\Project_Sih\patches\Ahmedabad\Scene_1_2025-05-01\patch_0051.npy,4643,5859,512,100.0,patches\Ahmedabad\Scene_1_2025-05-01\patch_0051.npy
52,Ahmedabad,Scene_1_2025-05-01,52,C:\Users\Aditya main\Desktop\Project_Sih\patches\Ahmedabad\Scene_1_2025-05-01\patch_0052.npy,4643,6371,512,100.0,patches\Ahmedabad\Scene_1_2025-05-01\patch_0052.npy
53,Ahmedabad,Scene_1_2025-05-01,53,C:\Users\Aditya main\Desktop\Project_Sih\patches\Ahmedabad\Scene_1_2025-05-01\patch_0053.npy,4643,6883,512,100.0,patches\Ahmedabad\Scene_1_2025-05-01\patch_0053.npy
54,Ahmedabad,Scene_1_2025-05-01,54,C:\Users\Aditya main\Desktop\Project_Sih\patches\Ahmedabad\Scene_1_2025-05-01\patch_0054.npy,5155,2787,512,100.0,patches\Ahmedabad\Scene_1_2025-05-01\patch_0054.npy
55,Ahmedabad,Scene_1_2025-05-01,55,C:\Users\Aditya main\Desktop\Project_Sih\patches\Ahmedabad\Scene_1_2025-05-01\patch_0055.npy,5155,3299,512,100.0,patches\Ahmedabad\Scene_1_2025-05-01\patch_0055.npy
56,Ahmedabad,Scene_1_2025-05-01,56,C:\Users\Aditya main\Desktop\Project_Sih\patches\Ahmedabad\Scene_1_2025-05-01\patch_0056.npy,5155,3811,512,100.0,patches\Ahmedabad\Scene_1_2025-05-01\patch_0056.npy
57,Ahmedabad,Scene_1_2025-05-01,57,C:\Users\Aditya main\Desktop\Project_Sih\patches\Ahmedabad\Scene_1_2025-05-01\patch_0057.npy,5155,4323,512,100.0,patches\Ahmedabad\Scene_1_2025-05-01\patch_0057.npy
58,Ahmedabad,Scene_1_2025-05-01,58,C:\Users\Aditya main\Desktop\Project_Sih\patches\Ahmedabad\Scene_1_2025-05-01\patch_0058.npy,5155,4835,512,100.0,patches\Ahmedabad\Scene_1_2025-05-01\patch_0058.npy
59,Ahmedabad,Scene_1_2025-05-01,59,C:\Users\Aditya main\Desktop\Project_Sih\patches\Ahmedabad\Scene_1_2025-05-01\patch_0059.npy,5155,5347,512,100.0,patches\Ahmedabad\Scene_1_2025-05-01\patch_0059.npy
60,Ahmedabad,Scene_1_2025-05-01,60,C:\Users\Aditya main\Desktop\Project_Sih\patches\Ahmedabad\Scene_1_2025-05-01\patch_0060.npy,5155,5859,512,99.98779296875,patches\Ahmedabad\Scene_1_2025-05-01\patch_0060.npy
61,Ahmedabad,Scene_1_2025-05-01,61,C:\Users\Aditya main\Desktop\Project_Sih\patches\Ahmedabad\Scene_1_2025-05-01\patch_0061.npy,5155,6371,512,100.0,patches\Ahmedabad\Scene_1_2025-05-01\patch_0061.npy
62,Ahmedabad,Scene_1_2025-05-01,62,C:\Users\Aditya main\Desktop\Project_Sih\patches\Ahmedabad\Scene_1_2025-05-01\patch_0062.npy,5155,6883,512,100.0,patches\Ahmedabad\Scene_1_2025-05-01\patch_0062.npy
63,Ahmedabad,Scene_1_2025-05-01,63,C:\Users\Aditya main\Desktop\Project_Sih\patches\Ahmedabad\Scene_1_2025-05-01\patch_0063.npy,5667,2787,512,100.0,patches\Ahmedabad\Scene_1_2025-05-01\patch_0063.npy
64,Ahmedabad,Scene_1_2025-05-01,64,C:\Users\Aditya main\Desktop\Project_Sih\patches\Ahmedabad\Scene_1_2025-05-01\patch_0064.npy,5667,3299,512,100.0,patches\Ahmedabad\Scene_1_2025-05-01\patch_0064.npy
65,Ahmedabad,Scene_1_2025-05-01,65,C:\Users\Aditya main\Desktop\Project_Sih\patches\Ahmedabad\Scene_1_2025-05-01\patch_0065.npy,5667,3811,512,100.0,patches\Ahmedabad\Scene_1_2025-05-01\patch_0065.npy
66,Ahmedabad,Scene_1_2025-05-01,66,C:\Users\Aditya main\Desktop\Project_Sih\patches\Ahmedabad\Scene_1_2025-05-01\patch_0066.npy,5667,4323,512,100.0,patches\Ahmedabad\Scene_1_2025-05-01\patch_0066.npy
67,Ahmedabad,Scene_1_2025-05-01,67,C:\Users\Aditya main\Desktop\Project_Sih\patches\Ahmedabad\Scene_1_2025-05-01\patch_0067.npy,5667,4835,512,100.0,patches\Ahmedabad\Scene_1_2025-05-01\patch_0067.npy
68,Ahmedabad,Scene_1_2025-05-01,68,C:\Users\Aditya main\Desktop\Project_Sih\patches\Ahmedabad\Scene_1_2025-05-01\patch_0068.npy,5667,5347,512,100.0,patches\Ahmedabad\Scene_1_2025-05-01\patch_0068.npy
69,Ahmedabad,Scene_1_2025-05-01,69,C:\Users\Aditya main\Desktop\Project_Sih\patches\Ahmedabad\Scene_1_2025-05-01\patch_0069.npy,5667,5859,512,100.0,patches\Ahmedabad\Scene_1_2025-05-01\patch_0069.npy
70,Ahmedabad,Scene_1_2025-05-01,70,C:\Users\Aditya main\Desktop\Project_Sih\patches\Ahmedabad\Scene_1_2025-05-01\patch_0070.npy,5667,6371,512,100.0,patches\Ahmedabad\Scene_1_2025-05-01\patch_0070.npy
71,Ahmedabad,Scene_1_2025-05-01,71,C:\Users\Aditya main\Desktop\Project_Sih\patches\Ahmedabad\Scene_1_2025-05-01\patch_0071.npy,5667,6883,512,100.0,patches\Ahmedabad\Scene_1_2025-05-01\patch_0071.npy
72,Ahmedabad,Scene_1_2025-05-01,72,C:\Users\Aditya main\Desktop\Project_Sih\patches\Ahmedabad\Scene_1_2025-05-01\patch_0072.npy,6179,2787,512,100.0,patches\Ahmedabad\Scene_1_2025-05-01\patch_0072.npy
73,Ahmedabad,Scene_1_2025-05-01,73,C:\Users\Aditya main\Desktop\Project_Sih\patches\Ahmedabad\Scene_1_2025-05-01\patch_0073.npy,6179,3299,512,100.0,patches\Ahmedabad\Scene_1_2025-05-01\patch_0073.npy
74,Ahmedabad,Scene_1_2025-05-01,74,C:\Users\Aditya main\Desktop\Project_Sih\patches\Ahmedabad\Scene_1_2025-05-01\patch_0074.npy,6179,3811,512,100.0,patches\Ahmedabad\Scene_1_2025-05-01\patch_0074.npy
75,Ahmedabad,Scene_1_2025-05-01,75,C:\Users\Aditya main\Desktop\Project_Sih\patches\Ahmedabad\Scene_1_2025-05-01\patch_0075.npy,6179,4323,512,100.0,patches\Ahmedabad\Scene_1_2025-05-01\patch_0075.npy
76,Ahmedabad,Scene_1_2025-05-01,76,C:\Users\Aditya main\Desktop\Project_Sih\patches\Ahmedabad\Scene_1_2025-05-01\patch_0076.npy,6179,4835,512,100.0,patches\Ahmedabad\Scene_1_2025-05-01\patch_0076.npy
77,Ahmedabad,Scene_1_2025-05-01,77,C:\Users\Aditya main\Desktop\Project_Sih\patches\Ahmedabad\Scene_1_2025-05-01\patch_0077.npy,6179,5347,512,100.0,patches\Ahmedabad\Scene_1_2025-05-01\patch_0077.npy
78,Ahmedabad,Scene_1_2025-05-01,78,C:\Users\Aditya main\Desktop\Project_Sih\patches\Ahmedabad\Scene_1_2025-05-01\patch_0078.npy,6179,5859,512,100.0,patches\Ahmedabad\Scene_1_2025-05-01\patch_0078.npy
79,Ahmedabad,Scene_1_2025-05-01,79,C:\Users\Aditya main\Desktop\Project_Sih\patches\Ahmedabad\Scene_1_2025-05-01\patch_0079.npy,6179,6371,512,100.0,patches\Ahmedabad\Scene_1_2025-05-01\patch_0079.npy
80,Ahmedabad,Scene_1_2025-05-01,80,C:\Users\Aditya main\Desktop\Project_Sih\patches\Ahmedabad\Scene_1_2025-05-01\patch_0080.npy,6179,6883,512,100.0,patches\Ahmedabad\Scene_1_2025-05-01\patch_0080.npy
81,Ahmedabad,Scene_1_2025-05-01,81,C:\Users\Aditya main\Desktop\Project_Sih\patches\Ahmedabad\Scene_1_2025-05-01\patch_0081.npy,6691,2787,512,100.0,patches\Ahmedabad\Scene_1_2025-05-01\patch_0081.npy
82,Ahmedabad,Scene_1_2025-05-01,82,C:\Users\Aditya main\Desktop\Project_Sih\patches\Ahmedabad\Scene_1_2025-05-01\patch_0082.npy,6691,3299,512,100.0,patches\Ahmedabad\Scene_1_2025-05-01\patch_0082.npy
83,Ahmedabad,Scene_1_2025-05-01,83,C:\Users\Aditya main\Desktop\Project_Sih\patches\Ahmedabad\Scene_1_2025-05-01\patch_0083.npy,6691,3811,512,100.0,patches\Ahmedabad\Scene_1_2025-05-01\patch_0083.npy
84,Ahmedabad,Scene_1_2025-05-01,84,C:\Users\Aditya main\Desktop\Project_Sih\patches\Ahmedabad\Scene_1_2025-05-01\patch_0084.npy,6691,4323,512,100.0,patches\Ahmedabad\Scene_1_2025-05-01\patch_0084.npy
85,Ahmedabad,Scene_1_2025-05-01,85,C:\Users\Aditya main\Desktop\Project_Sih\patches\Ahmedabad\Scene_1_2025-05-01\patch_0085.npy,6691,4835,512,100.0,patches\Ahmedabad\Scene_1_2025-05-01\patch_0085.npy
86,Ahmedabad,Scene_1_2025-05-01,86,C:\Users\Aditya main\Desktop\Project_Sih\patches\Ahmedabad\Scene_1_2025-05-01\patch_0086.npy,6691,5347,512,100.0,patches\Ahmedabad\Scene_1_2025-05-01\patch_0086.npy
87,Ahmedabad,Scene_1_2025-05-01,87,C:\Users\Aditya main\Desktop\Project_Sih\patches\Ahmedabad\Scene_1_2025-05-01\patch_0087.npy,6691,5859,512,100.0,patches\Ahmedabad\Scene_1_2025-05-01\patch_0087.npy
88,Ahmedabad,Scene_1_2025-05-01,88,C:\Users\Aditya main\Desktop\Project_Sih\patches\Ahmedabad\Scene_1_2025-05-01\patch_0088.npy,6691,6371,512,100.0,patches\Ahmedabad\Scene_1_2025-05-01\patch_0088.npy
89,Ahmedabad,Scene_1_2025-05-01,89,C:\Users\Aditya main\Desktop\Project_Sih\patches\Ahmedabad\Scene_1_2025-05-01\patch_0089.npy,6691,6883,512,100.0,patches\Ahmedabad\Scene_1_2025-05-01\patch_0089.npy
108,Ahmedabad,Scene_2_2025-04-03,0,C:\Users\Aditya main\Desktop\Project_Sih\patches\Ahmedabad\Scene_2_2025-04-03\patch_0000.npy,2083,2787,512,100.0,patches\Ahmedabad\Scene_2_2025-04-03\patch_0000.npy
109,Ahmedabad,Scene_2_2025-04-03,1,C:\Users\Aditya main\Desktop\Project_Sih\patches\Ahmedabad\Scene_2_2025-04-03\patch_0001.npy,2083,3299,512,100.0,patches\Ahmedabad\Scene_2_2025-04-03\patch_0001.npy
110,Ahmedabad,Scene_2_2025-04-03,2,C:\Users\Aditya main\Desktop\Project_Sih\patches\Ahmedabad\Scene_2_2025-04-03\patch_0002.npy,2083,3811,512,100.0,patches\Ahmedabad\Scene_2_2025-04-03\patch_0002.npy
111,Ahmedabad,Scene_2_2025-04-03,3,C:\Users\Aditya main\Desktop\Project_Sih\patches\Ahmedabad\Scene_2_2025-04-03\patch_0003.npy,2083,4323,512,100.0,patches\Ahmedabad\Scene_2_2025-04-03\patch_0003.npy
112,Ahmedabad,Scene_2_2025-04-03,4,C:\Users\Aditya main\Desktop\Project_Sih\patches\Ahmedabad\Scene_2_2025-04-03\patch_0004.npy,2083,4835,512,100.0,patches\Ahmedabad\Scene_2_2025-04-03\patch_0004.npy
113,Ahmedabad,Scene_2_2025-04-03,5,C:\Users\Aditya main\Desktop\Project_Sih\patches\Ahmedabad\Scene_2_2025-04-03\patch_0005.npy,2083,5347,512,100.0,patches\Ahmedabad\Scene_2_2025-04-03\patch_0005.npy
114,Ahmedabad,Scene_2_2025-04-03,6,C:\Users\Aditya main\Desktop\Project_Sih\patches\Ahmedabad\Scene_2_2025-04-03\patch_0006.npy,2083,5859,512,100.0,patches\Ahmedabad\Scene_2_2025-04-03\patch_0006.npy
115,Ahmedabad,Scene_2_2025-04-03,7,C:\Users\Aditya main\Desktop\Project_Sih\patches\Ahmedabad\Scene_2_2025-04-03\patch_0007.npy,2083,6371,512,100.0,patches\Ahmedabad\Scene_2_2025-04-03\patch_0007.npy
116,Ahmedabad,Scene_2_2025-04-03,8,C:\Users\Aditya main\Desktop\Project_Sih\patches\Ahmedabad\Scene_2_2025-04-03\patch_0008.npy,2083,6883,512,100.0,patches\Ahmedabad\Scene_2_2025-04-03\patch_0008.npy
117,Ahmedabad,Scene_2_2025-04-03,9,C:\Users\Aditya main\Desktop\Project_Sih\patches\Ahmedabad\Scene_2_2025-04-03\patch_0009.npy,2595,2787,512,100.0,patches\Ahmedabad\Scene_2_2025-04-03\patch_0009.npy
118,Ahmedabad,Scene_2_2025-04-03,10,C:\Users\Aditya main\Desktop\Project_Sih\patches\Ahmedabad\Scene_2_2025-04-03\patch_0010.npy,2595,3299,512,100.0,patches\Ahmedabad\Scene_2_2025-04-03\patch_0010.npy
119,Ahmedabad,Scene_2_2025-04-03,11,C:\Users\Aditya main\Desktop\Project_Sih\patches\Ahmedabad\Scene_2_2025-04-03\patch_0011.npy,2595,3811,512,100.0,patches\Ahmedabad\Scene_2_2025-04-03\patch_0011.npy
120,Ahmedabad,Scene_2_2025-04-03,12,C:\Users\Aditya main\Desktop\Project_Sih\patches\Ahmedabad\Scene_2_2025-04-03\patch_0012.npy,2595,4323,512,100.0,patches\Ahmedabad\Scene_2_2025-04-03\patch_0012.npy
121,Ahmedabad,Scene_2_2025-04-03,13,C:\Users\Aditya main\Desktop\Project_Sih\patches\Ahmedabad\Scene_2_2025-04-03\patch_0013.npy,2595,4835,512,100.0,patches\Ahmedabad\Scene_2_2025-04-03\patch_0013.npy
122,Ahmedabad,Scene_2_2025-04-03,14,C:\Users\Aditya main\Desktop\Project_Sih\patches\Ahmedabad\Scene_2_2025-04-03\patch_0014.npy,2595,5347,512,100.0,patches\Ahmedabad\Scene_2_2025-04-03\patch_0014.npy
123,Ahmedabad,Scene_2_2025-04-03,15,C:\Users\Aditya main\Desktop\Project_Sih\patches\Ahmedabad\Scene_2_2025-04-03\patch_0015.npy,2595,5859,512,100.0,patches\Ahmedabad\Scene_2_2025-04-03\patch_0015.npy
124,Ahmedabad,Scene_2_2025-04-03,16,C:\Users\Aditya main\Desktop\Project_Sih\patches\Ahmedabad\Scene_2_2025-04-03\patch_0016.npy,2595,6371,512,100.0,patches\Ahmedabad\Scene_2_2025-04-03\patch_0016.npy
125,Ahmedabad,Scene_2_2025-04-03,17,C:\Users\Aditya main\Desktop\Project_Sih\patches\Ahmedabad\Scene_2_2025-04-03\patch_0017.npy,2595,6883,512,100.0,patches\Ahmedabad\Scene_2_2025-04-03\patch_0017.npy
126,Ahmedabad,Scene_2_2025-04-03,18,C:\Users\Aditya main\Desktop\Project_Sih\patches\Ahmedabad\Scene_2_2025-04-03\patch_0018.npy,3107,2787,512,100.0,patches\Ahmedabad\Scene_2_2025-04-03\patch_0018.npy
127,Ahmedabad,Scene_2_2025-04-03,19,C:\Users\Aditya main\Desktop\Project_Sih\patches\Ahmedabad\Scene_2_2025-04-03\patch_0019.npy,3107,3299,512,100.0,patches\Ahmedabad\Scene_2_2025-04-03\patch_0019.npy
128,Ahmedabad,Scene_2_2025-04-03,20,C:\Users\Aditya main\Desktop\Project_Sih\patches\Ahmedabad\Scene_2_2025-04-03\patch_0020.npy,3107,3811,512,100.0,patches\Ahmedabad\Scene_2_2025-04-03\patch_0020.npy
129,Ahmedabad,Scene_2_2025-04-03,21,C:\Users\Aditya main\Desktop\Project_Sih\patches\Ahmedabad\Scene_2_2025-04-03\patch_0021.npy,3107,4323,512,100.0,patches\Ahmedabad\Scene_2_2025-04-03\patch_0021.npy
130,Ahmedabad,Scene_2_2025-04-03,22,C:\Users\Aditya main\Desktop\Project_Sih\patches\Ahmedabad\Scene_2_2025-04-03\patch_0022.npy,3107,4835,512,100.0,patches\Ahmedabad\Scene_2_2025-04-03\patch_0022.npy
131,Ahmedabad,Scene_2_2025-04-03,23,C:\Users\Aditya main\Desktop\Project_Sih\patches\Ahmedabad\Scene_2_2025-04-03\patch_0023.npy,3107,5347,512,100.0,patches\Ahmedabad\Scene_2_2025-04-03\patch_0023.npy
132,Ahmedabad,Scene_2_2025-04-03,24,C:\Users\Aditya main\Desktop\Project_Sih\patches\Ahmedabad\Scene_2_2025-04-03\patch_0024.npy,3107,5859,512,100.0,patches\Ahmedabad\Scene_2_2025-04-03\patch_0024.npy
133,Ahmedabad,Scene_2_2025-04-03,25,C:\Users\Aditya main\Desktop\Project_Sih\patches\Ahmedabad\Scene_2_2025-04-03\patch_0025.npy,3107,6371,512,100.0,patches\Ahmedabad\Scene_2_2025-04-03\patch_0025.npy
134,Ahmedabad,Scene_2_2025-04-03,26,C:\Users\Aditya main\Desktop\Project_Sih\patches\Ahmedabad\Scene_2_2025-04-03\patch_0026.npy,3107,6883,512,100.0,patches\Ahmedabad\Scene_2_2025-04-03\patch_0026.npy
135,Ahmedabad,Scene_2_2025-04-03,27,C:\Users\Aditya main\Desktop\Project_Sih\patches\Ahmedabad\Scene_2_2025-04-03\patch_0027.npy,3619,2787,512,100.0,patches\Ahmedabad\Scene_2_2025-04-03\patch_0027.npy
136,Ahmedabad,Scene_2_2025-04-03,28,C:\Users\Aditya main\Desktop\Project_Sih\patches\Ahmedabad\Scene_2_2025-04-03\patch_0028.npy,3619,3299,512,100.0,patches\Ahmedabad\Scene_2_2025-04-03\patch_0028.npy
137,Ahmedabad,Scene_2_2025-04-03,29,C:\Users\Aditya main\Desktop\Project_Sih\patches\Ahmedabad\Scene_2_2025-04-03\patch_0029.npy,3619,3811,512,100.0,patches\Ahmedabad\Scene_2_2025-04-03\patch_0029.npy
138,Ahmedabad,Scene_2_2025-04-03,30,C:\Users\Aditya main\Desktop\Project_Sih\patches\Ahmedabad\Scene_2_2025-04-03\patch_0030.npy,3619,4323,512,100.0,patches\Ahmedabad\Scene_2_2025-04-03\patch_0030.npy
139,Ahmedabad,Scene_2_2025-04-03,31,C:\Users\Aditya main\Desktop\Project_Sih\patches\Ahmedabad\Scene_2_2025-04-03\patch_0031.npy,3619,4835,512,100.0,patches\Ahmedabad\Scene_2_2025-04-03\patch_0031.npy
140,Ahmedabad,Scene_2_2025-04-03,32,C:\Users\Aditya main\Desktop\Project_Sih\patches\Ahmedabad\Scene_2_2025-04-03\patch_0032.npy,3619,5347,512,100.0,patches\Ahmedabad\Scene_2_2025-04-03\patch_0032.npy
141,Ahmedabad,Scene_2_2025-04-03,33,C:\Users\Aditya main\Desktop\Project_Sih\patches\Ahmedabad\Scene_2_2025-04-03\patch_0033.npy,3619,5859,512,100.0,patches\Ahmedabad\Scene_2_2025-04-03\patch_0033.npy
142,Ahmedabad,Scene_2_2025-04-03,34,C:\Users\Aditya main\Desktop\Project_Sih\patches\Ahmedabad\Scene_2_2025-04-03\patch_0034.npy,3619,6371,512,100.0,patches\Ahmedabad\Scene_2_2025-04-03\patch_0034.npy
143,Ahmedabad,Scene_2_2025-04-03,35,C:\Users\Aditya main\Desktop\Project_Sih\patches\Ahmedabad\Scene_2_2025-04-03\patch_0035.npy,3619,6883,512,100.0,patches\Ahmedabad\Scene_2_2025-04-03\patch_0035.npy
144,Ahmedabad,Scene_2_2025-04-03,36,C:\Users\Aditya main\Desktop\Project_Sih\patches\Ahmedabad\Scene_2_2025-04-03\patch_0036.npy,4131,2787,512,100.0,patches\Ahmedabad\Scene_2_2025-04-03\patch_0036.npy
145,Ahmedabad,Scene_2_2025-04-03,37,C:\Users\Aditya main\Desktop\Project_Sih\patches\Ahmedabad\Scene_2_2025-04-03\patch_0037.npy,4131,3299,512,100.0,patches\Ahmedabad\Scene_2_2025-04-03\patch_0037.npy
146,Ahmedabad,Scene_2_2025-04-03,38,C:\Users\Aditya main\Desktop\Project_Sih\patches\Ahmedabad\Scene_2_2025-04-03\patch_0038.npy,4131,3811,512,100.0,patches\Ahmedabad\Scene_2_2025-04-03\patch_0038.npy
147,Ahmedabad,Scene_2_2025-04-03,39,C:\Users\Aditya main\Desktop\Project_Sih\patches\Ahmedabad\Scene_2_2025-04-03\patch_0039.npy,4131,4323,512,100.0,patches\Ahmedabad\Scene_2_2025-04-03\patch_0039.npy
148,Ahmedabad,Scene_2_2025-04-03,40,C:\Users\Aditya main\Desktop\Project_Sih\patches\Ahmedabad\Scene_2_2025-04-03\patch_0040.npy,4131,4835,512,100.0,patches\Ahmedabad\Scene_2_2025-04-03\patch_0040.npy
149,Ahmedabad,Scene_2_2025-04-03,41,C:\Users\Aditya main\Desktop\Project_Sih\patches\Ahmedabad\Scene_2_2025-04-03\patch_0041.npy,4131,5347,512,100.0,patches\Ahmedabad\Scene_2_2025-04-03\patch_0041.npy
150,Ahmedabad,Scene_2_2025-04-03,42,C:\Users\Aditya main\Desktop\Project_Sih\patches\Ahmedabad\Scene_2_2025-04-03\patch_0042.npy,4131,5859,512,100.0,patches\Ahmedabad\Scene_2_2025-04-03\patch_0042.npy
151,Ahmedabad,Scene_2_2025-04-03,43,C:\Users\Aditya main\Desktop\Project_Sih\patches\Ahmedabad\Scene_2_2025-04-03\patch_0043.npy,4131,6371,512,100.0,patches\Ahmedabad\Scene_2_2025-04-03\patch_0043.npy
152,Ahmedabad,Scene_2_2025-04-03,44,C:\Users\Aditya main\Desktop\Project_Sih\patches\Ahmedabad\Scene_2_2025-04-03\patch_0044.npy,4131,6883,512,100.0,patches\Ahmedabad\Scene_2_2025-04-03\patch_0044.npy
153,Ahmedabad,Scene_2_2025-04-03,45,C:\Users\Aditya main\Desktop\Project_Sih\patches\Ahmedabad\Scene_2_2025-04-03\patch_0045.npy,4643,2787,512,100.0,patches\Ahmedabad\Scene_2_2025-04-03\patch_0045.npy
154,Ahmedabad,Scene_2_2025-04-03,46,C:\Users\Aditya main\Desktop\Project_Sih\patches\Ahmedabad\Scene_2_2025-04-03\patch_0046.npy,4643,3299,512,100.0,patches\Ahmedabad\Scene_2_2025-04-03\patch_0046.npy
155,Ahmedabad,Scene_2_2025-04-03,47,C:\Users\Aditya main\Desktop\Project_Sih\patches\Ahmedabad\Scene_2_2025-04-03\patch_0047.npy,4643,3811,512,100.0,patches\Ahmedabad\Scene_2_2025-04-03\patch_0047.npy
156,Ahmedabad,Scene_2_2025-04-03,48,C:\Users\Aditya main\Desktop\Project_Sih\patches\Ahmedabad\Scene_2_2025-04-03\patch_0048.npy,4643,4323,512,100.0,patches\Ahmedabad\Scene_2_2025-04-03\patch_0048.npy
157,Ahmedabad,Scene_2_2025-04-03,49,C:\Users\Aditya main\Desktop\Project_Sih\patches\Ahmedabad\Scene_2_2025-04-03\patch_0049.npy,4643,4835,512,100.0,patches\Ahmedabad\Scene_2_2025-04-03\patch_0049.npy
158,Ahmedabad,Scene_2_2025-04-03,50,C:\Users\Aditya main\Desktop\Project_Sih\patches\Ahmedabad\Scene_2_2025-04-03\patch_0050.npy,4643,5347,512,100.0,patches\Ahmedabad\Scene_2_2025-04-03\patch_0050.npy
159,Ahmedabad,Scene_2_2025-04-03,51,C:\Users\Aditya main\Desktop\Project_Sih\patches\Ahmedabad\Scene_2_2025-04-03\patch_0051.npy,4643,5859,512,100.0,patches\Ahmedabad\Scene_2_2025-04-03\patch_0051.npy
160,Ahmedabad,Scene_2_2025-04-03,52,C:\Users\Aditya main\Desktop\Project_Sih\patches\Ahmedabad\Scene_2_2025-04-03\patch_0052.npy,4643,6371,512,100.0,patches\Ahmedabad\Scene_2_2025-04-03\patch_0052.npy
161,Ahmedabad,Scene_2_2025-04-03,53,C:\Users\Aditya main\Desktop\Project_Sih\patches\Ahmedabad\Scene_2_2025-04-03\patch_0053.npy,4643,6883,512,100.0,patches\Ahmedabad\Scene_2_2025-04-03\patch_0053.npy
162,Ahmedabad,Scene_2_2025-04-03,54,C:\Users\Aditya main\Desktop\Project_Sih\patches\Ahmedabad\Scene_2_2025-04-03\patch_0054.npy,5155,2787,512,100.0,patches\Ahmedabad\Scene_2_2025-04-03\patch_0054.npy
163,Ahmedabad,Scene_2_2025-04-03,55,C:\Users\Aditya main\Desktop\Project_Sih\patches\Ahmedabad\Scene_2_2025-04-03\patch_0055.npy,5155,3299,512,100.0,patches\Ahmedabad\Scene_2_2025-04-03\patch_0055.npy
164,Ahmedabad,Scene_2_2025-04-03,56,C:\Users\Aditya main\Desktop\Project_Sih\patches\Ahmedabad\Scene_2_2025-04-03\patch_0056.npy,5155,3811,512,100.0,patches\Ahmedabad\Scene_2_2025-04-03\patch_0056.npy
165,Ahmedabad,Scene_2_2025-04-03,57,C:\Users\Aditya main\Desktop\Project_Sih\patches\Ahmedabad\Scene_2_2025-04-03\patch_0057.npy,5155,4323,512,100.0,patches\Ahmedabad\Scene_2_2025-04-03\patch_0057.npy
166,Ahmedabad,Scene_2_2025-04-03,58,C:\Users\Aditya main\Desktop\Project_Sih\patches\Ahmedabad\Scene_2_2025-04-03\patch_0058.npy,5155,4835,512,99.86572265625,patches\Ahmedabad\Scene_2_2025-04-03\patch_0058.npy
167,Ahmedabad,Scene_2_2025-04-03,59,C:\Users\Aditya main\Desktop\Project_Sih\patches\Ahmedabad\Scene_2_2025-04-03\patch_0059.npy,5155,5347,512,100.0,patches\Ahmedabad\Scene_2_2025-04-03\patch_0059.npy
168,Ahmedabad,Scene_2_2025-04-03,60,C:\Users\Aditya main\Desktop\Project_Sih\patches\Ahmedabad\Scene_2_2025-04-03\patch_0060.npy,5155,5859,512,100.0,patches\Ahmedabad\Scene_2_2025-04-03\patch_0060.npy
169,Ahmedabad,Scene_2_2025-04-03,61,C:\Users\Aditya main\Desktop\Project_Sih\patches\Ahmedabad\Scene_2_2025-04-03\patch_0061.npy,5155,6371,512,100.0,patches\Ahmedabad\Scene_2_2025-04-03\patch_0061.npy
170,Ahmedabad,Scene_2_2025-04-03,62,C:\Users\Aditya main\Desktop\Project_Sih\patches\Ahmedabad\Scene_2_2025-04-03\patch_0062.npy,5155,6883,512,100.0,patches\Ahmedabad\Scene_2_2025-04-03\patch_0062.npy
171,Ahmedabad,Scene_2_2025-04-03,63,C:\Users\Aditya main\Desktop\Project_Sih\patches\Ahmedabad\Scene_2_2025-04-03\patch_0063.npy,5667,2787,512,100.0,patches\Ahmedabad\Scene_2_2025-04-03\patch_0063.npy
172,Ahmedabad,Scene_2_2025-04-03,64,C:\Users\Aditya main\Desktop\Project_Sih\patches\Ahmedabad\Scene_2_2025-04-03\patch_0064.npy,5667,3299,512,100.0,patches\Ahmedabad\Scene_2_2025-04-03\patch_0064.npy
173,Ahmedabad,Scene_2_2025-04-03,65,C:\Users\Aditya main\Desktop\Project_Sih\patches\Ahmedabad\Scene_2_2025-04-03\patch_0065.npy,5667,3811,512,100.0,patches\Ahmedabad\Scene_2_2025-04-03\patch_0065.npy
174,Ahmedabad,Scene_2_2025-04-03,66,C:\Users\Aditya main\Desktop\Project_Sih\patches\Ahmedabad\Scene_2_2025-04-03\patch_0066.npy,5667,4323,512,100.0,patches\Ahmedabad\Scene_2_2025-04-03\patch_0066.npy
175,Ahmedabad,Scene_2_2025-04-03,67,C:\Users\Aditya main\Desktop\Project_Sih\patches\Ahmedabad\Scene_2_2025-04-03\patch_0067.npy,5667,4835,512,100.0,patches\Ahmedabad\Scene_2_2025-04-03\patch_0067.npy
176,Ahmedabad,Scene_2_2025-04-03,68,C:\Users\Aditya main\Desktop\Project_Sih\patches\Ahmedabad\Scene_2_2025-04-03\patch_0068.npy,5667,5347,512,100.0,patches\Ahmedabad\Scene_2_2025-04-03\patch_0068.npy
177,Ahmedabad,Scene_2_2025-04-03,69,C:\Users\Aditya main\Desktop\Project_Sih\patches\Ahmedabad\Scene_2_2025-04-03\patch_0069.npy,5667,5859,512,100.0,patches\Ahmedabad\Scene_2_2025-04-03\patch_0069.npy
178,Ahmedabad,Scene_2_2025-04-03,70,C:\Users\Aditya main\Desktop\Project_Sih\patches\Ahmedabad\Scene_2_2025-04-03\patch_0070.npy,5667,6371,512,100.0,patches\Ahmedabad\Scene_2_2025-04-03\patch_0070.npy
179,Ahmedabad,Scene_2_2025-04-03,71,C:\Users\Aditya main\Desktop\Project_Sih\patches\Ahmedabad\Scene_2_2025-04-03\patch_0071.npy,5667,6883,512,100.0,patches\Ahmedabad\Scene_2_2025-04-03\patch_0071.npy
180,Ahmedabad,Scene_2_2025-04-03,72,C:\Users\Aditya main\Desktop\Project_Sih\patches\Ahmedabad\Scene_2_2025-04-03\patch_0072.npy,6179,2787,512,100.0,patches\Ahmedabad\Scene_2_2025-04-03\patch_0072.npy
181,Ahmedabad,Scene_2_2025-04-03,73,C:\Users\Aditya main\Desktop\Project_Sih\patches\Ahmedabad\Scene_2_2025-04-03\patch_0073.npy,6179,3299,512,100.0,patches\Ahmedabad\Scene_2_2025-04-03\patch_0073.npy
182,Ahmedabad,Scene_2_2025-04-03,74,C:\Users\Aditya main\Desktop\Project_Sih\patches\Ahmedabad\Scene_2_2025-04-03\patch_0074.npy,6179,3811,512,100.0,patches\Ahmedabad\Scene_2_2025-04-03\patch_0074.npy
183,Ahmedabad,Scene_2_2025-04-03,75,C:\Users\Aditya main\Desktop\Project_Sih\patches\Ahmedabad\Scene_2_2025-04-03\patch_0075.npy,6179,4323,512,100.0,patches\Ahmedabad\Scene_2_2025-04-03\patch_0075.npy
184,Ahmedabad,Scene_2_2025-04-03,76,C:\Users\Aditya main\Desktop\Project_Sih\patches\Ahmedabad\Scene_2_2025-04-03\patch_0076.npy,6179,4835,512,100.0,patches\Ahmedabad\Scene_2_2025-04-03\patch_0076.npy
185,Ahmedabad,Scene_2_2025-04-03,77,C:\Users\Aditya main\Desktop\Project_Sih\patches\Ahmedabad\Scene_2_2025-04-03\patch_0077.npy,6179,5347,512,100.0,patches\Ahmedabad\Scene_2_2025-04-03\patch_0077.npy
186,Ahmedabad,Scene_2_2025-04-03,78,C:\Users\Aditya main\Desktop\Project_Sih\patches\Ahmedabad\Scene_2_2025-04-03\patch_0078.npy,6179,5859,512,100.0,patches\Ahmedabad\Scene_2_2025-04-03\patch_0078.npy
187,Ahmedabad,Scene_2_2025-04-03,79,C:\Users\Aditya main\Desktop\Project_Sih\patches\Ahmedabad\Scene_2_2025-04-03\patch_0079.npy,6179,6371,512,100.0,patches\Ahmedabad\Scene_2_2025-04-03\patch_0079.npy
188,Ahmedabad,Scene_2_2025-04-03,80,C:\Users\Aditya main\Desktop\Project_Sih\patches\Ahmedabad\Scene_2_2025-04-03\patch_0080.npy,6179,6883,512,100.0,patches\Ahmedabad\Scene_2_2025-04-03\patch_0080.npy
189,Ahmedabad,Scene_2_2025-04-03,81,C:\Users\Aditya main\Desktop\Project_Sih\patches\Ahmedabad\Scene_2_2025-04-03\patch_0081.npy,6691,2787,512,100.0,patches\Ahmedabad\Scene_2_2025-04-03\patch_0081.npy
190,Ahmedabad,Scene_2_2025-04-03,82,C:\Users\Aditya main\Desktop\Project_Sih\patches\Ahmedabad\Scene_2_2025-04-03\patch_0082.npy,6691,3299,512,100.0,patches\Ahmedabad\Scene_2_2025-04-03\patch_0082.npy
191,Ahmedabad,Scene_2_2025-04-03,83,C:\Users\Aditya main\Desktop\Project_Sih\patches\Ahmedabad\Scene_2_2025-04-03\patch_0083.npy,6691,3811,512,99.98779296875,patches\Ahmedabad\Scene_2_2025-04-03\patch_0083.npy
192,Ahmedabad,Scene_2_2025-04-03,84,C:\Users\Aditya main\Desktop\Project_Sih\patches\Ahmedabad\Scene_2_2025-04-03\patch_0084.npy,6691,4323,512,100.0,patches\Ahmedabad\Scene_2_2025-04-03\patch_0084.npy
193,Ahmedabad,Scene_2_2025-04-03,85,C:\Users\Aditya main\Desktop\Project_Sih\patches\Ahmedabad\Scene_2_2025-04-03\patch_0085.npy,6691,4835,512,100.0,patches\Ahmedabad\Scene_2_2025-04-03\patch_0085.npy
194,Ahmedabad,Scene_2_2025-04-03,86,C:\Users\Aditya main\Desktop\Project_Sih\patches\Ahmedabad\Scene_2_2025-04-03\patch_0086.npy,6691,5347,512,100.0,patches\Ahmedabad\Scene_2_2025-04-03\patch_0086.npy
195,Ahmedabad,Scene_2_2025-04-03,87,C:\Users\Aditya main\Desktop\Project_Sih\patches\Ahmedabad\Scene_2_2025-04-03\patch_0087.npy,6691,5859,512,100.0,patches\Ahmedabad\Scene_2_2025-04-03\patch_0087.npy
196,Ahmedabad,Scene_2_2025-04-03,88,C:\Users\Aditya main\Desktop\Project_Sih\patches\Ahmedabad\Scene_2_2025-04-03\patch_0088.npy,6691,6371,512,100.0,patches\Ahmedabad\Scene_2_2025-04-03\patch_0088.npy
197,Ahmedabad,Scene_2_2025-04-03,89,C:\Users\Aditya main\Desktop\Project_Sih\patches\Ahmedabad\Scene_2_2025-04-03\patch_0089.npy,6691,6883,512,100.0,patches\Ahmedabad\Scene_2_2025-04-03\patch_0089.npy
216,Ahmedabad,Scene_3_2025-05-16,0,C:\Users\Aditya main\Desktop\Project_Sih\patches\Ahmedabad\Scene_3_2025-05-16\patch_0000.npy,2083,2787,512,100.0,patches\Ahmedabad\Scene_3_2025-05-16\patch_0000.npy
217,Ahmedabad,Scene_3_2025-05-16,1,C:\Users\Aditya main\Desktop\Project_Sih\patches\Ahmedabad\Scene_3_2025-05-16\patch_0001.npy,2083,3299,512,100.0,patches\Ahmedabad\Scene_3_2025-05-16\patch_0001.npy
218,Ahmedabad,Scene_3_2025-05-16,2,C:\Users\Aditya main\Desktop\Project_Sih\patches\Ahmedabad\Scene_3_2025-05-16\patch_0002.npy,2083,3811,512,100.0,patches\Ahmedabad\Scene_3_2025-05-16\patch_0002.npy
219,Ahmedabad,Scene_3_2025-05-16,3,C:\Users\Aditya main\Desktop\Project_Sih\patches\Ahmedabad\Scene_3_2025-05-16\patch_0003.npy,2083,4323,512,100.0,patches\Ahmedabad\Scene_3_2025-05-16\patch_0003.npy
220,Ahmedabad,Scene_3_2025-05-16,4,C:\Users\Aditya main\Desktop\Project_Sih\patches\Ahmedabad\Scene_3_2025-05-16\patch_0004.npy,2083,4835,512,100.0,patches\Ahmedabad\Scene_3_2025-05-16\patch_0004.npy
221,Ahmedabad,Scene_3_2025-05-16,5,C:\Users\Aditya main\Desktop\Project_Sih\patches\Ahmedabad\Scene_3_2025-05-16\patch_0005.npy,2083,5347,512,100.0,patches\Ahmedabad\Scene_3_2025-05-16\patch_0005.npy
222,Ahmedabad,Scene_3_2025-05-16,6,C:\Users\Aditya main\Desktop\Project_Sih\patches\Ahmedabad\Scene_3_2025-05-16\patch_0006.npy,2083,5859,512,100.0,patches\Ahmedabad\Scene_3_2025-05-16\patch_0006.npy
223,Ahmedabad,Scene_3_2025-05-16,7,C:\Users\Aditya main\Desktop\Project_Sih\patches\Ahmedabad\Scene_3_2025-05-16\patch_0007.npy,2083,6371,512,100.0,patches\Ahmedabad\Scene_3_2025-05-16\patch_0007.npy
224,Ahmedabad,Scene_3_2025-05-16,8,C:\Users\Aditya main\Desktop\Project_Sih\patches\Ahmedabad\Scene_3_2025-05-16\patch_0008.npy,2083,6883,512,100.0,patches\Ahmedabad\Scene_3_2025-05-16\patch_0008.npy
225,Ahmedabad,Scene_3_2025-05-16,9,C:\Users\Aditya main\Desktop\Project_Sih\patches\Ahmedabad\Scene_3_2025-05-16\patch_0009.npy,2595,2787,512,100.0,patches\Ahmedabad\Scene_3_2025-05-16\patch_0009.npy
226,Ahmedabad,Scene_3_2025-05-16,10,C:\Users\Aditya main\Desktop\Project_Sih\patches\Ahmedabad\Scene_3_2025-05-16\patch_0010.npy,2595,3299,512,100.0,patches\Ahmedabad\Scene_3_2025-05-16\patch_0010.npy
227,Ahmedabad,Scene_3_2025-05-16,11,C:\Users\Aditya main\Desktop\Project_Sih\patches\Ahmedabad\Scene_3_2025-05-16\patch_0011.npy,2595,3811,512,100.0,patches\Ahmedabad\Scene_3_2025-05-16\patch_0011.npy
228,Ahmedabad,Scene_3_2025-05-16,12,C:\Users\Aditya main\Desktop\Project_Sih\patches\Ahmedabad\Scene_3_2025-05-16\patch_0012.npy,2595,4323,512,100.0,patches\Ahmedabad\Scene_3_2025-05-16\patch_0012.npy
229,Ahmedabad,Scene_3_2025-05-16,13,C:\Users\Aditya main\Desktop\Project_Sih\patches\Ahmedabad\Scene_3_2025-05-16\patch_0013.npy,2595,4835,512,100.0,patches\Ahmedabad\Scene_3_2025-05-16\patch_0013.npy
230,Ahmedabad,Scene_3_2025-05-16,14,C:\Users\Aditya main\Desktop\Project_Sih\patches\Ahmedabad\Scene_3_2025-05-16\patch_0014.npy,2595,5347,512,100.0,patches\Ahmedabad\Scene_3_2025-05-16\patch_0014.npy
231,Ahmedabad,Scene_3_2025-05-16,15,C:\Users\Aditya main\Desktop\Project_Sih\patches\Ahmedabad\Scene_3_2025-05-16\patch_0015.npy,2595,5859,512,100.0,patches\Ahmedabad\Scene_3_2025-05-16\patch_0015.npy
232,Ahmedabad,Scene_3_2025-05-16,16,C:\Users\Aditya main\Desktop\Project_Sih\patches\Ahmedabad\Scene_3_2025-05-16\patch_0016.npy,2595,6371,512,100.0,patches\Ahmedabad\Scene_3_2025-05-16\patch_0016.npy
233,Ahmedabad,Scene_3_2025-05-16,17,C:\Users\Aditya main\Desktop\Project_Sih\patches\Ahmedabad\Scene_3_2025-05-16\patch_0017.npy,2595,6883,512,100.0,patches\Ahmedabad\Scene_3_2025-05-16\patch_0017.npy
234,Ahmedabad,Scene_3_2025-05-16,18,C:\Users\Aditya main\Desktop\Project_Sih\patches\Ahmedabad\Scene_3_2025-05-16\patch_0018.npy,3107,2787,512,100.0,patches\Ahmedabad\Scene_3_2025-05-16\patch_0018.npy
235,Ahmedabad,Scene_3_2025-05-16,19,C:\Users\Aditya main\Desktop\Project_Sih\patches\Ahmedabad\Scene_3_2025-05-16\patch_0019.npy,3107,3299,512,100.0,patches\Ahmedabad\Scene_3_2025-05-16\patch_0019.npy
236,Ahmedabad,Scene_3_2025-05-16,20,C:\Users\Aditya main\Desktop\Project_Sih\patches\Ahmedabad\Scene_3_2025-05-16\patch_0020.npy,3107,3811,512,100.0,patches\Ahmedabad\Scene_3_2025-05-16\patch_0020.npy
237,Ahmedabad,Scene_3_2025-05-16,21,C:\Users\Aditya main\Desktop\Project_Sih\patches\Ahmedabad\Scene_3_2025-05-16\patch_0021.npy,3107,4323,512,100.0,patches\Ahmedabad\Scene_3_2025-05-16\patch_0021.npy
238,Ahmedabad,Scene_3_2025-05-16,22,C:\Users\Aditya main\Desktop\Project_Sih\patches\Ahmedabad\Scene_3_2025-05-16\patch_0022.npy,3107,4835,512,100.0,patches\Ahmedabad\Scene_3_2025-05-16\patch_0022.npy
239,Ahmedabad,Scene_3_2025-05-16,23,C:\Users\Aditya main\Desktop\Project_Sih\patches\Ahmedabad\Scene_3_2025-05-16\patch_0023.npy,3107,5347,512,100.0,patches\Ahmedabad\Scene_3_2025-05-16\patch_0023.npy
240,Ahmedabad,Scene_3_2025-05-16,24,C:\Users\Aditya main\Desktop\Project_Sih\patches\Ahmedabad\Scene_3_2025-05-16\patch_0024.npy,3107,5859,512,100.0,patches\Ahmedabad\Scene_3_2025-05-16\patch_0024.npy
241,Ahmedabad,Scene_3_2025-05-16,25,C:\Users\Aditya main\Desktop\Project_Sih\patches\Ahmedabad\Scene_3_2025-05-16\patch_0025.npy,3107,6371,512,100.0,patches\Ahmedabad\Scene_3_2025-05-16\patch_0025.npy
242,Ahmedabad,Scene_3_2025-05-16,26,C:\Users\Aditya main\Desktop\Project_Sih\patches\Ahmedabad\Scene_3_2025-05-16\patch_0026.npy,3107,6883,512,100.0,patches\Ahmedabad\Scene_3_2025-05-16\patch_0026.npy
243,Ahmedabad,Scene_3_2025-05-16,27,C:\Users\Aditya main\Desktop\Project_Sih\patches\Ahmedabad\Scene_3_2025-05-16\patch_0027.npy,3619,2787,512,100.0,patches\Ahmedabad\Scene_3_2025-05-16\patch_0027.npy
244,Ahmedabad,Scene_3_2025-05-16,28,C:\Users\Aditya main\Desktop\Project_Sih\patches\Ahmedabad\Scene_3_2025-05-16\patch_0028.npy,3619,3299,512,100.0,patches\Ahmedabad\Scene_3_2025-05-16\patch_0028.npy
245,Ahmedabad,Scene_3_2025-05-16,29,C:\Users\Aditya main\Desktop\Project_Sih\patches\Ahmedabad\Scene_3_2025-05-16\patch_0029.npy,3619,3811,512,100.0,patches\Ahmedabad\Scene_3_2025-05-16\patch_0029.npy
246,Ahmedabad,Scene_3_2025-05-16,30,C:\Users\Aditya main\Desktop\Project_Sih\patches\Ahmedabad\Scene_3_2025-05-16\patch_0030.npy,3619,4323,512,100.0,patches\Ahmedabad\Scene_3_2025-05-16\patch_0030.npy
247,Ahmedabad,Scene_3_2025-05-16,31,C:\Users\Aditya main\Desktop\Project_Sih\patches\Ahmedabad\Scene_3_2025-05-16\patch_0031.npy,3619,4835,512,100.0,patches\Ahmedabad\Scene_3_2025-05-16\patch_0031.npy
248,Ahmedabad,Scene_3_2025-05-16,32,C:\Users\Aditya main\Desktop\Project_Sih\patches\Ahmedabad\Scene_3_2025-05-16\patch_0032.npy,3619,5347,512,100.0,patches\Ahmedabad\Scene_3_2025-05-16\patch_0032.npy
249,Ahmedabad,Scene_3_2025-05-16,33,C:\Users\Aditya main\Desktop\Project_Sih\patches\Ahmedabad\Scene_3_2025-05-16\patch_0033.npy,3619,5859,512,100.0,patches\Ahmedabad\Scene_3_2025-05-16\patch_0033.npy
250,Ahmedabad,Scene_3_2025-05-16,34,C:\Users\Aditya main\Desktop\Project_Sih\patches\Ahmedabad\Scene_3_2025-05-16\patch_0034.npy,3619,6371,512,100.0,patches\Ahmedabad\Scene_3_2025-05-16\patch_0034.npy
251,Ahmedabad,Scene_3_2025-05-16,35,C:\Users\Aditya main\Desktop\Project_Sih\patches\Ahmedabad\Scene_3_2025-05-16\patch_0035.npy,3619,6883,512,100.0,patches\Ahmedabad\Scene_3_2025-05-16\patch_0035.npy
252,Ahmedabad,Scene_3_2025-05-16,36,C:\Users\Aditya main\Desktop\Project_Sih\patches\Ahmedabad\Scene_3_2025-05-16\patch_0036.npy,4131,2787,512,100.0,patches\Ahmedabad\Scene_3_2025-05-16\patch_0036.npy
253,Ahmedabad,Scene_3_2025-05-16,37,C:\Users\Aditya main\Desktop\Project_Sih\patches\Ahmedabad\Scene_3_2025-05-16\patch_0037.npy,4131,3299,512,100.0,patches\Ahmedabad\Scene_3_2025-05-16\patch_0037.npy
254,Ahmedabad,Scene_3_2025-05-16,38,C:\Users\Aditya main\Desktop\Project_Sih\patches\Ahmedabad\Scene_3_2025-05-16\patch_0038.npy,4131,3811,512,100.0,patches\Ahmedabad\Scene_3_2025-05-16\patch_0038.npy
255,Ahmedabad,Scene_3_2025-05-16,39,C:\Users\Aditya main\Desktop\Project_Sih\patches\Ahmedabad\Scene_3_2025-05-16\patch_0039.npy,4131,4323,512,100.0,patches\Ahmedabad\Scene_3_2025-05-16\patch_0039.npy
256,Ahmedabad,Scene_3_2025-05-16,40,C:\Users\Aditya main\Desktop\Project_Sih\patches\Ahmedabad\Scene_3_2025-05-16\patch_0040.npy,4131,4835,512,100.0,patches\Ahmedabad\Scene_3_2025-05-16\patch_0040.npy
257,Ahmedabad,Scene_3_2025-05-16,41,C:\Users\Aditya main\Desktop\Project_Sih\patches\Ahmedabad\Scene_3_2025-05-16\patch_0041.npy,4131,5347,512,100.0,patches\Ahmedabad\Scene_3_2025-05-16\patch_0041.npy
258,Ahmedabad,Scene_3_2025-05-16,42,C:\Users\Aditya main\Desktop\Project_Sih\patches\Ahmedabad\Scene_3_2025-05-16\patch_0042.npy,4131,5859,512,100.0,patches\Ahmedabad\Scene_3_2025-05-16\patch_0042.npy
259,Ahmedabad,Scene_3_2025-05-16,43,C:\Users\Aditya main\Desktop\Project_Sih\patches\Ahmedabad\Scene_3_2025-05-16\patch_0043.npy,4131,6371,512,100.0,patches\Ahmedabad\Scene_3_2025-05-16\patch_0043.npy
260,Ahmedabad,Scene_3_2025-05-16,44,C:\Users\Aditya main\Desktop\Project_Sih\patches\Ahmedabad\Scene_3_2025-05-16\patch_0044.npy,4131,6883,512,100.0,patches\Ahmedabad\Scene_3_2025-05-16\patch_0044.npy
261,Ahmedabad,Scene_3_2025-05-16,45,C:\Users\Aditya main\Desktop\Project_Sih\patches\Ahmedabad\Scene_3_2025-05-16\patch_0045.npy,4643,2787,512,100.0,patches\Ahmedabad\Scene_3_2025-05-16\patch_0045.npy
262,Ahmedabad,Scene_3_2025-05-16,46,C:\Users\Aditya main\Desktop\Project_Sih\patches\Ahmedabad\Scene_3_2025-05-16\patch_0046.npy,4643,3299,512,100.0,patches\Ahmedabad\Scene_3_2025-05-16\patch_0046.npy
263,Ahmedabad,Scene_3_2025-05-16,47,C:\Users\Aditya main\Desktop\Project_Sih\patches\Ahmedabad\Scene_3_2025-05-16\patch_0047.npy,4643,3811,512,100.0,patches\Ahmedabad\Scene_3_2025-05-16\patch_0047.npy
264,Ahmedabad,Scene_3_2025-05-16,48,C:\Users\Aditya main\Desktop\Project_Sih\patches\Ahmedabad\Scene_3_2025-05-16\patch_0048.npy,4643,4323,512,100.0,patches\Ahmedabad\Scene_3_2025-05-16\patch_0048.npy
265,Ahmedabad,Scene_3_2025-05-16,49,C:\Users\Aditya main\Desktop\Project_Sih\patches\Ahmedabad\Scene_3_2025-05-16\patch_0049.npy,4643,4835,512,100.0,patches\Ahmedabad\Scene_3_2025-05-16\patch_0049.npy
266,Ahmedabad,Scene_3_2025-05-16,50,C:\Users\Aditya main\Desktop\Project_Sih\patches\Ahmedabad\Scene_3_2025-05-16\patch_0050.npy,4643,5347,512,100.0,patches\Ahmedabad\Scene_3_2025-05-16\patch_0050.npy
267,Ahmedabad,Scene_3_2025-05-16,51,C:\Users\Aditya main\Desktop\Project_Sih\patches\Ahmedabad\Scene_3_2025-05-16\patch_0051.npy,4643,5859,512,100.0,patches\Ahmedabad\Scene_3_2025-05-16\patch_0051.npy
268,Ahmedabad,Scene_3_2025-05-16,52,C:\Users\Aditya main\Desktop\Project_Sih\patches\Ahmedabad\Scene_3_2025-05-16\patch_0052.npy,4643,6371,512,100.0,patches\Ahmedabad\Scene_3_2025-05-16\patch_0052.npy
269,Ahmedabad,Scene_3_2025-05-16,53,C:\Users\Aditya main\Desktop\Project_Sih\patches\Ahmedabad\Scene_3_2025-05-16\patch_0053.npy,4643,6883,512,100.0,patches\Ahmedabad\Scene_3_2025-05-16\patch_0053.npy
270,Ahmedabad,Scene_3_2025-05-16,54,C:\Users\Aditya main\Desktop\Project_Sih\patches\Ahmedabad\Scene_3_2025-05-16\patch_0054.npy,5155,2787,512,100.0,patches\Ahmedabad\Scene_3_2025-05-16\patch_0054.npy
271,Ahmedabad,Scene_3_2025-05-16,55,C:\Users\Aditya main\Desktop\Project_Sih\patches\Ahmedabad\Scene_3_2025-05-16\patch_0055.npy,5155,3299,512,100.0,patches\Ahmedabad\Scene_3_2025-05-16\patch_0055.npy
272,Ahmedabad,Scene_3_2025-05-16,56,C:\Users\Aditya main\Desktop\Project_Sih\patches\Ahmedabad\Scene_3_2025-05-16\patch_0056.npy,5155,3811,512,100.0,patches\Ahmedabad\Scene_3_2025-05-16\patch_0056.npy
273,Ahmedabad,Scene_3_2025-05-16,57,C:\Users\Aditya main\Desktop\Project_Sih\patches\Ahmedabad\Scene_3_2025-05-16\patch_0057.npy,5155,4323,512,100.0,patches\Ahmedabad\Scene_3_2025-05-16\patch_0057.npy
274,Ahmedabad,Scene_3_2025-05-16,58,C:\Users\Aditya main\Desktop\Project_Sih\patches\Ahmedabad\Scene_3_2025-05-16\patch_0058.npy,5155,4835,512,100.0,patches\Ahmedabad\Scene_3_2025-05-16\patch_0058.npy
275,Ahmedabad,Scene_3_2025-05-16,59,C:\Users\Aditya main\Desktop\Project_Sih\patches\Ahmedabad\Scene_3_2025-05-16\patch_0059.npy,5155,5347,512,100.0,patches\Ahmedabad\Scene_3_2025-05-16\patch_0059.npy
276,Ahmedabad,Scene_3_2025-05-16,60,C:\Users\Aditya main\Desktop\Project_Sih\patches\Ahmedabad\Scene_3_2025-05-16\patch_0060.npy,5155,5859,512,100.0,patches\Ahmedabad\Scene_3_2025-05-16\patch_0060.npy
277,Ahmedabad,Scene_3_2025-05-16,61,C:\Users\Aditya main\Desktop\Project_Sih\patches\Ahmedabad\Scene_3_2025-05-16\patch_0061.npy,5155,6371,512,100.0,patches\Ahmedabad\Scene_3_2025-05-16\patch_0061.npy
278,Ahmedabad,Scene_3_2025-05-16,62,C:\Users\Aditya main\Desktop\Project_Sih\patches\Ahmedabad\Scene_3_2025-05-16\patch_0062.npy,5155,6883,512,100.0,patches\Ahmedabad\Scene_3_2025-05-16\patch_0062.npy
279,Ahmedabad,Scene_3_2025-05-16,63,C:\Users\Aditya main\Desktop\Project_Sih\patches\Ahmedabad\Scene_3_2025-05-16\patch_0063.npy,5667,2787,512,100.0,patches\Ahmedabad\Scene_3_2025-05-16\patch_0063.npy
280,Ahmedabad,Scene_3_2025-05-16,64,C:\Users\Aditya main\Desktop\Project_Sih\patches\Ahmedabad\Scene_3_2025-05-16\patch_0064.npy,5667,3299,512,99.06463623046876,patches\Ahmedabad\Scene_3_2025-05-16\patch_0064.npy
281,Ahmedabad,Scene_3_2025-05-16,65,C:\Users\Aditya main\Desktop\Project_Sih\patches\Ahmedabad\Scene_3_2025-05-16\patch_0065.npy,5667,3811,512,100.0,patches\Ahmedabad\Scene_3_2025-05-16\patch_0065.npy
282,Ahmedabad,Scene_3_2025-05-16,66,C:\Users\Aditya main\Desktop\Project_Sih\patches\Ahmedabad\Scene_3_2025-05-16\patch_0066.npy,5667,4323,512,100.0,patches\Ahmedabad\Scene_3_2025-05-16\patch_0066.npy
283,Ahmedabad,Scene_3_2025-05-16,67,C:\Users\Aditya main\Desktop\Project_Sih\patches\Ahmedabad\Scene_3_2025-05-16\patch_0067.npy,5667,4835,512,100.0,patches\Ahmedabad\Scene_3_2025-05-16\patch_0067.npy
284,Ahmedabad,Scene_3_2025-05-16,68,C:\Users\Aditya main\Desktop\Project_Sih\patches\Ahmedabad\Scene_3_2025-05-16\patch_0068.npy,5667,5347,512,98.34060668945312,patches\Ahmedabad\Scene_3_2025-05-16\patch_0068.npy
285,Ahmedabad,Scene_3_2025-05-16,69,C:\Users\Aditya main\Desktop\Project_Sih\patches\Ahmedabad\Scene_3_2025-05-16\patch_0069.npy,5667,5859,512,99.24545288085938,patches\Ahmedabad\Scene_3_2025-05-16\patch_0069.npy
286,Ahmedabad,Scene_3_2025-05-16,70,C:\Users\Aditya main\Desktop\Project_Sih\patches\Ahmedabad\Scene_3_2025-05-16\patch_0070.npy,5667,6371,512,99.761962890625,patches\Ahmedabad\Scene_3_2025-05-16\patch_0070.npy
287,Ahmedabad,Scene_3_2025-05-16,71,C:\Users\Aditya main\Desktop\Project_Sih\patches\Ahmedabad\Scene_3_2025-05-16\patch_0071.npy,5667,6883,512,98.86703491210938,patches\Ahmedabad\Scene_3_2025-05-16\patch_0071.npy
288,Ahmedabad,Scene_3_2025-05-16,72,C:\Users\Aditya main\Desktop\Project_Sih\patches\Ahmedabad\Scene_3_2025-05-16\patch_0072.npy,6179,2787,512,100.0,patches\Ahmedabad\Scene_3_2025-05-16\patch_0072.npy
289,Ahmedabad,Scene_3_2025-05-16,73,C:\Users\Aditya main\Desktop\Project_Sih\patches\Ahmedabad\Scene_3_2025-05-16\patch_0073.npy,6179,3299,512,99.43466186523438,patches\Ahmedabad\Scene_3_2025-05-16\patch_0073.npy
290,Ahmedabad,Scene_3_2025-05-16,74,C:\Users\Aditya main\Desktop\Project_Sih\patches\Ahmedabad\Scene_3_2025-05-16\patch_0074.npy,6179,3811,512,100.0,patches\Ahmedabad\Scene_3_2025-05-16\patch_0074.npy
291,Ahmedabad,Scene_3_2025-05-16,75,C:\Users\Aditya main\Desktop\Project_Sih\patches\Ahmedabad\Scene_3_2025-05-16\patch_0075.npy,6179,4323,512,100.0,patches\Ahmedabad\Scene_3_2025-05-16\patch_0075.npy
292,Ahmedabad,Scene_3_2025-05-16,76,C:\Users\Aditya main\Desktop\Project_Sih\patches\Ahmedabad\Scene_3_2025-05-16\patch_0076.npy,6179,4835,512,100.0,patches\Ahmedabad\Scene_3_2025-05-16\patch_0076.npy
293,Ahmedabad,Scene_3_2025-05-16,77,C:\Users\Aditya main\Desktop\Project_Sih\patches\Ahmedabad\Scene_3_2025-05-16\patch_0077.npy,6179,5347,512,100.0,patches\Ahmedabad\Scene_3_2025-05-16\patch_0077.npy
294,Ahmedabad,Scene_3_2025-05-16,78,C:\Users\Aditya main\Desktop\Project_Sih\patches\Ahmedabad\Scene_3_2025-05-16\patch_0078.npy,6179,5859,512,100.0,patches\Ahmedabad\Scene_3_2025-05-16\patch_0078.npy
295,Ahmedabad,Scene_3_2025-05-16,79,C:\Users\Aditya main\Desktop\Project_Sih\patches\Ahmedabad\Scene_3_2025-05-16\patch_0079.npy,6179,6371,512,99.35150146484376,patches\Ahmedabad\Scene_3_2025-05-16\patch_0079.npy
296,Ahmedabad,Scene_3_2025-05-16,80,C:\Users\Aditya main\Desktop\Project_Sih\patches\Ahmedabad\Scene_3_2025-05-16\patch_0080.npy,6179,6883,512,92.67501831054688,patches\Ahmedabad\Scene_3_2025-05-16\patch_0080.npy
297,Ahmedabad,Scene_3_2025-05-16,81,C:\Users\Aditya main\Desktop\Project_Sih\patches\Ahmedabad\Scene_3_2025-05-16\patch_0081.npy,6691,2787,512,99.78179931640624,patches\Ahmedabad\Scene_3_2025-05-16\patch_0081.npy
298,Ahmedabad,Scene_3_2025-05-16,82,C:\Users\Aditya main\Desktop\Project_Sih\patches\Ahmedabad\Scene_3_2025-05-16\patch_0082.npy,6691,3299,512,91.63742065429688,patches\Ahmedabad\Scene_3_2025-05-16\patch_0082.npy
299,Ahmedabad,Scene_3_2025-05-16,83,C:\Users\Aditya main\Desktop\Project_Sih\patches\Ahmedabad\Scene_3_2025-05-16\patch_0083.npy,6691,3811,512,99.78256225585938,patches\Ahmedabad\Scene_3_2025-05-16\patch_0083.npy
300,Ahmedabad,Scene_3_2025-05-16,84,C:\Users\Aditya main\Desktop\Project_Sih\patches\Ahmedabad\Scene_3_2025-05-16\patch_0084.npy,6691,4323,512,100.0,patches\Ahmedabad\Scene_3_2025-05-16\patch_0084.npy
301,Ahmedabad,Scene_3_2025-05-16,85,C:\Users\Aditya main\Desktop\Project_Sih\patches\Ahmedabad\Scene_3_2025-05-16\patch_0085.npy,6691,4835,512,99.969482421875,patches\Ahmedabad\Scene_3_2025-05-16\patch_0085.npy
302,Ahmedabad,Scene_3_2025-05-16,86,C:\Users\Aditya main\Desktop\Project_Sih\patches\Ahmedabad\Scene_3_2025-05-16\patch_0086.npy,6691,5347,512,100.0,patches\Ahmedabad\Scene_3_2025-05-16\patch_0086.npy
303,Ahmedabad,Scene_3_2025-05-16,87,C:\Users\Aditya main\Desktop\Project_Sih\patches\Ahmedabad\Scene_3_2025-05-16\patch_0087.npy,6691,5859,512,100.0,patches\Ahmedabad\Scene_3_2025-05-16\patch_0087.npy
304,Ahmedabad,Scene_3_2025-05-16,88,C:\Users\Aditya main\Desktop\Project_Sih\patches\Ahmedabad\Scene_3_2025-05-16\patch_0088.npy,6691,6371,512,98.74420166015624,patches\Ahmedabad\Scene_3_2025-05-16\patch_0088.npy
305,Ahmedabad,Scene_3_2025-05-16,89,C:\Users\Aditya main\Desktop\Project_Sih\patches\Ahmedabad\Scene_3_2025-05-16\patch_0089.npy,6691,6883,512,99.13177490234376,patches\Ahmedabad\Scene_3_2025-05-16\patch_0089.npy
323,Ahmedabad,Scene_4_2025-03-22,0,C:\Users\Aditya main\Desktop\Project_Sih\patches\Ahmedabad\Scene_4_2025-03-22\patch_0000.npy,1820,4270,512,100.0,patches\Ahmedabad\Scene_4_2025-03-22\patch_0000.npy
324,Ahmedabad,Scene_4_2025-03-22,1,C:\Users\Aditya main\Desktop\Project_Sih\patches\Ahmedabad\Scene_4_2025-03-22\patch_0001.npy,1820,4782,512,100.0,patches\Ahmedabad\Scene_4_2025-03-22\patch_0001.npy
325,Ahmedabad,Scene_4_2025-03-22,2,C:\Users\Aditya main\Desktop\Project_Sih\patches\Ahmedabad\Scene_4_2025-03-22\patch_0002.npy,1820,5294,512,100.0,patches\Ahmedabad\Scene_4_2025-03-22\patch_0002.npy
326,Ahmedabad,Scene_4_2025-03-22,3,C:\Users\Aditya main\Desktop\Project_Sih\patches\Ahmedabad\Scene_4_2025-03-22\patch_0003.npy,1820,5806,512,100.0,patches\Ahmedabad\Scene_4_2025-03-22\patch_0003.npy
327,Ahmedabad,Scene_4_2025-03-22,4,C:\Users\Aditya main\Desktop\Project_Sih\patches\Ahmedabad\Scene_4_2025-03-22\patch_0004.npy,1820,6318,512,100.0,patches\Ahmedabad\Scene_4_2025-03-22\patch_0004.npy
328,Ahmedabad,Scene_4_2025-03-22,5,C:\Users\Aditya main\Desktop\Project_Sih\patches\Ahmedabad\Scene_4_2025-03-22\patch_0005.npy,1820,6830,512,100.0,patches\Ahmedabad\Scene_4_2025-03-22\patch_0005.npy
329,Ahmedabad,Scene_4_2025-03-22,6,C:\Users\Aditya main\Desktop\Project_Sih\patches\Ahmedabad\Scene_4_2025-03-22\patch_0006.npy,1820,7342,512,100.0,patches\Ahmedabad\Scene_4_2025-03-22\patch_0006.npy
330,Ahmedabad,Scene_4_2025-03-22,7,C:\Users\Aditya main\Desktop\Project_Sih\patches\Ahmedabad\Scene_4_2025-03-22\patch_0007.npy,1820,7854,512,100.0,patches\Ahmedabad\Scene_4_2025-03-22\patch_0007.npy
331,Ahmedabad,Scene_4_2025-03-22,8,C:\Users\Aditya main\Desktop\Project_Sih\patches\Ahmedabad\Scene_4_2025-03-22\patch_0008.npy,1820,8366,512,100.0,patches\Ahmedabad\Scene_4_2025-03-22\patch_0008.npy
332,Ahmedabad,Scene_4_2025-03-22,9,C:\Users\Aditya main\Desktop\Project_Sih\patches\Ahmedabad\Scene_4_2025-03-22\patch_0009.npy,2332,4270,512,100.0,patches\Ahmedabad\Scene_4_2025-03-22\patch_0009.npy
333,Ahmedabad,Scene_4_2025-03-22,10,C:\Users\Aditya main\Desktop\Project_Sih\patches\Ahmedabad\Scene_4_2025-03-22\patch_0010.npy,2332,4782,512,100.0,patches\Ahmedabad\Scene_4_2025-03-22\patch_0010.npy
334,Ahmedabad,Scene_4_2025-03-22,11,C:\Users\Aditya main\Desktop\Project_Sih\patches\Ahmedabad\Scene_4_2025-03-22\patch_0011.npy,2332,5294,512,100.0,patches\Ahmedabad\Scene_4_2025-03-22\patch_0011.npy
335,Ahmedabad,Scene_4_2025-03-22,12,C:\Users\Aditya main\Desktop\Project_Sih\patches\Ahmedabad\Scene_4_2025-03-22\patch_0012.npy,2332,5806,512,100.0,patches\Ahmedabad\Scene_4_2025-03-22\patch_0012.npy
336,Ahmedabad,Scene_4_2025-03-22,13,C:\Users\Aditya main\Desktop\Project_Sih\patches\Ahmedabad\Scene_4_2025-03-22\patch_0013.npy,2332,6318,512,100.0,patches\Ahmedabad\Scene_4_2025-03-22\patch_0013.npy
337,Ahmedabad,Scene_4_2025-03-22,14,C:\Users\Aditya main\Desktop\Project_Sih\patches\Ahmedabad\Scene_4_2025-03-22\patch_0014.npy,2332,6830,512,100.0,patches\Ahmedabad\Scene_4_2025-03-22\patch_0014.npy
338,Ahmedabad,Scene_4_2025-03-22,15,C:\Users\Aditya main\Desktop\Project_Sih\patches\Ahmedabad\Scene_4_2025-03-22\patch_0015.npy,2332,7342,512,100.0,patches\Ahmedabad\Scene_4_2025-03-22\patch_0015.npy
339,Ahmedabad,Scene_4_2025-03-22,16,C:\Users\Aditya main\Desktop\Project_Sih\patches\Ahmedabad\Scene_4_2025-03-22\patch_0016.npy,2332,7854,512,100.0,patches\Ahmedabad\Scene_4_2025-03-22\patch_0016.npy
340,Ahmedabad,Scene_4_2025-03-22,17,C:\Users\Aditya main\Desktop\Project_Sih\patches\Ahmedabad\Scene_4_2025-03-22\patch_0017.npy,2332,8366,512,100.0,patches\Ahmedabad\Scene_4_2025-03-22\patch_0017.npy
341,Ahmedabad,Scene_4_2025-03-22,18,C:\Users\Aditya main\Desktop\Project_Sih\patches\Ahmedabad\Scene_4_2025-03-22\patch_0018.npy,2844,4270,512,100.0,patches\Ahmedabad\Scene_4_2025-03-22\patch_0018.npy
342,Ahmedabad,Scene_4_2025-03-22,19,C:\Users\Aditya main\Desktop\Project_Sih\patches\Ahmedabad\Scene_4_2025-03-22\patch_0019.npy,2844,4782,512,100.0,patches\Ahmedabad\Scene_4_2025-03-22\patch_0019.npy
343,Ahmedabad,Scene_4_2025-03-22,20,C:\Users\Aditya main\Desktop\Project_Sih\patches\Ahmedabad\Scene_4_2025-03-22\patch_0020.npy,2844,5294,512,100.0,patches\Ahmedabad\Scene_4_2025-03-22\patch_0020.npy
344,Ahmedabad,Scene_4_2025-03-22,21,C:\Users\Aditya main\Desktop\Project_Sih\patches\Ahmedabad\Scene_4_2025-03-22\patch_0021.npy,2844,5806,512,100.0,patches\Ahmedabad\Scene_4_2025-03-22\patch_0021.npy
345,Ahmedabad,Scene_4_2025-03-22,22,C:\Users\Aditya main\Desktop\Project_Sih\patches\Ahmedabad\Scene_4_2025-03-22\patch_0022.npy,2844,6318,512,100.0,patches\Ahmedabad\Scene_4_2025-03-22\patch_0022.npy
346,Ahmedabad,Scene_4_2025-03-22,23,C:\Users\Aditya main\Desktop\Project_Sih\patches\Ahmedabad\Scene_4_2025-03-22\patch_0023.npy,2844,6830,512,100.0,patches\Ahmedabad\Scene_4_2025-03-22\patch_0023.npy
347,Ahmedabad,Scene_4_2025-03-22,24,C:\Users\Aditya main\Desktop\Project_Sih\patches\Ahmedabad\Scene_4_2025-03-22\patch_0024.npy,2844,7342,512,99.9969482421875,patches\Ahmedabad\Scene_4_2025-03-22\patch_0024.npy
348,Ahmedabad,Scene_4_2025-03-22,25,C:\Users\Aditya main\Desktop\Project_Sih\patches\Ahmedabad\Scene_4_2025-03-22\patch_0025.npy,2844,7854,512,100.0,patches\Ahmedabad\Scene_4_2025-03-22\patch_0025.npy
349,Ahmedabad,Scene_4_2025-03-22,26,C:\Users\Aditya main\Desktop\Project_Sih\patches\Ahmedabad\Scene_4_2025-03-22\patch_0026.npy,2844,8366,512,100.0,patches\Ahmedabad\Scene_4_2025-03-22\patch_0026.npy
350,Ahmedabad,Scene_4_2025-03-22,27,C:\Users\Aditya main\Desktop\Project_Sih\patches\Ahmedabad\Scene_4_2025-03-22\patch_0027.npy,3356,4270,512,100.0,patches\Ahmedabad\Scene_4_2025-03-22\patch_0027.npy
351,Ahmedabad,Scene_4_2025-03-22,28,C:\Users\Aditya main\Desktop\Project_Sih\patches\Ahmedabad\Scene_4_2025-03-22\patch_0028.npy,3356,4782,512,100.0,patches\Ahmedabad\Scene_4_2025-03-22\patch_0028.npy
352,Ahmedabad,Scene_4_2025-03-22,29,C:\Users\Aditya main\Desktop\Project_Sih\patches\Ahmedabad\Scene_4_2025-03-22\patch_0029.npy,3356,5294,512,100.0,patches\Ahmedabad\Scene_4_2025-03-22\patch_0029.npy
353,Ahmedabad,Scene_4_2025-03-22,30,C:\Users\Aditya main\Desktop\Project_Sih\patches\Ahmedabad\Scene_4_2025-03-22\patch_0030.npy,3356,5806,512,100.0,patches\Ahmedabad\Scene_4_2025-03-22\patch_0030.npy
354,Ahmedabad,Scene_4_2025-03-22,31,C:\Users\Aditya main\Desktop\Project_Sih\patches\Ahmedabad\Scene_4_2025-03-22\patch_0031.npy,3356,6318,512,100.0,patches\Ahmedabad\Scene_4_2025-03-22\patch_0031.npy
355,Ahmedabad,Scene_4_2025-03-22,32,C:\Users\Aditya main\Desktop\Project_Sih\patches\Ahmedabad\Scene_4_2025-03-22\patch_0032.npy,3356,6830,512,100.0,patches\Ahmedabad\Scene_4_2025-03-22\patch_0032.npy
356,Ahmedabad,Scene_4_2025-03-22,33,C:\Users\Aditya main\Desktop\Project_Sih\patches\Ahmedabad\Scene_4_2025-03-22\patch_0033.npy,3356,7342,512,100.0,patches\Ahmedabad\Scene_4_2025-03-22\patch_0033.npy
357,Ahmedabad,Scene_4_2025-03-22,34,C:\Users\Aditya main\Desktop\Project_Sih\patches\Ahmedabad\Scene_4_2025-03-22\patch_0034.npy,3356,7854,512,100.0,patches\Ahmedabad\Scene_4_2025-03-22\patch_0034.npy
358,Ahmedabad,Scene_4_2025-03-22,35,C:\Users\Aditya main\Desktop\Project_Sih\patches\Ahmedabad\Scene_4_2025-03-22\patch_0035.npy,3356,8366,512,100.0,patches\Ahmedabad\Scene_4_2025-03-22\patch_0035.npy
359,Ahmedabad,Scene_4_2025-03-22,36,C:\Users\Aditya main\Desktop\Project_Sih\patches\Ahmedabad\Scene_4_2025-03-22\patch_0036.npy,3868,4270,512,100.0,patches\Ahmedabad\Scene_4_2025-03-22\patch_0036.npy
360,Ahmedabad,Scene_4_2025-03-22,37,C:\Users\Aditya main\Desktop\Project_Sih\patches\Ahmedabad\Scene_4_2025-03-22\patch_0037.npy,3868,4782,512,100.0,patches\Ahmedabad\Scene_4_2025-03-22\patch_0037.npy
361,Ahmedabad,Scene_4_2025-03-22,38,C:\Users\Aditya main\Desktop\Project_Sih\patches\Ahmedabad\Scene_4_2025-03-22\patch_0038.npy,3868,5294,512,100.0,patches\Ahmedabad\Scene_4_2025-03-22\patch_0038.npy
362,Ahmedabad,Scene_4_2025-03-22,39,C:\Users\Aditya main\Desktop\Project_Sih\patches\Ahmedabad\Scene_4_2025-03-22\patch_0039.npy,3868,5806,512,100.0,patches\Ahmedabad\Scene_4_2025-03-22\patch_0039.npy
363,Ahmedabad,Scene_4_2025-03-22,40,C:\Users\Aditya main\Desktop\Project_Sih\patches\Ahmedabad\Scene_4_2025-03-22\patch_0040.npy,3868,6318,512,100.0,patches\Ahmedabad\Scene_4_2025-03-22\patch_0040.npy
364,Ahmedabad,Scene_4_2025-03-22,41,C:\Users\Aditya main\Desktop\Project_Sih\patches\Ahmedabad\Scene_4_2025-03-22\patch_0041.npy,3868,6830,512,100.0,patches\Ahmedabad\Scene_4_2025-03-22\patch_0041.npy
365,Ahmedabad,Scene_4_2025-03-22,42,C:\Users\Aditya main\Desktop\Project_Sih\patches\Ahmedabad\Scene_4_2025-03-22\patch_0042.npy,3868,7342,512,100.0,patches\Ahmedabad\Scene_4_2025-03-22\patch_0042.npy
366,Ahmedabad,Scene_4_2025-03-22,43,C:\Users\Aditya main\Desktop\Project_Sih\patches\Ahmedabad\Scene_4_2025-03-22\patch_0043.npy,3868,7854,512,100.0,patches\Ahmedabad\Scene_4_2025-03-22\patch_0043.npy
367,Ahmedabad,Scene_4_2025-03-22,44,C:\Users\Aditya main\Desktop\Project_Sih\patches\Ahmedabad\Scene_4_2025-03-22\patch_0044.npy,3868,8366,512,100.0,patches\Ahmedabad\Scene_4_2025-03-22\patch_0044.npy
368,Ahmedabad,Scene_4_2025-03-22,45,C:\Users\Aditya main\Desktop\Project_Sih\patches\Ahmedabad\Scene_4_2025-03-22\patch_0045.npy,4380,4270,512,100.0,patches\Ahmedabad\Scene_4_2025-03-22\patch_0045.npy
369,Ahmedabad,Scene_4_2025-03-22,46,C:\Users\Aditya main\Desktop\Project_Sih\patches\Ahmedabad\Scene_4_2025-03-22\patch_0046.npy,4380,4782,512,99.871826171875,patches\Ahmedabad\Scene_4_2025-03-22\patch_0046.npy
370,Ahmedabad,Scene_4_2025-03-22,47,C:\Users\Aditya main\Desktop\Project_Sih\patches\Ahmedabad\Scene_4_2025-03-22\patch_0047.npy,4380,5294,512,100.0,patches\Ahmedabad\Scene_4_2025-03-22\patch_0047.npy
371,Ahmedabad,Scene_4_2025-03-22,48,C:\Users\Aditya main\Desktop\Project_Sih\patches\Ahmedabad\Scene_4_2025-03-22\patch_0048.npy,4380,5806,512,100.0,patches\Ahmedabad\Scene_4_2025-03-22\patch_0048.npy
372,Ahmedabad,Scene_4_2025-03-22,49,C:\Users\Aditya main\Desktop\Project_Sih\patches\Ahmedabad\Scene_4_2025-03-22\patch_0049.npy,4380,6318,512,100.0,patches\Ahmedabad\Scene_4_2025-03-22\patch_0049.npy
373,Ahmedabad,Scene_4_2025-03-22,50,C:\Users\Aditya main\Desktop\Project_Sih\patches\Ahmedabad\Scene_4_2025-03-22\patch_0050.npy,4380,6830,512,99.9908447265625,patches\Ahmedabad\Scene_4_2025-03-22\patch_0050.npy
374,Ahmedabad,Scene_4_2025-03-22,51,C:\Users\Aditya main\Desktop\Project_Sih\patches\Ahmedabad\Scene_4_2025-03-22\patch_0051.npy,4380,7342,512,100.0,patches\Ahmedabad\Scene_4_2025-03-22\patch_0051.npy
375,Ahmedabad,Scene_4_2025-03-22,52,C:\Users\Aditya main\Desktop\Project_Sih\patches\Ahmedabad\Scene_4_2025-03-22\patch_0052.npy,4380,7854,512,100.0,patches\Ahmedabad\Scene_4_2025-03-22\patch_0052.npy
376,Ahmedabad,Scene_4_2025-03-22,53,C:\Users\Aditya main\Desktop\Project_Sih\patches\Ahmedabad\Scene_4_2025-03-22\patch_0053.npy,4380,8366,512,100.0,patches\Ahmedabad\Scene_4_2025-03-22\patch_0053.npy
377,Ahmedabad,Scene_4_2025-03-22,54,C:\Users\Aditya main\Desktop\Project_Sih\patches\Ahmedabad\Scene_4_2025-03-22\patch_0054.npy,4892,4270,512,100.0,patches\Ahmedabad\Scene_4_2025-03-22\patch_0054.npy
378,Ahmedabad,Scene_4_2025-03-22,55,C:\Users\Aditya main\Desktop\Project_Sih\patches\Ahmedabad\Scene_4_2025-03-22\patch_0055.npy,4892,4782,512,100.0,patches\Ahmedabad\Scene_4_2025-03-22\patch_0055.npy
379,Ahmedabad,Scene_4_2025-03-22,56,C:\Users\Aditya main\Desktop\Project_Sih\patches\Ahmedabad\Scene_4_2025-03-22\patch_0056.npy,4892,5294,512,100.0,patches\Ahmedabad\Scene_4_2025-03-22\patch_0056.npy
380,Ahmedabad,Scene_4_2025-03-22,57,C:\Users\Aditya main\Desktop\Project_Sih\patches\Ahmedabad\Scene_4_2025-03-22\patch_0057.npy,4892,5806,512,100.0,patches\Ahmedabad\Scene_4_2025-03-22\patch_0057.npy
381,Ahmedabad,Scene_4_2025-03-22,58,C:\Users\Aditya main\Desktop\Project_Sih\patches\Ahmedabad\Scene_4_2025-03-22\patch_0058.npy,4892,6318,512,99.99847412109376,patches\Ahmedabad\Scene_4_2025-03-22\patch_0058.npy
382,Ahmedabad,Scene_4_2025-03-22,59,C:\Users\Aditya main\Desktop\Project_Sih\patches\Ahmedabad\Scene_4_2025-03-22\patch_0059.npy,4892,6830,512,100.0,patches\Ahmedabad\Scene_4_2025-03-22\patch_0059.npy
383,Ahmedabad,Scene_4_2025-03-22,60,C:\Users\Aditya main\Desktop\Project_Sih\patches\Ahmedabad\Scene_4_2025-03-22\patch_0060.npy,4892,7342,512,100.0,patches\Ahmedabad\Scene_4_2025-03-22\patch_0060.npy
384,Ahmedabad,Scene_4_2025-03-22,61,C:\Users\Aditya main\Desktop\Project_Sih\patches\Ahmedabad\Scene_4_2025-03-22\patch_0061.npy,4892,7854,512,100.0,patches\Ahmedabad\Scene_4_2025-03-22\patch_0061.npy
385,Ahmedabad,Scene_4_2025-03-22,62,C:\Users\Aditya main\Desktop\Project_Sih\patches\Ahmedabad\Scene_4_2025-03-22\patch_0062.npy,4892,8366,512,100.0,patches\Ahmedabad\Scene_4_2025-03-22\patch_0062.npy
386,Ahmedabad,Scene_4_2025-03-22,63,C:\Users\Aditya main\Desktop\Project_Sih\patches\Ahmedabad\Scene_4_2025-03-22\patch_0063.npy,5404,4270,512,100.0,patches\Ahmedabad\Scene_4_2025-03-22\patch_0063.npy
387,Ahmedabad,Scene_4_2025-03-22,64,C:\Users\Aditya main\Desktop\Project_Sih\patches\Ahmedabad\Scene_4_2025-03-22\patch_0064.npy,5404,4782,512,100.0,patches\Ahmedabad\Scene_4_2025-03-22\patch_0064.npy
388,Ahmedabad,Scene_4_2025-03-22,65,C:\Users\Aditya main\Desktop\Project_Sih\patches\Ahmedabad\Scene_4_2025-03-22\patch_0065.npy,5404,5294,512,100.0,patches\Ahmedabad\Scene_4_2025-03-22\patch_0065.npy
389,Ahmedabad,Scene_4_2025-03-22,66,C:\Users\Aditya main\Desktop\Project_Sih\patches\Ahmedabad\Scene_4_2025-03-22\patch_0066.npy,5404,5806,512,100.0,patches\Ahmedabad\Scene_4_2025-03-22\patch_0066.npy
390,Ahmedabad,Scene_4_2025-03-22,67,C:\Users\Aditya main\Desktop\Project_Sih\patches\Ahmedabad\Scene_4_2025-03-22\patch_0067.npy,5404,6318,512,100.0,patches\Ahmedabad\Scene_4_2025-03-22\patch_0067.npy
391,Ahmedabad,Scene_4_2025-03-22,68,C:\Users\Aditya main\Desktop\Project_Sih\patches\Ahmedabad\Scene_4_2025-03-22\patch_0068.npy,5404,6830,512,100.0,patches\Ahmedabad\Scene_4_2025-03-22\patch_0068.npy
392,Ahmedabad,Scene_4_2025-03-22,69,C:\Users\Aditya main\Desktop\Project_Sih\patches\Ahmedabad\Scene_4_2025-03-22\patch_0069.npy,5404,7342,512,100.0,patches\Ahmedabad\Scene_4_2025-03-22\patch_0069.npy
393,Ahmedabad,Scene_4_2025-03-22,70,C:\Users\Aditya main\Desktop\Project_Sih\patches\Ahmedabad\Scene_4_2025-03-22\patch_0070.npy,5404,7854,512,100.0,patches\Ahmedabad\Scene_4_2025-03-22\patch_0070.npy
394,Ahmedabad,Scene_4_2025-03-22,71,C:\Users\Aditya main\Desktop\Project_Sih\patches\Ahmedabad\Scene_4_2025-03-22\patch_0071.npy,5404,8366,512,100.0,patches\Ahmedabad\Scene_4_2025-03-22\patch_0071.npy
395,Ahmedabad,Scene_4_2025-03-22,72,C:\Users\Aditya main\Desktop\Project_Sih\patches\Ahmedabad\Scene_4_2025-03-22\patch_0072.npy,5916,4270,512,100.0,patches\Ahmedabad\Scene_4_2025-03-22\patch_0072.npy
396,Ahmedabad,Scene_4_2025-03-22,73,C:\Users\Aditya main\Desktop\Project_Sih\patches\Ahmedabad\Scene_4_2025-03-22\patch_0073.npy,5916,4782,512,100.0,patches\Ahmedabad\Scene_4_2025-03-22\patch_0073.npy
397,Ahmedabad,Scene_4_2025-03-22,74,C:\Users\Aditya main\Desktop\Project_Sih\patches\Ahmedabad\Scene_4_2025-03-22\patch_0074.npy,5916,5294,512,100.0,patches\Ahmedabad\Scene_4_2025-03-22\patch_0074.npy
398,Ahmedabad,Scene_4_2025-03-22,75,C:\Users\Aditya main\Desktop\Project_Sih\patches\Ahmedabad\Scene_4_2025-03-22\patch_0075.npy,5916,5806,512,100.0,patches\Ahmedabad\Scene_4_2025-03-22\patch_0075.npy
399,Ahmedabad,Scene_4_2025-03-22,76,C:\Users\Aditya main\Desktop\Project_Sih\patches\Ahmedabad\Scene_4_2025-03-22\patch_0076.npy,5916,6318,512,100.0,patches\Ahmedabad\Scene_4_2025-03-22\patch_0076.npy
400,Ahmedabad,Scene_4_2025-03-22,77,C:\Users\Aditya main\Desktop\Project_Sih\patches\Ahmedabad\Scene_4_2025-03-22\patch_0077.npy,5916,6830,512,100.0,patches\Ahmedabad\Scene_4_2025-03-22\patch_0077.npy
401,Ahmedabad,Scene_4_2025-03-22,78,C:\Users\Aditya main\Desktop\Project_Sih\patches\Ahmedabad\Scene_4_2025-03-22\patch_0078.npy,5916,7342,512,100.0,patches\Ahmedabad\Scene_4_2025-03-22\patch_0078.npy
402,Ahmedabad,Scene_4_2025-03-22,79,C:\Users\Aditya main\Desktop\Project_Sih\patches\Ahmedabad\Scene_4_2025-03-22\patch_0079.npy,5916,7854,512,100.0,patches\Ahmedabad\Scene_4_2025-03-22\patch_0079.npy
403,Ahmedabad,Scene_4_2025-03-22,80,C:\Users\Aditya main\Desktop\Project_Sih\patches\Ahmedabad\Scene_4_2025-03-22\patch_0080.npy,5916,8366,512,100.0,patches\Ahmedabad\Scene_4_2025-03-22\patch_0080.npy
404,Ahmedabad,Scene_4_2025-03-22,81,C:\Users\Aditya main\Desktop\Project_Sih\patches\Ahmedabad\Scene_4_2025-03-22\patch_0081.npy,6428,4270,512,100.0,patches\Ahmedabad\Scene_4_2025-03-22\patch_0081.npy
405,Ahmedabad,Scene_4_2025-03-22,82,C:\Users\Aditya main\Desktop\Project_Sih\patches\Ahmedabad\Scene_4_2025-03-22\patch_0082.npy,6428,4782,512,100.0,patches\Ahmedabad\Scene_4_2025-03-22\patch_0082.npy
406,Ahmedabad,Scene_4_2025-03-22,83,C:\Users\Aditya main\Desktop\Project_Sih\patches\Ahmedabad\Scene_4_2025-03-22\patch_0083.npy,6428,5294,512,100.0,patches\Ahmedabad\Scene_4_2025-03-22\patch_0083.npy
407,Ahmedabad,Scene_4_2025-03-22,84,C:\Users\Aditya main\Desktop\Project_Sih\patches\Ahmedabad\Scene_4_2025-03-22\patch_0084.npy,6428,5806,512,100.0,patches\Ahmedabad\Scene_4_2025-03-22\patch_0084.npy
408,Ahmedabad,Scene_4_2025-03-22,85,C:\Users\Aditya main\Desktop\Project_Sih\patches\Ahmedabad\Scene_4_2025-03-22\patch_0085.npy,6428,6318,512,100.0,patches\Ahmedabad\Scene_4_2025-03-22\patch_0085.npy
409,Ahmedabad,Scene_4_2025-03-22,86,C:\Users\Aditya main\Desktop\Project_Sih\patches\Ahmedabad\Scene_4_2025-03-22\patch_0086.npy,6428,6830,512,100.0,patches\Ahmedabad\Scene_4_2025-03-22\patch_0086.npy
410,Ahmedabad,Scene_4_2025-03-22,87,C:\Users\Aditya main\Desktop\Project_Sih\patches\Ahmedabad\Scene_4_2025-03-22\patch_0087.npy,6428,7342,512,100.0,patches\Ahmedabad\Scene_4_2025-03-22\patch_0087.npy
411,Ahmedabad,Scene_4_2025-03-22,88,C:\Users\Aditya main\Desktop\Project_Sih\patches\Ahmedabad\Scene_4_2025-03-22\patch_0088.npy,6428,7854,512,100.0,patches\Ahmedabad\Scene_4_2025-03-22\patch_0088.npy
412,Ahmedabad,Scene_4_2025-03-22,89,C:\Users\Aditya main\Desktop\Project_Sih\patches\Ahmedabad\Scene_4_2025-03-22\patch_0089.npy,6428,8366,512,100.0,patches\Ahmedabad\Scene_4_2025-03-22\patch_0089.npy
431,Ahmedabad,Scene_5_2025-04-06,0,C:\Users\Aditya main\Desktop\Project_Sih\patches\Ahmedabad\Scene_5_2025-04-06\patch_0000.npy,2083,2787,512,100.0,patches\Ahmedabad\Scene_5_2025-04-06\patch_0000.npy
432,Ahmedabad,Scene_5_2025-04-06,1,C:\Users\Aditya main\Desktop\Project_Sih\patches\Ahmedabad\Scene_5_2025-04-06\patch_0001.npy,2083,3299,512,100.0,patches\Ahmedabad\Scene_5_2025-04-06\patch_0001.npy
433,Ahmedabad,Scene_5_2025-04-06,2,C:\Users\Aditya main\Desktop\Project_Sih\patches\Ahmedabad\Scene_5_2025-04-06\patch_0002.npy,2083,3811,512,100.0,patches\Ahmedabad\Scene_5_2025-04-06\patch_0002.npy
434,Ahmedabad,Scene_5_2025-04-06,3,C:\Users\Aditya main\Desktop\Project_Sih\patches\Ahmedabad\Scene_5_2025-04-06\patch_0003.npy,2083,4323,512,100.0,patches\Ahmedabad\Scene_5_2025-04-06\patch_0003.npy
435,Ahmedabad,Scene_5_2025-04-06,4,C:\Users\Aditya main\Desktop\Project_Sih\patches\Ahmedabad\Scene_5_2025-04-06\patch_0004.npy,2083,4835,512,100.0,patches\Ahmedabad\Scene_5_2025-04-06\patch_0004.npy
436,Ahmedabad,Scene_5_2025-04-06,5,C:\Users\Aditya main\Desktop\Project_Sih\patches\Ahmedabad\Scene_5_2025-04-06\patch_0005.npy,2083,5347,512,100.0,patches\Ahmedabad\Scene_5_2025-04-06\patch_0005.npy
437,Ahmedabad,Scene_5_2025-04-06,6,C:\Users\Aditya main\Desktop\Project_Sih\patches\Ahmedabad\Scene_5_2025-04-06\patch_0006.npy,2083,5859,512,100.0,patches\Ahmedabad\Scene_5_2025-04-06\patch_0006.npy
438,Ahmedabad,Scene_5_2025-04-06,7,C:\Users\Aditya main\Desktop\Project_Sih\patches\Ahmedabad\Scene_5_2025-04-06\patch_0007.npy,2083,6371,512,100.0,patches\Ahmedabad\Scene_5_2025-04-06\patch_0007.npy
439,Ahmedabad,Scene_5_2025-04-06,8,C:\Users\Aditya main\Desktop\Project_Sih\patches\Ahmedabad\Scene_5_2025-04-06\patch_0008.npy,2083,6883,512,100.0,patches\Ahmedabad\Scene_5_2025-04-06\patch_0008.npy
440,Ahmedabad,Scene_5_2025-04-06,9,C:\Users\Aditya main\Desktop\Project_Sih\patches\Ahmedabad\Scene_5_2025-04-06\patch_0009.npy,2595,2787,512,100.0,patches\Ahmedabad\Scene_5_2025-04-06\patch_0009.npy
441,Ahmedabad,Scene_5_2025-04-06,10,C:\Users\Aditya main\Desktop\Project_Sih\patches\Ahmedabad\Scene_5_2025-04-06\patch_0010.npy,2595,3299,512,100.0,patches\Ahmedabad\Scene_5_2025-04-06\patch_0010.npy
442,Ahmedabad,Scene_5_2025-04-06,11,C:\Users\Aditya main\Desktop\Project_Sih\patches\Ahmedabad\Scene_5_2025-04-06\patch_0011.npy,2595,3811,512,100.0,patches\Ahmedabad\Scene_5_2025-04-06\patch_0011.npy
443,Ahmedabad,Scene_5_2025-04-06,12,C:\Users\Aditya main\Desktop\Project_Sih\patches\Ahmedabad\Scene_5_2025-04-06\patch_0012.npy,2595,4323,512,100.0,patches\Ahmedabad\Scene_5_2025-04-06\patch_0012.npy
444,Ahmedabad,Scene_5_2025-04-06,13,C:\Users\Aditya main\Desktop\Project_Sih\patches\Ahmedabad\Scene_5_2025-04-06\patch_0013.npy,2595,4835,512,100.0,patches\Ahmedabad\Scene_5_2025-04-06\patch_0013.npy
445,Ahmedabad,Scene_5_2025-04-06,14,C:\Users\Aditya main\Desktop\Project_Sih\patches\Ahmedabad\Scene_5_2025-04-06\patch_0014.npy,2595,5347,512,100.0,patches\Ahmedabad\Scene_5_2025-04-06\patch_0014.npy
446,Ahmedabad,Scene_5_2025-04-06,15,C:\Users\Aditya main\Desktop\Project_Sih\patches\Ahmedabad\Scene_5_2025-04-06\patch_0015.npy,2595,5859,512,100.0,patches\Ahmedabad\Scene_5_2025-04-06\patch_0015.npy
447,Ahmedabad,Scene_5_2025-04-06,16,C:\Users\Aditya main\Desktop\Project_Sih\patches\Ahmedabad\Scene_5_2025-04-06\patch_0016.npy,2595,6371,512,100.0,patches\Ahmedabad\Scene_5_2025-04-06\patch_0016.npy
448,Ahmedabad,Scene_5_2025-04-06,17,C:\Users\Aditya main\Desktop\Project_Sih\patches\Ahmedabad\Scene_5_2025-04-06\patch_0017.npy,2595,6883,512,100.0,patches\Ahmedabad\Scene_5_2025-04-06\patch_0017.npy
449,Ahmedabad,Scene_5_2025-04-06,18,C:\Users\Aditya main\Desktop\Project_Sih\patches\Ahmedabad\Scene_5_2025-04-06\patch_0018.npy,3107,2787,512,100.0,patches\Ahmedabad\Scene_5_2025-04-06\patch_0018.npy
450,Ahmedabad,Scene_5_2025-04-06,19,C:\Users\Aditya main\Desktop\Project_Sih\patches\Ahmedabad\Scene_5_2025-04-06\patch_0019.npy,3107,3299,512,100.0,patches\Ahmedabad\Scene_5_2025-04-06\patch_0019.npy
451,Ahmedabad,Scene_5_2025-04-06,20,C:\Users\Aditya main\Desktop\Project_Sih\patches\Ahmedabad\Scene_5_2025-04-06\patch_0020.npy,3107,3811,512,100.0,patches\Ahmedabad\Scene_5_2025-04-06\patch_0020.npy
452,Ahmedabad,Scene_5_2025-04-06,21,C:\Users\Aditya main\Desktop\Project_Sih\patches\Ahmedabad\Scene_5_2025-04-06\patch_0021.npy,3107,4323,512,100.0,patches\Ahmedabad\Scene_5_2025-04-06\patch_0021.npy
453,Ahmedabad,Scene_5_2025-04-06,22,C:\Users\Aditya main\Desktop\Project_Sih\patches\Ahmedabad\Scene_5_2025-04-06\patch_0022.npy,3107,4835,512,100.0,patches\Ahmedabad\Scene_5_2025-04-06\patch_0022.npy
454,Ahmedabad,Scene_5_2025-04-06,23,C:\Users\Aditya main\Desktop\Project_Sih\patches\Ahmedabad\Scene_5_2025-04-06\patch_0023.npy,3107,5347,512,100.0,patches\Ahmedabad\Scene_5_2025-04-06\patch_0023.npy
455,Ahmedabad,Scene_5_2025-04-06,24,C:\Users\Aditya main\Desktop\Project_Sih\patches\Ahmedabad\Scene_5_2025-04-06\patch_0024.npy,3107,5859,512,100.0,patches\Ahmedabad\Scene_5_2025-04-06\patch_0024.npy
456,Ahmedabad,Scene_5_2025-04-06,25,C:\Users\Aditya main\Desktop\Project_Sih\patches\Ahmedabad\Scene_5_2025-04-06\patch_0025.npy,3107,6371,512,100.0,patches\Ahmedabad\Scene_5_2025-04-06\patch_0025.npy
457,Ahmedabad,Scene_5_2025-04-06,26,C:\Users\Aditya main\Desktop\Project_Sih\patches\Ahmedabad\Scene_5_2025-04-06\patch_0026.npy,3107,6883,512,100.0,patches\Ahmedabad\Scene_5_2025-04-06\patch_0026.npy
458,Ahmedabad,Scene_5_2025-04-06,27,C:\Users\Aditya main\Desktop\Project_Sih\patches\Ahmedabad\Scene_5_2025-04-06\patch_0027.npy,3619,2787,512,100.0,patches\Ahmedabad\Scene_5_2025-04-06\patch_0027.npy
459,Ahmedabad,Scene_5_2025-04-06,28,C:\Users\Aditya main\Desktop\Project_Sih\patches\Ahmedabad\Scene_5_2025-04-06\patch_0028.npy,3619,3299,512,100.0,patches\Ahmedabad\Scene_5_2025-04-06\patch_0028.npy
460,Ahmedabad,Scene_5_2025-04-06,29,C:\Users\Aditya main\Desktop\Project_Sih\patches\Ahmedabad\Scene_5_2025-04-06\patch_0029.npy,3619,3811,512,100.0,patches\Ahmedabad\Scene_5_2025-04-06\patch_0029.npy
461,Ahmedabad,Scene_5_2025-04-06,30,C:\Users\Aditya main\Desktop\Project_Sih\patches\Ahmedabad\Scene_5_2025-04-06\patch_0030.npy,3619,4323,512,100.0,patches\Ahmedabad\Scene_5_2025-04-06\patch_0030.npy
462,Ahmedabad,Scene_5_2025-04-06,31,C:\Users\Aditya main\Desktop\Project_Sih\patches\Ahmedabad\Scene_5_2025-04-06\patch_0031.npy,3619,4835,512,100.0,patches\Ahmedabad\Scene_5_2025-04-06\patch_0031.npy
463,Ahmedabad,Scene_5_2025-04-06,32,C:\Users\Aditya main\Desktop\Project_Sih\patches\Ahmedabad\Scene_5_2025-04-06\patch_0032.npy,3619,5347,512,100.0,patches\Ahmedabad\Scene_5_2025-04-06\patch_0032.npy
464,Ahmedabad,Scene_5_2025-04-06,33,C:\Users\Aditya main\Desktop\Project_Sih\patches\Ahmedabad\Scene_5_2025-04-06\patch_0033.npy,3619,5859,512,100.0,patches\Ahmedabad\Scene_5_2025-04-06\patch_0033.npy
465,Ahmedabad,Scene_5_2025-04-06,34,C:\Users\Aditya main\Desktop\Project_Sih\patches\Ahmedabad\Scene_5_2025-04-06\patch_0034.npy,3619,6371,512,100.0,patches\Ahmedabad\Scene_5_2025-04-06\patch_0034.npy
466,Ahmedabad,Scene_5_2025-04-06,35,C:\Users\Aditya main\Desktop\Project_Sih\patches\Ahmedabad\Scene_5_2025-04-06\patch_0035.npy,3619,6883,512,100.0,patches\Ahmedabad\Scene_5_2025-04-06\patch_0035.npy
467,Ahmedabad,Scene_5_2025-04-06,36,C:\Users\Aditya main\Desktop\Project_Sih\patches\Ahmedabad\Scene_5_2025-04-06\patch_0036.npy,4131,2787,512,100.0,patches\Ahmedabad\Scene_5_2025-04-06\patch_0036.npy
468,Ahmedabad,Scene_5_2025-04-06,37,C:\Users\Aditya main\Desktop\Project_Sih\patches\Ahmedabad\Scene_5_2025-04-06\patch_0037.npy,4131,3299,512,100.0,patches\Ahmedabad\Scene_5_2025-04-06\patch_0037.npy
469,Ahmedabad,Scene_5_2025-04-06,38,C:\Users\Aditya main\Desktop\Project_Sih\patches\Ahmedabad\Scene_5_2025-04-06\patch_0038.npy,4131,3811,512,100.0,patches\Ahmedabad\Scene_5_2025-04-06\patch_0038.npy
470,Ahmedabad,Scene_5_2025-04-06,39,C:\Users\Aditya main\Desktop\Project_Sih\patches\Ahmedabad\Scene_5_2025-04-06\patch_0039.npy,4131,4323,512,100.0,patches\Ahmedabad\Scene_5_2025-04-06\patch_0039.npy
471,Ahmedabad,Scene_5_2025-04-06,40,C:\Users\Aditya main\Desktop\Project_Sih\patches\Ahmedabad\Scene_5_2025-04-06\patch_0040.npy,4131,4835,512,100.0,patches\Ahmedabad\Scene_5_2025-04-06\patch_0040.npy
472,Ahmedabad,Scene_5_2025-04-06,41,C:\Users\Aditya main\Desktop\Project_Sih\patches\Ahmedabad\Scene_5_2025-04-06\patch_0041.npy,4131,5347,512,100.0,patches\Ahmedabad\Scene_5_2025-04-06\patch_0041.npy
473,Ahmedabad,Scene_5_2025-04-06,42,C:\Users\Aditya main\Desktop\Project_Sih\patches\Ahmedabad\Scene_5_2025-04-06\patch_0042.npy,4131,5859,512,100.0,patches\Ahmedabad\Scene_5_2025-04-06\patch_0042.npy
474,Ahmedabad,Scene_5_2025-04-06,43,C:\Users\Aditya main\Desktop\Project_Sih\patches\Ahmedabad\Scene_5_2025-04-06\patch_0043.npy,4131,6371,512,100.0,patches\Ahmedabad\Scene_5_2025-04-06\patch_0043.npy
475,Ahmedabad,Scene_5_2025-04-06,44,C:\Users\Aditya main\Desktop\Project_Sih\patches\Ahmedabad\Scene_5_2025-04-06\patch_0044.npy,4131,6883,512,100.0,patches\Ahmedabad\Scene_5_2025-04-06\patch_0044.npy
476,Ahmedabad,Scene_5_2025-04-06,45,C:\Users\Aditya main\Desktop\Project_Sih\patches\Ahmedabad\Scene_5_2025-04-06\patch_0045.npy,4643,2787,512,100.0,patches\Ahmedabad\Scene_5_2025-04-06\patch_0045.npy
477,Ahmedabad,Scene_5_2025-04-06,46,C:\Users\Aditya main\Desktop\Project_Sih\patches\Ahmedabad\Scene_5_2025-04-06\patch_0046.npy,4643,3299,512,100.0,patches\Ahmedabad\Scene_5_2025-04-06\patch_0046.npy
478,Ahmedabad,Scene_5_2025-04-06,47,C:\Users\Aditya main\Desktop\Project_Sih\patches\Ahmedabad\Scene_5_2025-04-06\patch_0047.npy,4643,3811,512,100.0,patches\Ahmedabad\Scene_5_2025-04-06\patch_0047.npy
479,Ahmedabad,Scene_5_2025-04-06,48,C:\Users\Aditya main\Desktop\Project_Sih\patches\Ahmedabad\Scene_5_2025-04-06\patch_0048.npy,4643,4323,512,100.0,patches\Ahmedabad\Scene_5_2025-04-06\patch_0048.npy
480,Ahmedabad,Scene_5_2025-04-06,49,C:\Users\Aditya main\Desktop\Project_Sih\patches\Ahmedabad\Scene_5_2025-04-06\patch_0049.npy,4643,4835,512,99.99542236328124,patches\Ahmedabad\Scene_5_2025-04-06\patch_0049.npy
481,Ahmedabad,Scene_5_2025-04-06,50,C:\Users\Aditya main\Desktop\Project_Sih\patches\Ahmedabad\Scene_5_2025-04-06\patch_0050.npy,4643,5347,512,100.0,patches\Ahmedabad\Scene_5_2025-04-06\patch_0050.npy
482,Ahmedabad,Scene_5_2025-04-06,51,C:\Users\Aditya main\Desktop\Project_Sih\patches\Ahmedabad\Scene_5_2025-04-06\patch_0051.npy,4643,5859,512,100.0,patches\Ahmedabad\Scene_5_2025-04-06\patch_0051.npy
483,Ahmedabad,Scene_5_2025-04-06,52,C:\Users\Aditya main\Desktop\Project_Sih\patches\Ahmedabad\Scene_5_2025-04-06\patch_0052.npy,4643,6371,512,100.0,patches\Ahmedabad\Scene_5_2025-04-06\patch_0052.npy
484,Ahmedabad,Scene_5_2025-04-06,53,C:\Users\Aditya main\Desktop\Project_Sih\patches\Ahmedabad\Scene_5_2025-04-06\patch_0053.npy,4643,6883,512,100.0,patches\Ahmedabad\Scene_5_2025-04-06\patch_0053.npy
485,Ahmedabad,Scene_5_2025-04-06,54,C:\Users\Aditya main\Desktop\Project_Sih\patches\Ahmedabad\Scene_5_2025-04-06\patch_0054.npy,5155,2787,512,100.0,patches\Ahmedabad\Scene_5_2025-04-06\patch_0054.npy
486,Ahmedabad,Scene_5_2025-04-06,55,C:\Users\Aditya main\Desktop\Project_Sih\patches\Ahmedabad\Scene_5_2025-04-06\patch_0055.npy,5155,3299,512,100.0,patches\Ahmedabad\Scene_5_2025-04-06\patch_0055.npy
487,Ahmedabad,Scene_5_2025-04-06,56,C:\Users\Aditya main\Desktop\Project_Sih\patches\Ahmedabad\Scene_5_2025-04-06\patch_0056.npy,5155,3811,512,100.0,patches\Ahmedabad\Scene_5_2025-04-06\patch_0056.npy
488,Ahmedabad,Scene_5_2025-04-06,57,C:\Users\Aditya main\Desktop\Project_Sih\patches\Ahmedabad\Scene_5_2025-04-06\patch_0057.npy,5155,4323,512,100.0,patches\Ahmedabad\Scene_5_2025-04-06\patch_0057.npy
489,Ahmedabad,Scene_5_2025-04-06,58,C:\Users\Aditya main\Desktop\Project_Sih\patches\Ahmedabad\Scene_5_2025-04-06\patch_0058.npy,5155,4835,512,100.0,patches\Ahmedabad\Scene_5_2025-04-06\patch_0058.npy
490,Ahmedabad,Scene_5_2025-04-06,59,C:\Users\Aditya main\Desktop\Project_Sih\patches\Ahmedabad\Scene_5_2025-04-06\patch_0059.npy,5155,5347,512,100.0,patches\Ahmedabad\Scene_5_2025-04-06\patch_0059.npy
491,Ahmedabad,Scene_5_2025-04-06,60,C:\Users\Aditya main\Desktop\Project_Sih\patches\Ahmedabad\Scene_5_2025-04-06\patch_0060.npy,5155,5859,512,100.0,patches\Ahmedabad\Scene_5_2025-04-06\patch_0060.npy
492,Ahmedabad,Scene_5_2025-04-06,61,C:\Users\Aditya main\Desktop\Project_Sih\patches\Ahmedabad\Scene_5_2025-04-06\patch_0061.npy,5155,6371,512,100.0,patches\Ahmedabad\Scene_5_2025-04-06\patch_0061.npy
493,Ahmedabad,Scene_5_2025-04-06,62,C:\Users\Aditya main\Desktop\Project_Sih\patches\Ahmedabad\Scene_5_2025-04-06\patch_0062.npy,5155,6883,512,100.0,patches\Ahmedabad\Scene_5_2025-04-06\patch_0062.npy
494,Ahmedabad,Scene_5_2025-04-06,63,C:\Users\Aditya main\Desktop\Project_Sih\patches\Ahmedabad\Scene_5_2025-04-06\patch_0063.npy,5667,2787,512,100.0,patches\Ahmedabad\Scene_5_2025-04-06\patch_0063.npy
495,Ahmedabad,Scene_5_2025-04-06,64,C:\Users\Aditya main\Desktop\Project_Sih\patches\Ahmedabad\Scene_5_2025-04-06\patch_0064.npy,5667,3299,512,100.0,patches\Ahmedabad\Scene_5_2025-04-06\patch_0064.npy
496,Ahmedabad,Scene_5_2025-04-06,65,C:\Users\Aditya main\Desktop\Project_Sih\patches\Ahmedabad\Scene_5_2025-04-06\patch_0065.npy,5667,3811,512,100.0,patches\Ahmedabad\Scene_5_2025-04-06\patch_0065.npy
497,Ahmedabad,Scene_5_2025-04-06,66,C:\Users\Aditya main\Desktop\Project_Sih\patches\Ahmedabad\Scene_5_2025-04-06\patch_0066.npy,5667,4323,512,100.0,patches\Ahmedabad\Scene_5_2025-04-06\patch_0066.npy
498,Ahmedabad,Scene_5_2025-04-06,67,C:\Users\Aditya main\Desktop\Project_Sih\patches\Ahmedabad\Scene_5_2025-04-06\patch_0067.npy,5667,4835,512,100.0,patches\Ahmedabad\Scene_5_2025-04-06\patch_0067.npy
499,Ahmedabad,Scene_5_2025-04-06,68,C:\Users\Aditya main\Desktop\Project_Sih\patches\Ahmedabad\Scene_5_2025-04-06\patch_0068.npy,5667,5347,512,100.0,patches\Ahmedabad\Scene_5_2025-04-06\patch_0068.npy
500,Ahmedabad,Scene_5_2025-04-06,69,C:\Users\Aditya main\Desktop\Project_Sih\patches\Ahmedabad\Scene_5_2025-04-06\patch_0069.npy,5667,5859,512,100.0,patches\Ahmedabad\Scene_5_2025-04-06\patch_0069.npy
501,Ahmedabad,Scene_5_2025-04-06,70,C:\Users\Aditya main\Desktop\Project_Sih\patches\Ahmedabad\Scene_5_2025-04-06\patch_0070.npy,5667,6371,512,100.0,patches\Ahmedabad\Scene_5_2025-04-06\patch_0070.npy
502,Ahmedabad,Scene_5_2025-04-06,71,C:\Users\Aditya main\Desktop\Project_Sih\patches\Ahmedabad\Scene_5_2025-04-06\patch_0071.npy,5667,6883,512,100.0,patches\Ahmedabad\Scene_5_2025-04-06\patch_0071.npy
503,Ahmedabad,Scene_5_2025-04-06,72,C:\Users\Aditya main\Desktop\Project_Sih\patches\Ahmedabad\Scene_5_2025-04-06\patch_0072.npy,6179,2787,512,100.0,patches\Ahmedabad\Scene_5_2025-04-06\patch_0072.npy
504,Ahmedabad,Scene_5_2025-04-06,73,C:\Users\Aditya main\Desktop\Project_Sih\patches\Ahmedabad\Scene_5_2025-04-06\patch_0073.npy,6179,3299,512,100.0,patches\Ahmedabad\Scene_5_2025-04-06\patch_0073.npy
505,Ahmedabad,Scene_5_2025-04-06,74,C:\Users\Aditya main\Desktop\Project_Sih\patches\Ahmedabad\Scene_5_2025-04-06\patch_0074.npy,6179,3811,512,100.0,patches\Ahmedabad\Scene_5_2025-04-06\patch_0074.npy
506,Ahmedabad,Scene_5_2025-04-06,75,C:\Users\Aditya main\Desktop\Project_Sih\patches\Ahmedabad\Scene_5_2025-04-06\patch_0075.npy,6179,4323,512,100.0,patches\Ahmedabad\Scene_5_2025-04-06\patch_0075.npy
507,Ahmedabad,Scene_5_2025-04-06,76,C:\Users\Aditya main\Desktop\Project_Sih\patches\Ahmedabad\Scene_5_2025-04-06\patch_0076.npy,6179,4835,512,100.0,patches\Ahmedabad\Scene_5_2025-04-06\patch_0076.npy
508,Ahmedabad,Scene_5_2025-04-06,77,C:\Users\Aditya main\Desktop\Project_Sih\patches\Ahmedabad\Scene_5_2025-04-06\patch_0077.npy,6179,5347,512,100.0,patches\Ahmedabad\Scene_5_2025-04-06\patch_0077.npy
509,Ahmedabad,Scene_5_2025-04-06,78,C:\Users\Aditya main\Desktop\Project_Sih\patches\Ahmedabad\Scene_5_2025-04-06\patch_0078.npy,6179,5859,512,100.0,patches\Ahmedabad\Scene_5_2025-04-06\patch_0078.npy
510,Ahmedabad,Scene_5_2025-04-06,79,C:\Users\Aditya main\Desktop\Project_Sih\patches\Ahmedabad\Scene_5_2025-04-06\patch_0079.npy,6179,6371,512,99.993896484375,patches\Ahmedabad\Scene_5_2025-04-06\patch_0079.npy
511,Ahmedabad,Scene_5_2025-04-06,80,C:\Users\Aditya main\Desktop\Project_Sih\patches\Ahmedabad\Scene_5_2025-04-06\patch_0080.npy,6179,6883,512,100.0,patches\Ahmedabad\Scene_5_2025-04-06\patch_0080.npy
512,Ahmedabad,Scene_5_2025-04-06,81,C:\Users\Aditya main\Desktop\Project_Sih\patches\Ahmedabad\Scene_5_2025-04-06\patch_0081.npy,6691,2787,512,100.0,patches\Ahmedabad\Scene_5_2025-04-06\patch_0081.npy
513,Ahmedabad,Scene_5_2025-04-06,82,C:\Users\Aditya main\Desktop\Project_Sih\patches\Ahmedabad\Scene_5_2025-04-06\patch_0082.npy,6691,3299,512,100.0,patches\Ahmedabad\Scene_5_2025-04-06\patch_0082.npy
514,Ahmedabad,Scene_5_2025-04-06,83,C:\Users\Aditya main\Desktop\Project_Sih\patches\Ahmedabad\Scene_5_2025-04-06\patch_0083.npy,6691,3811,512,100.0,patches\Ahmedabad\Scene_5_2025-04-06\patch_0083.npy
515,Ahmedabad,Scene_5_2025-04-06,84,C:\Users\Aditya main\Desktop\Project_Sih\patches\Ahmedabad\Scene_5_2025-04-06\patch_0084.npy,6691,4323,512,100.0,patches\Ahmedabad\Scene_5_2025-04-06\patch_0084.npy
516,Ahmedabad,Scene_5_2025-04-06,85,C:\Users\Aditya main\Desktop\Project_Sih\patches\Ahmedabad\Scene_5_2025-04-06\patch_0085.npy,6691,4835,512,100.0,patches\Ahmedabad\Scene_5_2025-04-06\patch_0085.npy
517,Ahmedabad,Scene_5_2025-04-06,86,C:\Users\Aditya main\Desktop\Project_Sih\patches\Ahmedabad\Scene_5_2025-04-06\patch_0086.npy,6691,5347,512,100.0,patches\Ahmedabad\Scene_5_2025-04-06\patch_0086.npy
518,Ahmedabad,Scene_5_2025-04-06,87,C:\Users\Aditya main\Desktop\Project_Sih\patches\Ahmedabad\Scene_5_2025-04-06\patch_0087.npy,6691,5859,512,100.0,patches\Ahmedabad\Scene_5_2025-04-06\patch_0087.npy
519,Ahmedabad,Scene_5_2025-04-06,88,C:\Users\Aditya main\Desktop\Project_Sih\patches\Ahmedabad\Scene_5_2025-04-06\patch_0088.npy,6691,6371,512,100.0,patches\Ahmedabad\Scene_5_2025-04-06\patch_0088.npy
520,Ahmedabad,Scene_5_2025-04-06,89,C:\Users\Aditya main\Desktop\Project_Sih\patches\Ahmedabad\Scene_5_2025-04-06\patch_0089.npy,6691,6883,512,100.0,patches\Ahmedabad\Scene_5_2025-04-06\patch_0089.npy
731,Nashik,Scene_1_2025-01-28,0,C:\Users\Aditya main\Desktop\Project_Sih\patches\Nashik\Scene_1_2025-01-28\patch_0000.npy,6581,5335,512,100.0,patches\Nashik\Scene_1_2025-01-28\patch_0000.npy
732,Nashik,Scene_1_2025-01-28,1,C:\Users\Aditya main\Desktop\Project_Sih\patches\Nashik\Scene_1_2025-01-28\patch_0001.npy,6581,5847,512,100.0,patches\Nashik\Scene_1_2025-01-28\patch_0001.npy
733,Nashik,Scene_1_2025-01-28,2,C:\Users\Aditya main\Desktop\Project_Sih\patches\Nashik\Scene_1_2025-01-28\patch_0002.npy,6581,6359,512,100.0,patches\Nashik\Scene_1_2025-01-28\patch_0002.npy
734,Nashik,Scene_1_2025-01-28,3,C:\Users\Aditya main\Desktop\Project_Sih\patches\Nashik\Scene_1_2025-01-28\patch_0003.npy,6581,6871,512,100.0,patches\Nashik\Scene_1_2025-01-28\patch_0003.npy
735,Nashik,Scene_1_2025-01-28,4,C:\Users\Aditya main\Desktop\Project_Sih\patches\Nashik\Scene_1_2025-01-28\patch_0004.npy,6581,7383,512,100.0,patches\Nashik\Scene_1_2025-01-28\patch_0004.npy
736,Nashik,Scene_1_2025-01-28,5,C:\Users\Aditya main\Desktop\Project_Sih\patches\Nashik\Scene_1_2025-01-28\patch_0005.npy,6581,7895,512,100.0,patches\Nashik\Scene_1_2025-01-28\patch_0005.npy
737,Nashik,Scene_1_2025-01-28,6,C:\Users\Aditya main\Desktop\Project_Sih\patches\Nashik\Scene_1_2025-01-28\patch_0006.npy,6581,8407,512,100.0,patches\Nashik\Scene_1_2025-01-28\patch_0006.npy
738,Nashik,Scene_1_2025-01-28,7,C:\Users\Aditya main\Desktop\Project_Sih\patches\Nashik\Scene_1_2025-01-28\patch_0007.npy,6581,8919,512,100.0,patches\Nashik\Scene_1_2025-01-28\patch_0007.npy
741,Nashik,Scene_1_2025-01-28,10,C:\Users\Aditya main\Desktop\Project_Sih\patches\Nashik\Scene_1_2025-01-28\patch_0010.npy,7093,5335,512,100.0,patches\Nashik\Scene_1_2025-01-28\patch_0010.npy
742,Nashik,Scene_1_2025-01-28,11,C:\Users\Aditya main\Desktop\Project_Sih\patches\Nashik\Scene_1_2025-01-28\patch_0011.npy,7093,5847,512,100.0,patches\Nashik\Scene_1_2025-01-28\patch_0011.npy
743,Nashik,Scene_1_2025-01-28,12,C:\Users\Aditya main\Desktop\Project_Sih\patches\Nashik\Scene_1_2025-01-28\patch_0012.npy,7093,6359,512,100.0,patches\Nashik\Scene_1_2025-01-28\patch_0012.npy
744,Nashik,Scene_1_2025-01-28,13,C:\Users\Aditya main\Desktop\Project_Sih\patches\Nashik\Scene_1_2025-01-28\patch_0013.npy,7093,6871,512,100.0,patches\Nashik\Scene_1_2025-01-28\patch_0013.npy
745,Nashik,Scene_1_2025-01-28,14,C:\Users\Aditya main\Desktop\Project_Sih\patches\Nashik\Scene_1_2025-01-28\patch_0014.npy,7093,7383,512,100.0,patches\Nashik\Scene_1_2025-01-28\patch_0014.npy
746,Nashik,Scene_1_2025-01-28,15,C:\Users\Aditya main\Desktop\Project_Sih\patches\Nashik\Scene_1_2025-01-28\patch_0015.npy,7093,7895,512,100.0,patches\Nashik\Scene_1_2025-01-28\patch_0015.npy
747,Nashik,Scene_1_2025-01-28,16,C:\Users\Aditya main\Desktop\Project_Sih\patches\Nashik\Scene_1_2025-01-28\patch_0016.npy,7093,8407,512,100.0,patches\Nashik\Scene_1_2025-01-28\patch_0016.npy
748,Nashik,Scene_1_2025-01-28,17,C:\Users\Aditya main\Desktop\Project_Sih\patches\Nashik\Scene_1_2025-01-28\patch_0017.npy,7093,8919,512,100.0,patches\Nashik\Scene_1_2025-01-28\patch_0017.npy
751,Nashik,Scene_1_2025-01-28,20,C:\Users\Aditya main\Desktop\Project_Sih\patches\Nashik\Scene_1_2025-01-28\patch_0020.npy,7605,5335,512,100.0,patches\Nashik\Scene_1_2025-01-28\patch_0020.npy
752,Nashik,Scene_1_2025-01-28,21,C:\Users\Aditya main\Desktop\Project_Sih\patches\Nashik\Scene_1_2025-01-28\patch_0021.npy,7605,5847,512,100.0,patches\Nashik\Scene_1_2025-01-28\patch_0021.npy
753,Nashik,Scene_1_2025-01-28,22,C:\Users\Aditya main\Desktop\Project_Sih\patches\Nashik\Scene_1_2025-01-28\patch_0022.npy,7605,6359,512,100.0,patches\Nashik\Scene_1_2025-01-28\patch_0022.npy
754,Nashik,Scene_1_2025-01-28,23,C:\Users\Aditya main\Desktop\Project_Sih\patches\Nashik\Scene_1_2025-01-28\patch_0023.npy,7605,6871,512,100.0,patches\Nashik\Scene_1_2025-01-28\patch_0023.npy
755,Nashik,Scene_1_2025-01-28,24,C:\Users\Aditya main\Desktop\Project_Sih\patches\Nashik\Scene_1_2025-01-28\patch_0024.npy,7605,7383,512,99.67117309570312,patches\Nashik\Scene_1_2025-01-28\patch_0024.npy
756,Nashik,Scene_1_2025-01-28,25,C:\Users\Aditya main\Desktop\Project_Sih\patches\Nashik\Scene_1_2025-01-28\patch_0025.npy,7605,8919,512,100.0,patches\Nashik\Scene_1_2025-01-28\patch_0025.npy
759,Nashik,Scene_1_2025-01-28,28,C:\Users\Aditya main\Desktop\Project_Sih\patches\Nashik\Scene_1_2025-01-28\patch_0028.npy,8117,5335,512,100.0,patches\Nashik\Scene_1_2025-01-28\patch_0028.npy
760,Nashik,Scene_1_2025-01-28,29,C:\Users\Aditya main\Desktop\Project_Sih\patches\Nashik\Scene_1_2025-01-28\patch_0029.npy,8117,5847,512,94.23065185546876,patches\Nashik\Scene_1_2025-01-28\patch_0029.npy
761,Nashik,Scene_1_2025-01-28,30,C:\Users\Aditya main\Desktop\Project_Sih\patches\Nashik\Scene_1_2025-01-28\patch_0030.npy,8117,6359,512,99.94659423828124,patches\Nashik\Scene_1_2025-01-28\patch_0030.npy
762,Nashik,Scene_1_2025-01-28,31,C:\Users\Aditya main\Desktop\Project_Sih\patches\Nashik\Scene_1_2025-01-28\patch_0031.npy,8117,8407,512,99.8931884765625,patches\Nashik\Scene_1_2025-01-28\patch_0031.npy
763,Nashik,Scene_1_2025-01-28,32,C:\Users\Aditya main\Desktop\Project_Sih\patches\Nashik\Scene_1_2025-01-28\patch_0032.npy,8117,8919,512,99.8382568359375,patches\Nashik\Scene_1_2025-01-28\patch_0032.npy
766,Nashik,Scene_1_2025-01-28,35,C:\Users\Aditya main\Desktop\Project_Sih\patches\Nashik\Scene_1_2025-01-28\patch_0035.npy,8629,5335,512,94.65560913085938,patches\Nashik\Scene_1_2025-01-28\patch_0035.npy
767,Nashik,Scene_1_2025-01-28,36,C:\Users\Aditya main\Desktop\Project_Sih\patches\Nashik\Scene_1_2025-01-28\patch_0036.npy,8629,6359,512,96.85592651367188,patches\Nashik\Scene_1_2025-01-28\patch_0036.npy
768,Nashik,Scene_1_2025-01-28,37,C:\Users\Aditya main\Desktop\Project_Sih\patches\Nashik\Scene_1_2025-01-28\patch_0037.npy,8629,6871,512,90.75050354003906,patches\Nashik\Scene_1_2025-01-28\patch_0037.npy
769,Nashik,Scene_1_2025-01-28,38,C:\Users\Aditya main\Desktop\Project_Sih\patches\Nashik\Scene_1_2025-01-28\patch_0038.npy,8629,7895,512,99.25079345703124,patches\Nashik\Scene_1_2025-01-28\patch_0038.npy
770,Nashik,Scene_1_2025-01-28,39,C:\Users\Aditya main\Desktop\Project_Sih\patches\Nashik\Scene_1_2025-01-28\patch_0039.npy,8629,8407,512,98.45046997070312,patches\Nashik\Scene_1_2025-01-28\patch_0039.npy
771,Nashik,Scene_1_2025-01-28,40,C:\Users\Aditya main\Desktop\Project_Sih\patches\Nashik\Scene_1_2025-01-28\patch_0040.npy,8629,8919,512,96.73538208007812,patches\Nashik\Scene_1_2025-01-28\patch_0040.npy
774,Nashik,Scene_1_2025-01-28,43,C:\Users\Aditya main\Desktop\Project_Sih\patches\Nashik\Scene_1_2025-01-28\patch_0043.npy,9141,5335,512,100.0,patches\Nashik\Scene_1_2025-01-28\patch_0043.npy
775,Nashik,Scene_1_2025-01-28,44,C:\Users\Aditya main\Desktop\Project_Sih\patches\Nashik\Scene_1_2025-01-28\patch_0044.npy,9141,5847,512,98.18954467773438,patches\Nashik\Scene_1_2025-01-28\patch_0044.npy
776,Nashik,Scene_1_2025-01-28,45,C:\Users\Aditya main\Desktop\Project_Sih\patches\Nashik\Scene_1_2025-01-28\patch_0045.npy,9141,6359,512,99.95880126953124,patches\Nashik\Scene_1_2025-01-28\patch_0045.npy
777,Nashik,Scene_1_2025-01-28,46,C:\Users\Aditya main\Desktop\Project_Sih\patches\Nashik\Scene_1_2025-01-28\patch_0046.npy,9141,6871,512,100.0,patches\Nashik\Scene_1_2025-01-28\patch_0046.npy
778,Nashik,Scene_1_2025-01-28,47,C:\Users\Aditya main\Desktop\Project_Sih\patches\Nashik\Scene_1_2025-01-28\patch_0047.npy,9141,7383,512,100.0,patches\Nashik\Scene_1_2025-01-28\patch_0047.npy
779,Nashik,Scene_1_2025-01-28,48,C:\Users\Aditya main\Desktop\Project_Sih\patches\Nashik\Scene_1_2025-01-28\patch_0048.npy,9141,7895,512,96.93565368652344,patches\Nashik\Scene_1_2025-01-28\patch_0048.npy
780,Nashik,Scene_1_2025-01-28,49,C:\Users\Aditya main\Desktop\Project_Sih\patches\Nashik\Scene_1_2025-01-28\patch_0049.npy,9141,8407,512,94.99473571777344,patches\Nashik\Scene_1_2025-01-28\patch_0049.npy
781,Nashik,Scene_1_2025-01-28,50,C:\Users\Aditya main\Desktop\Project_Sih\patches\Nashik\Scene_1_2025-01-28\patch_0050.npy,9141,8919,512,99.93133544921876,patches\Nashik\Scene_1_2025-01-28\patch_0050.npy
784,Nashik,Scene_1_2025-01-28,53,C:\Users\Aditya main\Desktop\Project_Sih\patches\Nashik\Scene_1_2025-01-28\patch_0053.npy,9653,5335,512,99.97711181640624,patches\Nashik\Scene_1_2025-01-28\patch_0053.npy
785,Nashik,Scene_1_2025-01-28,54,C:\Users\Aditya main\Desktop\Project_Sih\patches\Nashik\Scene_1_2025-01-28\patch_0054.npy,9653,6359,512,92.54798889160156,patches\Nashik\Scene_1_2025-01-28\patch_0054.npy
786,Nashik,Scene_1_2025-01-28,55,C:\Users\Aditya main\Desktop\Project_Sih\patches\Nashik\Scene_1_2025-01-28\patch_0055.npy,9653,6871,512,99.0081787109375,patches\Nashik\Scene_1_2025-01-28\patch_0055.npy
787,Nashik,Scene_1_2025-01-28,56,C:\Users\Aditya main\Desktop\Project_Sih\patches\Nashik\Scene_1_2025-01-28\patch_0056.npy,9653,8407,512,95.87478637695312,patches\Nashik\Scene_1_2025-01-28\patch_0056.npy
788,Nashik,Scene_1_2025-01-28,57,C:\Users\Aditya main\Desktop\Project_Sih\patches\Nashik\Scene_1_2025-01-28\patch_0057.npy,9653,8919,512,100.0,patches\Nashik\Scene_1_2025-01-28\patch_0057.npy
791,Nashik,Scene_1_2025-01-28,60,C:\Users\Aditya main\Desktop\Project_Sih\patches\Nashik\Scene_1_2025-01-28\patch_0060.npy,10165,5335,512,100.0,patches\Nashik\Scene_1_2025-01-28\patch_0060.npy
792,Nashik,Scene_1_2025-01-28,61,C:\Users\Aditya main\Desktop\Project_Sih\patches\Nashik\Scene_1_2025-01-28\patch_0061.npy,10165,6359,512,98.44894409179688,patches\Nashik\Scene_1_2025-01-28\patch_0061.npy
793,Nashik,Scene_1_2025-01-28,62,C:\Users\Aditya main\Desktop\Project_Sih\patches\Nashik\Scene_1_2025-01-28\patch_0062.npy,10165,6871,512,100.0,patches\Nashik\Scene_1_2025-01-28\patch_0062.npy
794,Nashik,Scene_1_2025-01-28,63,C:\Users\Aditya main\Desktop\Project_Sih\patches\Nashik\Scene_1_2025-01-28\patch_0063.npy,10165,7383,512,95.37239074707033,patches\Nashik\Scene_1_2025-01-28\patch_0063.npy
796,Nashik,Scene_2_2025-02-27,0,C:\Users\Aditya main\Desktop\Project_Sih\patches\Nashik\Scene_2_2025-02-27\patch_0000.npy,6581,5335,512,99.9969482421875,patches\Nashik\Scene_2_2025-02-27\patch_0000.npy
797,Nashik,Scene_2_2025-02-27,1,C:\Users\Aditya main\Desktop\Project_Sih\patches\Nashik\Scene_2_2025-02-27\patch_0001.npy,6581,5847,512,99.93438720703124,patches\Nashik\Scene_2_2025-02-27\patch_0001.npy
798,Nashik,Scene_2_2025-02-27,2,C:\Users\Aditya main\Desktop\Project_Sih\patches\Nashik\Scene_2_2025-02-27\patch_0002.npy,6581,6359,512,100.0,patches\Nashik\Scene_2_2025-02-27\patch_0002.npy
799,Nashik,Scene_2_2025-02-27,3,C:\Users\Aditya main\Desktop\Project_Sih\patches\Nashik\Scene_2_2025-02-27\patch_0003.npy,6581,6871,512,93.5260772705078,patches\Nashik\Scene_2_2025-02-27\patch_0003.npy
800,Nashik,Scene_2_2025-02-27,4,C:\Users\Aditya main\Desktop\Project_Sih\patches\Nashik\Scene_2_2025-02-27\patch_0004.npy,7093,5335,512,100.0,patches\Nashik\Scene_2_2025-02-27\patch_0004.npy
801,Nashik,Scene_2_2025-02-27,5,C:\Users\Aditya main\Desktop\Project_Sih\patches\Nashik\Scene_2_2025-02-27\patch_0005.npy,7093,5847,512,100.0,patches\Nashik\Scene_2_2025-02-27\patch_0005.npy
802,Nashik,Scene_2_2025-02-27,6,C:\Users\Aditya main\Desktop\Project_Sih\patches\Nashik\Scene_2_2025-02-27\patch_0006.npy,7093,6359,512,99.77569580078124,patches\Nashik\Scene_2_2025-02-27\patch_0006.npy
803,Nashik,Scene_2_2025-02-27,7,C:\Users\Aditya main\Desktop\Project_Sih\patches\Nashik\Scene_2_2025-02-27\patch_0007.npy,7093,6871,512,98.41423034667967,patches\Nashik\Scene_2_2025-02-27\patch_0007.npy
804,Nashik,Scene_2_2025-02-27,8,C:\Users\Aditya main\Desktop\Project_Sih\patches\Nashik\Scene_2_2025-02-27\patch_0008.npy,7605,5335,512,100.0,patches\Nashik\Scene_2_2025-02-27\patch_0008.npy
805,Nashik,Scene_2_2025-02-27,9,C:\Users\Aditya main\Desktop\Project_Sih\patches\Nashik\Scene_2_2025-02-27\patch_0009.npy,7605,5847,512,100.0,patches\Nashik\Scene_2_2025-02-27\patch_0009.npy
806,Nashik,Scene_2_2025-02-27,10,C:\Users\Aditya main\Desktop\Project_Sih\patches\Nashik\Scene_2_2025-02-27\patch_0010.npy,7605,6359,512,100.0,patches\Nashik\Scene_2_2025-02-27\patch_0010.npy
807,Nashik,Scene_2_2025-02-27,11,C:\Users\Aditya main\Desktop\Project_Sih\patches\Nashik\Scene_2_2025-02-27\patch_0011.npy,8117,5335,512,99.61929321289062,patches\Nashik\Scene_2_2025-02-27\patch_0011.npy
808,Nashik,Scene_2_2025-02-27,12,C:\Users\Aditya main\Desktop\Project_Sih\patches\Nashik\Scene_2_2025-02-27\patch_0012.npy,8117,5847,512,99.83444213867188,patches\Nashik\Scene_2_2025-02-27\patch_0012.npy
809,Nashik,Scene_2_2025-02-27,13,C:\Users\Aditya main\Desktop\Project_Sih\patches\Nashik\Scene_2_2025-02-27\patch_0013.npy,8117,6359,512,99.9725341796875,patches\Nashik\Scene_2_2025-02-27\patch_0013.npy
810,Nashik,Scene_2_2025-02-27,14,C:\Users\Aditya main\Desktop\Project_Sih\patches\Nashik\Scene_2_2025-02-27\patch_0014.npy,8117,6871,512,97.24273681640624,patches\Nashik\Scene_2_2025-02-27\patch_0014.npy
811,Nashik,Scene_2_2025-02-27,15,C:\Users\Aditya main\Desktop\Project_Sih\patches\Nashik\Scene_2_2025-02-27\patch_0015.npy,8117,7383,512,91.8071746826172,patches\Nashik\Scene_2_2025-02-27\patch_0015.npy
812,Nashik,Scene_2_2025-02-27,16,C:\Users\Aditya main\Desktop\Project_Sih\patches\Nashik\Scene_2_2025-02-27\patch_0016.npy,8629,5335,512,98.31695556640624,patches\Nashik\Scene_2_2025-02-27\patch_0016.npy
813,Nashik,Scene_2_2025-02-27,17,C:\Users\Aditya main\Desktop\Project_Sih\patches\Nashik\Scene_2_2025-02-27\patch_0017.npy,8629,5847,512,100.0,patches\Nashik\Scene_2_2025-02-27\patch_0017.npy
814,Nashik,Scene_2_2025-02-27,18,C:\Users\Aditya main\Desktop\Project_Sih\patches\Nashik\Scene_2_2025-02-27\patch_0018.npy,8629,6359,512,100.0,patches\Nashik\Scene_2_2025-02-27\patch_0018.npy
815,Nashik,Scene_2_2025-02-27,19,C:\Users\Aditya main\Desktop\Project_Sih\patches\Nashik\Scene_2_2025-02-27\patch_0019.npy,8629,6871,512,98.64349365234376,patches\Nashik\Scene_2_2025-02-27\patch_0019.npy
817,Nashik,Scene_2_2025-02-27,21,C:\Users\Aditya main\Desktop\Project_Sih\patches\Nashik\Scene_2_2025-02-27\patch_0021.npy,9141,5335,512,100.0,patches\Nashik\Scene_2_2025-02-27\patch_0021.npy
818,Nashik,Scene_2_2025-02-27,22,C:\Users\Aditya main\Desktop\Project_Sih\patches\Nashik\Scene_2_2025-02-27\patch_0022.npy,9141,5847,512,99.99847412109376,patches\Nashik\Scene_2_2025-02-27\patch_0022.npy
819,Nashik,Scene_2_2025-02-27,23,C:\Users\Aditya main\Desktop\Project_Sih\patches\Nashik\Scene_2_2025-02-27\patch_0023.npy,9141,6359,512,100.0,patches\Nashik\Scene_2_2025-02-27\patch_0023.npy
820,Nashik,Scene_2_2025-02-27,24,C:\Users\Aditya main\Desktop\Project_Sih\patches\Nashik\Scene_2_2025-02-27\patch_0024.npy,9141,6871,512,100.0,patches\Nashik\Scene_2_2025-02-27\patch_0024.npy
821,Nashik,Scene_2_2025-02-27,25,C:\Users\Aditya main\Desktop\Project_Sih\patches\Nashik\Scene_2_2025-02-27\patch_0025.npy,9141,7383,512,95.44601440429688,patches\Nashik\Scene_2_2025-02-27\patch_0025.npy
824,Nashik,Scene_2_2025-02-27,28,C:\Users\Aditya main\Desktop\Project_Sih\patches\Nashik\Scene_2_2025-02-27\patch_0028.npy,9653,5335,512,100.0,patches\Nashik\Scene_2_2025-02-27\patch_0028.npy
825,Nashik,Scene_2_2025-02-27,29,C:\Users\Aditya main\Desktop\Project_Sih\patches\Nashik\Scene_2_2025-02-27\patch_0029.npy,9653,5847,512,100.0,patches\Nashik\Scene_2_2025-02-27\patch_0029.npy
826,Nashik,Scene_2_2025-02-27,30,C:\Users\Aditya main\Desktop\Project_Sih\patches\Nashik\Scene_2_2025-02-27\patch_0030.npy,9653,6359,512,100.0,patches\Nashik\Scene_2_2025-02-27\patch_0030.npy
827,Nashik,Scene_2_2025-02-27,31,C:\Users\Aditya main\Desktop\Project_Sih\patches\Nashik\Scene_2_2025-02-27\patch_0031.npy,9653,6871,512,100.0,patches\Nashik\Scene_2_2025-02-27\patch_0031.npy
828,Nashik,Scene_2_2025-02-27,32,C:\Users\Aditya main\Desktop\Project_Sih\patches\Nashik\Scene_2_2025-02-27\patch_0032.npy,9653,7383,512,99.981689453125,patches\Nashik\Scene_2_2025-02-27\patch_0032.npy
829,Nashik,Scene_2_2025-02-27,33,C:\Users\Aditya main\Desktop\Project_Sih\patches\Nashik\Scene_2_2025-02-27\patch_0033.npy,9653,8919,512,97.04360961914062,patches\Nashik\Scene_2_2025-02-27\patch_0033.npy
832,Nashik,Scene_2_2025-02-27,36,C:\Users\Aditya main\Desktop\Project_Sih\patches\Nashik\Scene_2_2025-02-27\patch_0036.npy,10165,5335,512,100.0,patches\Nashik\Scene_2_2025-02-27\patch_0036.npy
833,Nashik,Scene_2_2025-02-27,37,C:\Users\Aditya main\Desktop\Project_Sih\patches\Nashik\Scene_2_2025-02-27\patch_0037.npy,10165,5847,512,100.0,patches\Nashik\Scene_2_2025-02-27\patch_0037.npy
834,Nashik,Scene_2_2025-02-27,38,C:\Users\Aditya main\Desktop\Project_Sih\patches\Nashik\Scene_2_2025-02-27\patch_0038.npy,10165,6359,512,100.0,patches\Nashik\Scene_2_2025-02-27\patch_0038.npy
835,Nashik,Scene_2_2025-02-27,39,C:\Users\Aditya main\Desktop\Project_Sih\patches\Nashik\Scene_2_2025-02-27\patch_0039.npy,10165,6871,512,100.0,patches\Nashik\Scene_2_2025-02-27\patch_0039.npy
836,Nashik,Scene_2_2025-02-27,40,C:\Users\Aditya main\Desktop\Project_Sih\patches\Nashik\Scene_2_2025-02-27\patch_0040.npy,10165,7383,512,100.0,patches\Nashik\Scene_2_2025-02-27\patch_0040.npy
837,Nashik,Scene_2_2025-02-27,41,C:\Users\Aditya main\Desktop\Project_Sih\patches\Nashik\Scene_2_2025-02-27\patch_0041.npy,10165,7895,512,99.4384765625,patches\Nashik\Scene_2_2025-02-27\patch_0041.npy
838,Nashik,Scene_2_2025-02-27,42,C:\Users\Aditya main\Desktop\Project_Sih\patches\Nashik\Scene_2_2025-02-27\patch_0042.npy,10165,8407,512,99.32861328125,patches\Nashik\Scene_2_2025-02-27\patch_0042.npy
839,Nashik,Scene_2_2025-02-27,43,C:\Users\Aditya main\Desktop\Project_Sih\patches\Nashik\Scene_2_2025-02-27\patch_0043.npy,10165,8919,512,98.12774658203124,patches\Nashik\Scene_2_2025-02-27\patch_0043.npy
842,Nashik,Scene_3_2025-04-28,0,C:\Users\Aditya main\Desktop\Project_Sih\patches\Nashik\Scene_3_2025-04-28\patch_0000.npy,6581,5335,512,100.0,patches\Nashik\Scene_3_2025-04-28\patch_0000.npy
843,Nashik,Scene_3_2025-04-28,1,C:\Users\Aditya main\Desktop\Project_Sih\patches\Nashik\Scene_3_2025-04-28\patch_0001.npy,6581,5847,512,100.0,patches\Nashik\Scene_3_2025-04-28\patch_0001.npy
844,Nashik,Scene_3_2025-04-28,2,C:\Users\Aditya main\Desktop\Project_Sih\patches\Nashik\Scene_3_2025-04-28\patch_0002.npy,6581,6359,512,100.0,patches\Nashik\Scene_3_2025-04-28\patch_0002.npy
845,Nashik,Scene_3_2025-04-28,3,C:\Users\Aditya main\Desktop\Project_Sih\patches\Nashik\Scene_3_2025-04-28\patch_0003.npy,6581,6871,512,100.0,patches\Nashik\Scene_3_2025-04-28\patch_0003.npy
846,Nashik,Scene_3_2025-04-28,4,C:\Users\Aditya main\Desktop\Project_Sih\patches\Nashik\Scene_3_2025-04-28\patch_0004.npy,6581,7383,512,100.0,patches\Nashik\Scene_3_2025-04-28\patch_0004.npy
847,Nashik,Scene_3_2025-04-28,5,C:\Users\Aditya main\Desktop\Project_Sih\patches\Nashik\Scene_3_2025-04-28\patch_0005.npy,6581,7895,512,100.0,patches\Nashik\Scene_3_2025-04-28\patch_0005.npy
848,Nashik,Scene_3_2025-04-28,6,C:\Users\Aditya main\Desktop\Project_Sih\patches\Nashik\Scene_3_2025-04-28\patch_0006.npy,6581,8407,512,100.0,patches\Nashik\Scene_3_2025-04-28\patch_0006.npy
849,Nashik,Scene_3_2025-04-28,7,C:\Users\Aditya main\Desktop\Project_Sih\patches\Nashik\Scene_3_2025-04-28\patch_0007.npy,6581,8919,512,100.0,patches\Nashik\Scene_3_2025-04-28\patch_0007.npy
852,Nashik,Scene_3_2025-04-28,10,C:\Users\Aditya main\Desktop\Project_Sih\patches\Nashik\Scene_3_2025-04-28\patch_0010.npy,7093,5335,512,100.0,patches\Nashik\Scene_3_2025-04-28\patch_0010.npy
853,Nashik,Scene_3_2025-04-28,11,C:\Users\Aditya main\Desktop\Project_Sih\patches\Nashik\Scene_3_2025-04-28\patch_0011.npy,7093,5847,512,100.0,patches\Nashik\Scene_3_2025-04-28\patch_0011.npy
854,Nashik,Scene_3_2025-04-28,12,C:\Users\Aditya main\Desktop\Project_Sih\patches\Nashik\Scene_3_2025-04-28\patch_0012.npy,7093,6359,512,100.0,patches\Nashik\Scene_3_2025-04-28\patch_0012.npy
855,Nashik,Scene_3_2025-04-28,13,C:\Users\Aditya main\Desktop\Project_Sih\patches\Nashik\Scene_3_2025-04-28\patch_0013.npy,7093,6871,512,100.0,patches\Nashik\Scene_3_2025-04-28\patch_0013.npy
856,Nashik,Scene_3_2025-04-28,14,C:\Users\Aditya main\Desktop\Project_Sih\patches\Nashik\Scene_3_2025-04-28\patch_0014.npy,7093,7383,512,100.0,patches\Nashik\Scene_3_2025-04-28\patch_0014.npy
857,Nashik,Scene_3_2025-04-28,15,C:\Users\Aditya main\Desktop\Project_Sih\patches\Nashik\Scene_3_2025-04-28\patch_0015.npy,7093,7895,512,100.0,patches\Nashik\Scene_3_2025-04-28\patch_0015.npy
858,Nashik,Scene_3_2025-04-28,16,C:\Users\Aditya main\Desktop\Project_Sih\patches\Nashik\Scene_3_2025-04-28\patch_0016.npy,7093,8407,512,100.0,patches\Nashik\Scene_3_2025-04-28\patch_0016.npy
859,Nashik,Scene_3_2025-04-28,17,C:\Users\Aditya main\Desktop\Project_Sih\patches\Nashik\Scene_3_2025-04-28\patch_0017.npy,7093,8919,512,100.0,patches\Nashik\Scene_3_2025-04-28\patch_0017.npy
862,Nashik,Scene_3_2025-04-28,20,C:\Users\Aditya main\Desktop\Project_Sih\patches\Nashik\Scene_3_2025-04-28\patch_0020.npy,7605,5335,512,100.0,patches\Nashik\Scene_3_2025-04-28\patch_0020.npy
863,Nashik,Scene_3_2025-04-28,21,C:\Users\Aditya main\Desktop\Project_Sih\patches\Nashik\Scene_3_2025-04-28\patch_0021.npy,7605,5847,512,100.0,patches\Nashik\Scene_3_2025-04-28\patch_0021.npy
864,Nashik,Scene_3_2025-04-28,22,C:\Users\Aditya main\Desktop\Project_Sih\patches\Nashik\Scene_3_2025-04-28\patch_0022.npy,7605,6359,512,100.0,patches\Nashik\Scene_3_2025-04-28\patch_0022.npy
865,Nashik,Scene_3_2025-04-28,23,C:\Users\Aditya main\Desktop\Project_Sih\patches\Nashik\Scene_3_2025-04-28\patch_0023.npy,7605,6871,512,100.0,patches\Nashik\Scene_3_2025-04-28\patch_0023.npy
866,Nashik,Scene_3_2025-04-28,24,C:\Users\Aditya main\Desktop\Project_Sih\patches\Nashik\Scene_3_2025-04-28\patch_0024.npy,7605,7383,512,100.0,patches\Nashik\Scene_3_2025-04-28\patch_0024.npy
867,Nashik,Scene_3_2025-04-28,25,C:\Users\Aditya main\Desktop\Project_Sih\patches\Nashik\Scene_3_2025-04-28\patch_0025.npy,7605,7895,512,100.0,patches\Nashik\Scene_3_2025-04-28\patch_0025.npy
868,Nashik,Scene_3_2025-04-28,26,C:\Users\Aditya main\Desktop\Project_Sih\patches\Nashik\Scene_3_2025-04-28\patch_0026.npy,7605,8407,512,100.0,patches\Nashik\Scene_3_2025-04-28\patch_0026.npy
869,Nashik,Scene_3_2025-04-28,27,C:\Users\Aditya main\Desktop\Project_Sih\patches\Nashik\Scene_3_2025-04-28\patch_0027.npy,7605,8919,512,100.0,patches\Nashik\Scene_3_2025-04-28\patch_0027.npy
872,Nashik,Scene_3_2025-04-28,30,C:\Users\Aditya main\Desktop\Project_Sih\patches\Nashik\Scene_3_2025-04-28\patch_0030.npy,8117,5335,512,100.0,patches\Nashik\Scene_3_2025-04-28\patch_0030.npy
873,Nashik,Scene_3_2025-04-28,31,C:\Users\Aditya main\Desktop\Project_Sih\patches\Nashik\Scene_3_2025-04-28\patch_0031.npy,8117,5847,512,100.0,patches\Nashik\Scene_3_2025-04-28\patch_0031.npy
874,Nashik,Scene_3_2025-04-28,32,C:\Users\Aditya main\Desktop\Project_Sih\patches\Nashik\Scene_3_2025-04-28\patch_0032.npy,8117,6359,512,100.0,patches\Nashik\Scene_3_2025-04-28\patch_0032.npy
875,Nashik,Scene_3_2025-04-28,33,C:\Users\Aditya main\Desktop\Project_Sih\patches\Nashik\Scene_3_2025-04-28\patch_0033.npy,8117,6871,512,100.0,patches\Nashik\Scene_3_2025-04-28\patch_0033.npy
876,Nashik,Scene_3_2025-04-28,34,C:\Users\Aditya main\Desktop\Project_Sih\patches\Nashik\Scene_3_2025-04-28\patch_0034.npy,8117,7383,512,100.0,patches\Nashik\Scene_3_2025-04-28\patch_0034.npy
877,Nashik,Scene_3_2025-04-28,35,C:\Users\Aditya main\Desktop\Project_Sih\patches\Nashik\Scene_3_2025-04-28\patch_0035.npy,8117,7895,512,100.0,patches\Nashik\Scene_3_2025-04-28\patch_0035.npy
878,Nashik,Scene_3_2025-04-28,36,C:\Users\Aditya main\Desktop\Project_Sih\patches\Nashik\Scene_3_2025-04-28\patch_0036.npy,8117,8407,512,100.0,patches\Nashik\Scene_3_2025-04-28\patch_0036.npy
879,Nashik,Scene_3_2025-04-28,37,C:\Users\Aditya main\Desktop\Project_Sih\patches\Nashik\Scene_3_2025-04-28\patch_0037.npy,8117,8919,512,100.0,patches\Nashik\Scene_3_2025-04-28\patch_0037.npy
882,Nashik,Scene_3_2025-04-28,40,C:\Users\Aditya main\Desktop\Project_Sih\patches\Nashik\Scene_3_2025-04-28\patch_0040.npy,8629,5335,512,100.0,patches\Nashik\Scene_3_2025-04-28\patch_0040.npy
883,Nashik,Scene_3_2025-04-28,41,C:\Users\Aditya main\Desktop\Project_Sih\patches\Nashik\Scene_3_2025-04-28\patch_0041.npy,8629,5847,512,100.0,patches\Nashik\Scene_3_2025-04-28\patch_0041.npy
884,Nashik,Scene_3_2025-04-28,42,C:\Users\Aditya main\Desktop\Project_Sih\patches\Nashik\Scene_3_2025-04-28\patch_0042.npy,8629,6359,512,100.0,patches\Nashik\Scene_3_2025-04-28\patch_0042.npy
885,Nashik,Scene_3_2025-04-28,43,C:\Users\Aditya main\Desktop\Project_Sih\patches\Nashik\Scene_3_2025-04-28\patch_0043.npy,8629,6871,512,100.0,patches\Nashik\Scene_3_2025-04-28\patch_0043.npy
886,Nashik,Scene_3_2025-04-28,44,C:\Users\Aditya main\Desktop\Project_Sih\patches\Nashik\Scene_3_2025-04-28\patch_0044.npy,8629,7383,512,100.0,patches\Nashik\Scene_3_2025-04-28\patch_0044.npy
887,Nashik,Scene_3_2025-04-28,45,C:\Users\Aditya main\Desktop\Project_Sih\patches\Nashik\Scene_3_2025-04-28\patch_0045.npy,8629,7895,512,99.59716796875,patches\Nashik\Scene_3_2025-04-28\patch_0045.npy
888,Nashik,Scene_3_2025-04-28,46,C:\Users\Aditya main\Desktop\Project_Sih\patches\Nashik\Scene_3_2025-04-28\patch_0046.npy,8629,8407,512,99.24163818359376,patches\Nashik\Scene_3_2025-04-28\patch_0046.npy
889,Nashik,Scene_3_2025-04-28,47,C:\Users\Aditya main\Desktop\Project_Sih\patches\Nashik\Scene_3_2025-04-28\patch_0047.npy,8629,8919,512,100.0,patches\Nashik\Scene_3_2025-04-28\patch_0047.npy
892,Nashik,Scene_3_2025-04-28,50,C:\Users\Aditya main\Desktop\Project_Sih\patches\Nashik\Scene_3_2025-04-28\patch_0050.npy,9141,5335,512,100.0,patches\Nashik\Scene_3_2025-04-28\patch_0050.npy
893,Nashik,Scene_3_2025-04-28,51,C:\Users\Aditya main\Desktop\Project_Sih\patches\Nashik\Scene_3_2025-04-28\patch_0051.npy,9141,5847,512,100.0,patches\Nashik\Scene_3_2025-04-28\patch_0051.npy
894,Nashik,Scene_3_2025-04-28,52,C:\Users\Aditya main\Desktop\Project_Sih\patches\Nashik\Scene_3_2025-04-28\patch_0052.npy,9141,6359,512,100.0,patches\Nashik\Scene_3_2025-04-28\patch_0052.npy
895,Nashik,Scene_3_2025-04-28,53,C:\Users\Aditya main\Desktop\Project_Sih\patches\Nashik\Scene_3_2025-04-28\patch_0053.npy,9141,6871,512,100.0,patches\Nashik\Scene_3_2025-04-28\patch_0053.npy
896,Nashik,Scene_3_2025-04-28,54,C:\Users\Aditya main\Desktop\Project_Sih\patches\Nashik\Scene_3_2025-04-28\patch_0054.npy,9141,7383,512,100.0,patches\Nashik\Scene_3_2025-04-28\patch_0054.npy
897,Nashik,Scene_3_2025-04-28,55,C:\Users\Aditya main\Desktop\Project_Sih\patches\Nashik\Scene_3_2025-04-28\patch_0055.npy,9141,7895,512,100.0,patches\Nashik\Scene_3_2025-04-28\patch_0055.npy
898,Nashik,Scene_3_2025-04-28,56,C:\Users\Aditya main\Desktop\Project_Sih\patches\Nashik\Scene_3_2025-04-28\patch_0056.npy,9141,8407,512,100.0,patches\Nashik\Scene_3_2025-04-28\patch_0056.npy
899,Nashik,Scene_3_2025-04-28,57,C:\Users\Aditya main\Desktop\Project_Sih\patches\Nashik\Scene_3_2025-04-28\patch_0057.npy,9141,8919,512,100.0,patches\Nashik\Scene_3_2025-04-28\patch_0057.npy
902,Nashik,Scene_3_2025-04-28,60,C:\Users\Aditya main\Desktop\Project_Sih\patches\Nashik\Scene_3_2025-04-28\patch_0060.npy,9653,5335,512,100.0,patches\Nashik\Scene_3_2025-04-28\patch_0060.npy
903,Nashik,Scene_3_2025-04-28,61,C:\Users\Aditya main\Desktop\Project_Sih\patches\Nashik\Scene_3_2025-04-28\patch_0061.npy,9653,5847,512,100.0,patches\Nashik\Scene_3_2025-04-28\patch_0061.npy
904,Nashik,Scene_3_2025-04-28,62,C:\Users\Aditya main\Desktop\Project_Sih\patches\Nashik\Scene_3_2025-04-28\patch_0062.npy,9653,6359,512,100.0,patches\Nashik\Scene_3_2025-04-28\patch_0062.npy
905,Nashik,Scene_3_2025-04-28,63,C:\Users\Aditya main\Desktop\Project_Sih\patches\Nashik\Scene_3_2025-04-28\patch_0063.npy,9653,6871,512,100.0,patches\Nashik\Scene_3_2025-04-28\patch_0063.npy
906,Nashik,Scene_3_2025-04-28,64,C:\Users\Aditya main\Desktop\Project_Sih\patches\Nashik\Scene_3_2025-04-28\patch_0064.npy,9653,7383,512,100.0,patches\Nashik\Scene_3_2025-04-28\patch_0064.npy
907,Nashik,Scene_3_2025-04-28,65,C:\Users\Aditya main\Desktop\Project_Sih\patches\Nashik\Scene_3_2025-04-28\patch_0065.npy,9653,7895,512,100.0,patches\Nashik\Scene_3_2025-04-28\patch_0065.npy
908,Nashik,Scene_3_2025-04-28,66,C:\Users\Aditya main\Desktop\Project_Sih\patches\Nashik\Scene_3_2025-04-28\patch_0066.npy,9653,8407,512,100.0,patches\Nashik\Scene_3_2025-04-28\patch_0066.npy
909,Nashik,Scene_3_2025-04-28,67,C:\Users\Aditya main\Desktop\Project_Sih\patches\Nashik\Scene_3_2025-04-28\patch_0067.npy,9653,8919,512,99.981689453125,patches\Nashik\Scene_3_2025-04-28\patch_0067.npy
912,Nashik,Scene_3_2025-04-28,70,C:\Users\Aditya main\Desktop\Project_Sih\patches\Nashik\Scene_3_2025-04-28\patch_0070.npy,10165,5335,512,100.0,patches\Nashik\Scene_3_2025-04-28\patch_0070.npy
913,Nashik,Scene_3_2025-04-28,71,C:\Users\Aditya main\Desktop\Project_Sih\patches\Nashik\Scene_3_2025-04-28\patch_0071.npy,10165,5847,512,100.0,patches\Nashik\Scene_3_2025-04-28\patch_0071.npy
914,Nashik,Scene_3_2025-04-28,72,C:\Users\Aditya main\Desktop\Project_Sih\patches\Nashik\Scene_3_2025-04-28\patch_0072.npy,10165,6359,512,100.0,patches\Nashik\Scene_3_2025-04-28\patch_0072.npy
915,Nashik,Scene_3_2025-04-28,73,C:\Users\Aditya main\Desktop\Project_Sih\patches\Nashik\Scene_3_2025-04-28\patch_0073.npy,10165,6871,512,100.0,patches\Nashik\Scene_3_2025-04-28\patch_0073.npy
916,Nashik,Scene_3_2025-04-28,74,C:\Users\Aditya main\Desktop\Project_Sih\patches\Nashik\Scene_3_2025-04-28\patch_0074.npy,10165,7383,512,100.0,patches\Nashik\Scene_3_2025-04-28\patch_0074.npy
917,Nashik,Scene_3_2025-04-28,75,C:\Users\Aditya main\Desktop\Project_Sih\patches\Nashik\Scene_3_2025-04-28\patch_0075.npy,10165,7895,512,100.0,patches\Nashik\Scene_3_2025-04-28\patch_0075.npy
918,Nashik,Scene_3_2025-04-28,76,C:\Users\Aditya main\Desktop\Project_Sih\patches\Nashik\Scene_3_2025-04-28\patch_0076.npy,10165,8407,512,100.0,patches\Nashik\Scene_3_2025-04-28\patch_0076.npy
919,Nashik,Scene_3_2025-04-28,77,C:\Users\Aditya main\Desktop\Project_Sih\patches\Nashik\Scene_3_2025-04-28\patch_0077.npy,10165,8919,512,100.0,patches\Nashik\Scene_3_2025-04-28\patch_0077.npy
922,Nashik,Scene_4_2025-03-29,0,C:\Users\Aditya main\Desktop\Project_Sih\patches\Nashik\Scene_4_2025-03-29\patch_0000.npy,6581,5335,512,100.0,patches\Nashik\Scene_4_2025-03-29\patch_0000.npy
923,Nashik,Scene_4_2025-03-29,1,C:\Users\Aditya main\Desktop\Project_Sih\patches\Nashik\Scene_4_2025-03-29\patch_0001.npy,6581,5847,512,100.0,patches\Nashik\Scene_4_2025-03-29\patch_0001.npy
924,Nashik,Scene_4_2025-03-29,2,C:\Users\Aditya main\Desktop\Project_Sih\patches\Nashik\Scene_4_2025-03-29\patch_0002.npy,6581,6359,512,100.0,patches\Nashik\Scene_4_2025-03-29\patch_0002.npy
925,Nashik,Scene_4_2025-03-29,3,C:\Users\Aditya main\Desktop\Project_Sih\patches\Nashik\Scene_4_2025-03-29\patch_0003.npy,6581,6871,512,100.0,patches\Nashik\Scene_4_2025-03-29\patch_0003.npy
926,Nashik,Scene_4_2025-03-29,4,C:\Users\Aditya main\Desktop\Project_Sih\patches\Nashik\Scene_4_2025-03-29\patch_0004.npy,6581,7383,512,100.0,patches\Nashik\Scene_4_2025-03-29\patch_0004.npy
927,Nashik,Scene_4_2025-03-29,5,C:\Users\Aditya main\Desktop\Project_Sih\patches\Nashik\Scene_4_2025-03-29\patch_0005.npy,6581,7895,512,100.0,patches\Nashik\Scene_4_2025-03-29\patch_0005.npy
928,Nashik,Scene_4_2025-03-29,6,C:\Users\Aditya main\Desktop\Project_Sih\patches\Nashik\Scene_4_2025-03-29\patch_0006.npy,6581,8407,512,100.0,patches\Nashik\Scene_4_2025-03-29\patch_0006.npy
929,Nashik,Scene_4_2025-03-29,7,C:\Users\Aditya main\Desktop\Project_Sih\patches\Nashik\Scene_4_2025-03-29\patch_0007.npy,6581,8919,512,100.0,patches\Nashik\Scene_4_2025-03-29\patch_0007.npy
932,Nashik,Scene_4_2025-03-29,10,C:\Users\Aditya main\Desktop\Project_Sih\patches\Nashik\Scene_4_2025-03-29\patch_0010.npy,7093,5335,512,100.0,patches\Nashik\Scene_4_2025-03-29\patch_0010.npy
933,Nashik,Scene_4_2025-03-29,11,C:\Users\Aditya main\Desktop\Project_Sih\patches\Nashik\Scene_4_2025-03-29\patch_0011.npy,7093,5847,512,100.0,patches\Nashik\Scene_4_2025-03-29\patch_0011.npy
934,Nashik,Scene_4_2025-03-29,12,C:\Users\Aditya main\Desktop\Project_Sih\patches\Nashik\Scene_4_2025-03-29\patch_0012.npy,7093,6359,512,100.0,patches\Nashik\Scene_4_2025-03-29\patch_0012.npy
935,Nashik,Scene_4_2025-03-29,13,C:\Users\Aditya main\Desktop\Project_Sih\patches\Nashik\Scene_4_2025-03-29\patch_0013.npy,7093,6871,512,100.0,patches\Nashik\Scene_4_2025-03-29\patch_0013.npy
936,Nashik,Scene_4_2025-03-29,14,C:\Users\Aditya main\Desktop\Project_Sih\patches\Nashik\Scene_4_2025-03-29\patch_0014.npy,7093,7383,512,100.0,patches\Nashik\Scene_4_2025-03-29\patch_0014.npy
937,Nashik,Scene_4_2025-03-29,15,C:\Users\Aditya main\Desktop\Project_Sih\patches\Nashik\Scene_4_2025-03-29\patch_0015.npy,7093,7895,512,100.0,patches\Nashik\Scene_4_2025-03-29\patch_0015.npy
938,Nashik,Scene_4_2025-03-29,16,C:\Users\Aditya main\Desktop\Project_Sih\patches\Nashik\Scene_4_2025-03-29\patch_0016.npy,7093,8407,512,100.0,patches\Nashik\Scene_4_2025-03-29\patch_0016.npy
939,Nashik,Scene_4_2025-03-29,17,C:\Users\Aditya main\Desktop\Project_Sih\patches\Nashik\Scene_4_2025-03-29\patch_0017.npy,7093,8919,512,100.0,patches\Nashik\Scene_4_2025-03-29\patch_0017.npy
942,Nashik,Scene_4_2025-03-29,20,C:\Users\Aditya main\Desktop\Project_Sih\patches\Nashik\Scene_4_2025-03-29\patch_0020.npy,7605,5335,512,99.99847412109376,patches\Nashik\Scene_4_2025-03-29\patch_0020.npy
943,Nashik,Scene_4_2025-03-29,21,C:\Users\Aditya main\Desktop\Project_Sih\patches\Nashik\Scene_4_2025-03-29\patch_0021.npy,7605,5847,512,100.0,patches\Nashik\Scene_4_2025-03-29\patch_0021.npy
944,Nashik,Scene_4_2025-03-29,22,C:\Users\Aditya main\Desktop\Project_Sih\patches\Nashik\Scene_4_2025-03-29\patch_0022.npy,7605,6359,512,100.0,patches\Nashik\Scene_4_2025-03-29\patch_0022.npy
945,Nashik,Scene_4_2025-03-29,23,C:\Users\Aditya main\Desktop\Project_Sih\patches\Nashik\Scene_4_2025-03-29\patch_0023.npy,7605,6871,512,100.0,patches\Nashik\Scene_4_2025-03-29\patch_0023.npy
946,Nashik,Scene_4_2025-03-29,24,C:\Users\Aditya main\Desktop\Project_Sih\patches\Nashik\Scene_4_2025-03-29\patch_0024.npy,7605,7383,512,100.0,patches\Nashik\Scene_4_2025-03-29\patch_0024.npy
947,Nashik,Scene_4_2025-03-29,25,C:\Users\Aditya main\Desktop\Project_Sih\patches\Nashik\Scene_4_2025-03-29\patch_0025.npy,7605,7895,512,100.0,patches\Nashik\Scene_4_2025-03-29\patch_0025.npy
948,Nashik,Scene_4_2025-03-29,26,C:\Users\Aditya main\Desktop\Project_Sih\patches\Nashik\Scene_4_2025-03-29\patch_0026.npy,7605,8407,512,100.0,patches\Nashik\Scene_4_2025-03-29\patch_0026.npy
949,Nashik,Scene_4_2025-03-29,27,C:\Users\Aditya main\Desktop\Project_Sih\patches\Nashik\Scene_4_2025-03-29\patch_0027.npy,7605,8919,512,100.0,patches\Nashik\Scene_4_2025-03-29\patch_0027.npy
952,Nashik,Scene_4_2025-03-29,30,C:\Users\Aditya main\Desktop\Project_Sih\patches\Nashik\Scene_4_2025-03-29\patch_0030.npy,8117,5335,512,100.0,patches\Nashik\Scene_4_2025-03-29\patch_0030.npy
953,Nashik,Scene_4_2025-03-29,31,C:\Users\Aditya main\Desktop\Project_Sih\patches\Nashik\Scene_4_2025-03-29\patch_0031.npy,8117,5847,512,100.0,patches\Nashik\Scene_4_2025-03-29\patch_0031.npy
954,Nashik,Scene_4_2025-03-29,32,C:\Users\Aditya main\Desktop\Project_Sih\patches\Nashik\Scene_4_2025-03-29\patch_0032.npy,8117,6359,512,100.0,patches\Nashik\Scene_4_2025-03-29\patch_0032.npy
955,Nashik,Scene_4_2025-03-29,33,C:\Users\Aditya main\Desktop\Project_Sih\patches\Nashik\Scene_4_2025-03-29\patch_0033.npy,8117,6871,512,100.0,patches\Nashik\Scene_4_2025-03-29\patch_0033.npy
956,Nashik,Scene_4_2025-03-29,34,C:\Users\Aditya main\Desktop\Project_Sih\patches\Nashik\Scene_4_2025-03-29\patch_0034.npy,8117,7383,512,100.0,patches\Nashik\Scene_4_2025-03-29\patch_0034.npy
957,Nashik,Scene_4_2025-03-29,35,C:\Users\Aditya main\Desktop\Project_Sih\patches\Nashik\Scene_4_2025-03-29\patch_0035.npy,8117,7895,512,100.0,patches\Nashik\Scene_4_2025-03-29\patch_0035.npy
958,Nashik,Scene_4_2025-03-29,36,C:\Users\Aditya main\Desktop\Project_Sih\patches\Nashik\Scene_4_2025-03-29\patch_0036.npy,8117,8407,512,100.0,patches\Nashik\Scene_4_2025-03-29\patch_0036.npy
959,Nashik,Scene_4_2025-03-29,37,C:\Users\Aditya main\Desktop\Project_Sih\patches\Nashik\Scene_4_2025-03-29\patch_0037.npy,8117,8919,512,100.0,patches\Nashik\Scene_4_2025-03-29\patch_0037.npy
962,Nashik,Scene_4_2025-03-29,40,C:\Users\Aditya main\Desktop\Project_Sih\patches\Nashik\Scene_4_2025-03-29\patch_0040.npy,8629,5335,512,100.0,patches\Nashik\Scene_4_2025-03-29\patch_0040.npy
963,Nashik,Scene_4_2025-03-29,41,C:\Users\Aditya main\Desktop\Project_Sih\patches\Nashik\Scene_4_2025-03-29\patch_0041.npy,8629,5847,512,100.0,patches\Nashik\Scene_4_2025-03-29\patch_0041.npy
964,Nashik,Scene_4_2025-03-29,42,C:\Users\Aditya main\Desktop\Project_Sih\patches\Nashik\Scene_4_2025-03-29\patch_0042.npy,8629,6359,512,100.0,patches\Nashik\Scene_4_2025-03-29\patch_0042.npy
965,Nashik,Scene_4_2025-03-29,43,C:\Users\Aditya main\Desktop\Project_Sih\patches\Nashik\Scene_4_2025-03-29\patch_0043.npy,8629,6871,512,100.0,patches\Nashik\Scene_4_2025-03-29\patch_0043.npy
966,Nashik,Scene_4_2025-03-29,44,C:\Users\Aditya main\Desktop\Project_Sih\patches\Nashik\Scene_4_2025-03-29\patch_0044.npy,8629,7383,512,100.0,patches\Nashik\Scene_4_2025-03-29\patch_0044.npy
967,Nashik,Scene_4_2025-03-29,45,C:\Users\Aditya main\Desktop\Project_Sih\patches\Nashik\Scene_4_2025-03-29\patch_0045.npy,8629,7895,512,99.6551513671875,patches\Nashik\Scene_4_2025-03-29\patch_0045.npy
968,Nashik,Scene_4_2025-03-29,46,C:\Users\Aditya main\Desktop\Project_Sih\patches\Nashik\Scene_4_2025-03-29\patch_0046.npy,8629,8407,512,100.0,patches\Nashik\Scene_4_2025-03-29\patch_0046.npy
969,Nashik,Scene_4_2025-03-29,47,C:\Users\Aditya main\Desktop\Project_Sih\patches\Nashik\Scene_4_2025-03-29\patch_0047.npy,8629,8919,512,100.0,patches\Nashik\Scene_4_2025-03-29\patch_0047.npy
972,Nashik,Scene_4_2025-03-29,50,C:\Users\Aditya main\Desktop\Project_Sih\patches\Nashik\Scene_4_2025-03-29\patch_0050.npy,9141,5335,512,100.0,patches\Nashik\Scene_4_2025-03-29\patch_0050.npy
973,Nashik,Scene_4_2025-03-29,51,C:\Users\Aditya main\Desktop\Project_Sih\patches\Nashik\Scene_4_2025-03-29\patch_0051.npy,9141,5847,512,100.0,patches\Nashik\Scene_4_2025-03-29\patch_0051.npy
974,Nashik,Scene_4_2025-03-29,52,C:\Users\Aditya main\Desktop\Project_Sih\patches\Nashik\Scene_4_2025-03-29\patch_0052.npy,9141,6359,512,100.0,patches\Nashik\Scene_4_2025-03-29\patch_0052.npy
975,Nashik,Scene_4_2025-03-29,53,C:\Users\Aditya main\Desktop\Project_Sih\patches\Nashik\Scene_4_2025-03-29\patch_0053.npy,9141,6871,512,100.0,patches\Nashik\Scene_4_2025-03-29\patch_0053.npy
976,Nashik,Scene_4_2025-03-29,54,C:\Users\Aditya main\Desktop\Project_Sih\patches\Nashik\Scene_4_2025-03-29\patch_0054.npy,9141,7383,512,100.0,patches\Nashik\Scene_4_2025-03-29\patch_0054.npy
977,Nashik,Scene_4_2025-03-29,55,C:\Users\Aditya main\Desktop\Project_Sih\patches\Nashik\Scene_4_2025-03-29\patch_0055.npy,9141,7895,512,100.0,patches\Nashik\Scene_4_2025-03-29\patch_0055.npy
978,Nashik,Scene_4_2025-03-29,56,C:\Users\Aditya main\Desktop\Project_Sih\patches\Nashik\Scene_4_2025-03-29\patch_0056.npy,9141,8407,512,100.0,patches\Nashik\Scene_4_2025-03-29\patch_0056.npy
979,Nashik,Scene_4_2025-03-29,57,C:\Users\Aditya main\Desktop\Project_Sih\patches\Nashik\Scene_4_2025-03-29\patch_0057.npy,9141,8919,512,100.0,patches\Nashik\Scene_4_2025-03-29\patch_0057.npy
982,Nashik,Scene_4_2025-03-29,60,C:\Users\Aditya main\Desktop\Project_Sih\patches\Nashik\Scene_4_2025-03-29\patch_0060.npy,9653,5335,512,100.0,patches\Nashik\Scene_4_2025-03-29\patch_0060.npy
983,Nashik,Scene_4_2025-03-29,61,C:\Users\Aditya main\Desktop\Project_Sih\patches\Nashik\Scene_4_2025-03-29\patch_0061.npy,9653,5847,512,100.0,patches\Nashik\Scene_4_2025-03-29\patch_0061.npy
984,Nashik,Scene_4_2025-03-29,62,C:\Users\Aditya main\Desktop\Project_Sih\patches\Nashik\Scene_4_2025-03-29\patch_0062.npy,9653,6359,512,100.0,patches\Nashik\Scene_4_2025-03-29\patch_0062.npy
985,Nashik,Scene_4_2025-03-29,63,C:\Users\Aditya main\Desktop\Project_Sih\patches\Nashik\Scene_4_2025-03-29\patch_0063.npy,9653,6871,512,100.0,patches\Nashik\Scene_4_2025-03-29\patch_0063.npy
986,Nashik,Scene_4_2025-03-29,64,C:\Users\Aditya main\Desktop\Project_Sih\patches\Nashik\Scene_4_2025-03-29\patch_0064.npy,9653,7383,512,100.0,patches\Nashik\Scene_4_2025-03-29\patch_0064.npy
987,Nashik,Scene_4_2025-03-29,65,C:\Users\Aditya main\Desktop\Project_Sih\patches\Nashik\Scene_4_2025-03-29\patch_0065.npy,9653,7895,512,100.0,patches\Nashik\Scene_4_2025-03-29\patch_0065.npy
988,Nashik,Scene_4_2025-03-29,66,C:\Users\Aditya main\Desktop\Project_Sih\patches\Nashik\Scene_4_2025-03-29\patch_0066.npy,9653,8407,512,100.0,patches\Nashik\Scene_4_2025-03-29\patch_0066.npy
989,Nashik,Scene_4_2025-03-29,67,C:\Users\Aditya main\Desktop\Project_Sih\patches\Nashik\Scene_4_2025-03-29\patch_0067.npy,9653,8919,512,100.0,patches\Nashik\Scene_4_2025-03-29\patch_0067.npy
992,Nashik,Scene_4_2025-03-29,70,C:\Users\Aditya main\Desktop\Project_Sih\patches\Nashik\Scene_4_2025-03-29\patch_0070.npy,10165,5335,512,100.0,patches\Nashik\Scene_4_2025-03-29\patch_0070.npy
993,Nashik,Scene_4_2025-03-29,71,C:\Users\Aditya main\Desktop\Project_Sih\patches\Nashik\Scene_4_2025-03-29\patch_0071.npy,10165,5847,512,100.0,patches\Nashik\Scene_4_2025-03-29\patch_0071.npy
994,Nashik,Scene_4_2025-03-29,72,C:\Users\Aditya main\Desktop\Project_Sih\patches\Nashik\Scene_4_2025-03-29\patch_0072.npy,10165,6359,512,100.0,patches\Nashik\Scene_4_2025-03-29\patch_0072.npy
995,Nashik,Scene_4_2025-03-29,73,C:\Users\Aditya main\Desktop\Project_Sih\patches\Nashik\Scene_4_2025-03-29\patch_0073.npy,10165,6871,512,100.0,patches\Nashik\Scene_4_2025-03-29\patch_0073.npy
996,Nashik,Scene_4_2025-03-29,74,C:\Users\Aditya main\Desktop\Project_Sih\patches\Nashik\Scene_4_2025-03-29\patch_0074.npy,10165,7383,512,100.0,patches\Nashik\Scene_4_2025-03-29\patch_0074.npy
997,Nashik,Scene_4_2025-03-29,75,C:\Users\Aditya main\Desktop\Project_Sih\patches\Nashik\Scene_4_2025-03-29\patch_0075.npy,10165,7895,512,100.0,patches\Nashik\Scene_4_2025-03-29\patch_0075.npy
998,Nashik,Scene_4_2025-03-29,76,C:\Users\Aditya main\Desktop\Project_Sih\patches\Nashik\Scene_4_2025-03-29\patch_0076.npy,10165,8407,512,100.0,patches\Nashik\Scene_4_2025-03-29\patch_0076.npy
999,Nashik,Scene_4_2025-03-29,77,C:\Users\Aditya main\Desktop\Project_Sih\patches\Nashik\Scene_4_2025-03-29\patch_0077.npy,10165,8919,512,100.0,patches\Nashik\Scene_4_2025-03-29\patch_0077.npy
1002,Nashik,Scene_5_2026-06-17,0,C:\Users\Aditya main\Desktop\Project_Sih\patches\Nashik\Scene_5_2026-06-17\patch_0000.npy,6581,8919,512,97.12562561035156,patches\Nashik\Scene_5_2026-06-17\patch_0000.npy
1005,Nashik,Scene_5_2026-06-17,3,C:\Users\Aditya main\Desktop\Project_Sih\patches\Nashik\Scene_5_2026-06-17\patch_0003.npy,7093,8407,512,91.30783081054688,patches\Nashik\Scene_5_2026-06-17\patch_0003.npy
1006,Nashik,Scene_5_2026-06-17,4,C:\Users\Aditya main\Desktop\Project_Sih\patches\Nashik\Scene_5_2026-06-17\patch_0004.npy,7093,8919,512,94.427490234375,patches\Nashik\Scene_5_2026-06-17\patch_0004.npy
1009,Nashik,Scene_5_2026-06-17,7,C:\Users\Aditya main\Desktop\Project_Sih\patches\Nashik\Scene_5_2026-06-17\patch_0007.npy,7605,7895,512,94.52056884765624,patches\Nashik\Scene_5_2026-06-17\patch_0007.npy
1010,Nashik,Scene_5_2026-06-17,8,C:\Users\Aditya main\Desktop\Project_Sih\patches\Nashik\Scene_5_2026-06-17\patch_0008.npy,7605,8407,512,100.0,patches\Nashik\Scene_5_2026-06-17\patch_0008.npy
1011,Nashik,Scene_5_2026-06-17,9,C:\Users\Aditya main\Desktop\Project_Sih\patches\Nashik\Scene_5_2026-06-17\patch_0009.npy,7605,8919,512,100.0,patches\Nashik\Scene_5_2026-06-17\patch_0009.npy
1014,Nashik,Scene_5_2026-06-17,12,C:\Users\Aditya main\Desktop\Project_Sih\patches\Nashik\Scene_5_2026-06-17\patch_0012.npy,8117,8407,512,98.90975952148438,patches\Nashik\Scene_5_2026-06-17\patch_0012.npy
1015,Nashik,Scene_5_2026-06-17,13,C:\Users\Aditya main\Desktop\Project_Sih\patches\Nashik\Scene_5_2026-06-17\patch_0013.npy,8117,8919,512,100.0,patches\Nashik\Scene_5_2026-06-17\patch_0013.npy
1018,Nashik,Scene_5_2026-06-17,16,C:\Users\Aditya main\Desktop\Project_Sih\patches\Nashik\Scene_5_2026-06-17\patch_0016.npy,8629,7895,512,94.4091796875,patches\Nashik\Scene_5_2026-06-17\patch_0016.npy
1019,Nashik,Scene_5_2026-06-17,17,C:\Users\Aditya main\Desktop\Project_Sih\patches\Nashik\Scene_5_2026-06-17\patch_0017.npy,8629,8407,512,100.0,patches\Nashik\Scene_5_2026-06-17\patch_0017.npy
1020,Nashik,Scene_5_2026-06-17,18,C:\Users\Aditya main\Desktop\Project_Sih\patches\Nashik\Scene_5_2026-06-17\patch_0018.npy,8629,8919,512,100.0,patches\Nashik\Scene_5_2026-06-17\patch_0018.npy
1023,Nashik,Scene_5_2026-06-17,21,C:\Users\Aditya main\Desktop\Project_Sih\patches\Nashik\Scene_5_2026-06-17\patch_0021.npy,9141,7895,512,99.84779357910156,patches\Nashik\Scene_5_2026-06-17\patch_0021.npy
1024,Nashik,Scene_5_2026-06-17,22,C:\Users\Aditya main\Desktop\Project_Sih\patches\Nashik\Scene_5_2026-06-17\patch_0022.npy,9141,8407,512,100.0,patches\Nashik\Scene_5_2026-06-17\patch_0022.npy
1025,Nashik,Scene_5_2026-06-17,23,C:\Users\Aditya main\Desktop\Project_Sih\patches\Nashik\Scene_5_2026-06-17\patch_0023.npy,9141,8919,512,100.0,patches\Nashik\Scene_5_2026-06-17\patch_0023.npy
1028,Nashik,Scene_5_2026-06-17,26,C:\Users\Aditya main\Desktop\Project_Sih\patches\Nashik\Scene_5_2026-06-17\patch_0026.npy,9653,7895,512,95.44143676757812,patches\Nashik\Scene_5_2026-06-17\patch_0026.npy
1029,Nashik,Scene_5_2026-06-17,27,C:\Users\Aditya main\Desktop\Project_Sih\patches\Nashik\Scene_5_2026-06-17\patch_0027.npy,9653,8407,512,99.2034912109375,patches\Nashik\Scene_5_2026-06-17\patch_0027.npy
1030,Nashik,Scene_5_2026-06-17,28,C:\Users\Aditya main\Desktop\Project_Sih\patches\Nashik\Scene_5_2026-06-17\patch_0028.npy,9653,8919,512,100.0,patches\Nashik\Scene_5_2026-06-17\patch_0028.npy
1033,Nashik,Scene_5_2026-06-17,31,C:\Users\Aditya main\Desktop\Project_Sih\patches\Nashik\Scene_5_2026-06-17\patch_0031.npy,10165,7383,512,93.34373474121094,patches\Nashik\Scene_5_2026-06-17\patch_0031.npy
1034,Nashik,Scene_5_2026-06-17,32,C:\Users\Aditya main\Desktop\Project_Sih\patches\Nashik\Scene_5_2026-06-17\patch_0032.npy,10165,8407,512,97.503662109375,patches\Nashik\Scene_5_2026-06-17\patch_0032.npy
1035,Nashik,Scene_5_2026-06-17,33,C:\Users\Aditya main\Desktop\Project_Sih\patches\Nashik\Scene_5_2026-06-17\patch_0033.npy,10165,8919,512,100.0,patches\Nashik\Scene_5_2026-06-17\patch_0033.npy
1038,New_Delhi,Scene_1_2025-06-12,0,C:\Users\Aditya main\Desktop\Project_Sih\patches\New_Delhi\Scene_1_2025-06-12\patch_0000.npy,0,0,512,100.0,patches\New_Delhi\Scene_1_2025-06-12\patch_0000.npy
1039,New_Delhi,Scene_1_2025-06-12,1,C:\Users\Aditya main\Desktop\Project_Sih\patches\New_Delhi\Scene_1_2025-06-12\patch_0001.npy,0,512,512,100.0,patches\New_Delhi\Scene_1_2025-06-12\patch_0001.npy
1040,New_Delhi,Scene_1_2025-06-12,2,C:\Users\Aditya main\Desktop\Project_Sih\patches\New_Delhi\Scene_1_2025-06-12\patch_0002.npy,0,1024,512,100.0,patches\New_Delhi\Scene_1_2025-06-12\patch_0002.npy
1041,New_Delhi,Scene_1_2025-06-12,3,C:\Users\Aditya main\Desktop\Project_Sih\patches\New_Delhi\Scene_1_2025-06-12\patch_0003.npy,0,1536,512,100.0,patches\New_Delhi\Scene_1_2025-06-12\patch_0003.npy
1042,New_Delhi,Scene_1_2025-06-12,4,C:\Users\Aditya main\Desktop\Project_Sih\patches\New_Delhi\Scene_1_2025-06-12\patch_0004.npy,0,2048,512,100.0,patches\New_Delhi\Scene_1_2025-06-12\patch_0004.npy
1043,New_Delhi,Scene_1_2025-06-12,5,C:\Users\Aditya main\Desktop\Project_Sih\patches\New_Delhi\Scene_1_2025-06-12\patch_0005.npy,0,2560,512,100.0,patches\New_Delhi\Scene_1_2025-06-12\patch_0005.npy
1044,New_Delhi,Scene_1_2025-06-12,6,C:\Users\Aditya main\Desktop\Project_Sih\patches\New_Delhi\Scene_1_2025-06-12\patch_0006.npy,0,3072,512,100.0,patches\New_Delhi\Scene_1_2025-06-12\patch_0006.npy
1045,New_Delhi,Scene_1_2025-06-12,7,C:\Users\Aditya main\Desktop\Project_Sih\patches\New_Delhi\Scene_1_2025-06-12\patch_0007.npy,0,3584,512,100.0,patches\New_Delhi\Scene_1_2025-06-12\patch_0007.npy
1046,New_Delhi,Scene_1_2025-06-12,8,C:\Users\Aditya main\Desktop\Project_Sih\patches\New_Delhi\Scene_1_2025-06-12\patch_0008.npy,0,4096,512,100.0,patches\New_Delhi\Scene_1_2025-06-12\patch_0008.npy
1047,New_Delhi,Scene_1_2025-06-12,9,C:\Users\Aditya main\Desktop\Project_Sih\patches\New_Delhi\Scene_1_2025-06-12\patch_0009.npy,0,4608,512,100.0,patches\New_Delhi\Scene_1_2025-06-12\patch_0009.npy
1048,New_Delhi,Scene_1_2025-06-12,10,C:\Users\Aditya main\Desktop\Project_Sih\patches\New_Delhi\Scene_1_2025-06-12\patch_0010.npy,0,5120,512,100.0,patches\New_Delhi\Scene_1_2025-06-12\patch_0010.npy
1049,New_Delhi,Scene_1_2025-06-12,11,C:\Users\Aditya main\Desktop\Project_Sih\patches\New_Delhi\Scene_1_2025-06-12\patch_0011.npy,0,5632,512,100.0,patches\New_Delhi\Scene_1_2025-06-12\patch_0011.npy
1050,New_Delhi,Scene_1_2025-06-12,12,C:\Users\Aditya main\Desktop\Project_Sih\patches\New_Delhi\Scene_1_2025-06-12\patch_0012.npy,0,6144,512,100.0,patches\New_Delhi\Scene_1_2025-06-12\patch_0012.npy
1051,New_Delhi,Scene_1_2025-06-12,13,C:\Users\Aditya main\Desktop\Project_Sih\patches\New_Delhi\Scene_1_2025-06-12\patch_0013.npy,0,6656,512,100.0,patches\New_Delhi\Scene_1_2025-06-12\patch_0013.npy
1052,New_Delhi,Scene_1_2025-06-12,14,C:\Users\Aditya main\Desktop\Project_Sih\patches\New_Delhi\Scene_1_2025-06-12\patch_0014.npy,0,7168,512,100.0,patches\New_Delhi\Scene_1_2025-06-12\patch_0014.npy
1053,New_Delhi,Scene_1_2025-06-12,15,C:\Users\Aditya main\Desktop\Project_Sih\patches\New_Delhi\Scene_1_2025-06-12\patch_0015.npy,512,0,512,100.0,patches\New_Delhi\Scene_1_2025-06-12\patch_0015.npy
1054,New_Delhi,Scene_1_2025-06-12,16,C:\Users\Aditya main\Desktop\Project_Sih\patches\New_Delhi\Scene_1_2025-06-12\patch_0016.npy,512,512,512,99.97711181640624,patches\New_Delhi\Scene_1_2025-06-12\patch_0016.npy
1055,New_Delhi,Scene_1_2025-06-12,17,C:\Users\Aditya main\Desktop\Project_Sih\patches\New_Delhi\Scene_1_2025-06-12\patch_0017.npy,512,1024,512,100.0,patches\New_Delhi\Scene_1_2025-06-12\patch_0017.npy
1056,New_Delhi,Scene_1_2025-06-12,18,C:\Users\Aditya main\Desktop\Project_Sih\patches\New_Delhi\Scene_1_2025-06-12\patch_0018.npy,512,1536,512,100.0,patches\New_Delhi\Scene_1_2025-06-12\patch_0018.npy
1057,New_Delhi,Scene_1_2025-06-12,19,C:\Users\Aditya main\Desktop\Project_Sih\patches\New_Delhi\Scene_1_2025-06-12\patch_0019.npy,512,2048,512,100.0,patches\New_Delhi\Scene_1_2025-06-12\patch_0019.npy
1058,New_Delhi,Scene_1_2025-06-12,20,C:\Users\Aditya main\Desktop\Project_Sih\patches\New_Delhi\Scene_1_2025-06-12\patch_0020.npy,512,2560,512,100.0,patches\New_Delhi\Scene_1_2025-06-12\patch_0020.npy
1059,New_Delhi,Scene_1_2025-06-12,21,C:\Users\Aditya main\Desktop\Project_Sih\patches\New_Delhi\Scene_1_2025-06-12\patch_0021.npy,512,3072,512,100.0,patches\New_Delhi\Scene_1_2025-06-12\patch_0021.npy
1060,New_Delhi,Scene_1_2025-06-12,22,C:\Users\Aditya main\Desktop\Project_Sih\patches\New_Delhi\Scene_1_2025-06-12\patch_0022.npy,512,3584,512,100.0,patches\New_Delhi\Scene_1_2025-06-12\patch_0022.npy
1061,New_Delhi,Scene_1_2025-06-12,23,C:\Users\Aditya main\Desktop\Project_Sih\patches\New_Delhi\Scene_1_2025-06-12\patch_0023.npy,512,4096,512,100.0,patches\New_Delhi\Scene_1_2025-06-12\patch_0023.npy
1062,New_Delhi,Scene_1_2025-06-12,24,C:\Users\Aditya main\Desktop\Project_Sih\patches\New_Delhi\Scene_1_2025-06-12\patch_0024.npy,512,4608,512,100.0,patches\New_Delhi\Scene_1_2025-06-12\patch_0024.npy
1063,New_Delhi,Scene_1_2025-06-12,25,C:\Users\Aditya main\Desktop\Project_Sih\patches\New_Delhi\Scene_1_2025-06-12\patch_0025.npy,512,5120,512,100.0,patches\New_Delhi\Scene_1_2025-06-12\patch_0025.npy
1064,New_Delhi,Scene_1_2025-06-12,26,C:\Users\Aditya main\Desktop\Project_Sih\patches\New_Delhi\Scene_1_2025-06-12\patch_0026.npy,512,5632,512,100.0,patches\New_Delhi\Scene_1_2025-06-12\patch_0026.npy
1065,New_Delhi,Scene_1_2025-06-12,27,C:\Users\Aditya main\Desktop\Project_Sih\patches\New_Delhi\Scene_1_2025-06-12\patch_0027.npy,512,6144,512,100.0,patches\New_Delhi\Scene_1_2025-06-12\patch_0027.npy
1066,New_Delhi,Scene_1_2025-06-12,28,C:\Users\Aditya main\Desktop\Project_Sih\patches\New_Delhi\Scene_1_2025-06-12\patch_0028.npy,512,6656,512,100.0,patches\New_Delhi\Scene_1_2025-06-12\patch_0028.npy
1067,New_Delhi,Scene_1_2025-06-12,29,C:\Users\Aditya main\Desktop\Project_Sih\patches\New_Delhi\Scene_1_2025-06-12\patch_0029.npy,512,7168,512,100.0,patches\New_Delhi\Scene_1_2025-06-12\patch_0029.npy
1068,New_Delhi,Scene_1_2025-06-12,30,C:\Users\Aditya main\Desktop\Project_Sih\patches\New_Delhi\Scene_1_2025-06-12\patch_0030.npy,1024,0,512,100.0,patches\New_Delhi\Scene_1_2025-06-12\patch_0030.npy
1069,New_Delhi,Scene_1_2025-06-12,31,C:\Users\Aditya main\Desktop\Project_Sih\patches\New_Delhi\Scene_1_2025-06-12\patch_0031.npy,1024,512,512,100.0,patches\New_Delhi\Scene_1_2025-06-12\patch_0031.npy
1070,New_Delhi,Scene_1_2025-06-12,32,C:\Users\Aditya main\Desktop\Project_Sih\patches\New_Delhi\Scene_1_2025-06-12\patch_0032.npy,1024,1024,512,100.0,patches\New_Delhi\Scene_1_2025-06-12\patch_0032.npy
1071,New_Delhi,Scene_1_2025-06-12,33,C:\Users\Aditya main\Desktop\Project_Sih\patches\New_Delhi\Scene_1_2025-06-12\patch_0033.npy,1024,1536,512,100.0,patches\New_Delhi\Scene_1_2025-06-12\patch_0033.npy
1072,New_Delhi,Scene_1_2025-06-12,34,C:\Users\Aditya main\Desktop\Project_Sih\patches\New_Delhi\Scene_1_2025-06-12\patch_0034.npy,1024,2048,512,100.0,patches\New_Delhi\Scene_1_2025-06-12\patch_0034.npy
1073,New_Delhi,Scene_1_2025-06-12,35,C:\Users\Aditya main\Desktop\Project_Sih\patches\New_Delhi\Scene_1_2025-06-12\patch_0035.npy,1024,2560,512,100.0,patches\New_Delhi\Scene_1_2025-06-12\patch_0035.npy
1074,New_Delhi,Scene_1_2025-06-12,36,C:\Users\Aditya main\Desktop\Project_Sih\patches\New_Delhi\Scene_1_2025-06-12\patch_0036.npy,1024,3072,512,100.0,patches\New_Delhi\Scene_1_2025-06-12\patch_0036.npy
1075,New_Delhi,Scene_1_2025-06-12,37,C:\Users\Aditya main\Desktop\Project_Sih\patches\New_Delhi\Scene_1_2025-06-12\patch_0037.npy,1024,3584,512,100.0,patches\New_Delhi\Scene_1_2025-06-12\patch_0037.npy
1076,New_Delhi,Scene_1_2025-06-12,38,C:\Users\Aditya main\Desktop\Project_Sih\patches\New_Delhi\Scene_1_2025-06-12\patch_0038.npy,1024,4096,512,100.0,patches\New_Delhi\Scene_1_2025-06-12\patch_0038.npy
1077,New_Delhi,Scene_1_2025-06-12,39,C:\Users\Aditya main\Desktop\Project_Sih\patches\New_Delhi\Scene_1_2025-06-12\patch_0039.npy,1024,4608,512,100.0,patches\New_Delhi\Scene_1_2025-06-12\patch_0039.npy
1078,New_Delhi,Scene_1_2025-06-12,40,C:\Users\Aditya main\Desktop\Project_Sih\patches\New_Delhi\Scene_1_2025-06-12\patch_0040.npy,1024,5120,512,100.0,patches\New_Delhi\Scene_1_2025-06-12\patch_0040.npy
1079,New_Delhi,Scene_1_2025-06-12,41,C:\Users\Aditya main\Desktop\Project_Sih\patches\New_Delhi\Scene_1_2025-06-12\patch_0041.npy,1024,5632,512,100.0,patches\New_Delhi\Scene_1_2025-06-12\patch_0041.npy
1080,New_Delhi,Scene_1_2025-06-12,42,C:\Users\Aditya main\Desktop\Project_Sih\patches\New_Delhi\Scene_1_2025-06-12\patch_0042.npy,1024,6144,512,100.0,patches\New_Delhi\Scene_1_2025-06-12\patch_0042.npy
1081,New_Delhi,Scene_1_2025-06-12,43,C:\Users\Aditya main\Desktop\Project_Sih\patches\New_Delhi\Scene_1_2025-06-12\patch_0043.npy,1024,6656,512,100.0,patches\New_Delhi\Scene_1_2025-06-12\patch_0043.npy
1082,New_Delhi,Scene_1_2025-06-12,44,C:\Users\Aditya main\Desktop\Project_Sih\patches\New_Delhi\Scene_1_2025-06-12\patch_0044.npy,1024,7168,512,100.0,patches\New_Delhi\Scene_1_2025-06-12\patch_0044.npy
1083,New_Delhi,Scene_1_2025-06-12,45,C:\Users\Aditya main\Desktop\Project_Sih\patches\New_Delhi\Scene_1_2025-06-12\patch_0045.npy,1536,0,512,100.0,patches\New_Delhi\Scene_1_2025-06-12\patch_0045.npy
1084,New_Delhi,Scene_1_2025-06-12,46,C:\Users\Aditya main\Desktop\Project_Sih\patches\New_Delhi\Scene_1_2025-06-12\patch_0046.npy,1536,512,512,100.0,patches\New_Delhi\Scene_1_2025-06-12\patch_0046.npy
1085,New_Delhi,Scene_1_2025-06-12,47,C:\Users\Aditya main\Desktop\Project_Sih\patches\New_Delhi\Scene_1_2025-06-12\patch_0047.npy,1536,1024,512,100.0,patches\New_Delhi\Scene_1_2025-06-12\patch_0047.npy
1086,New_Delhi,Scene_1_2025-06-12,48,C:\Users\Aditya main\Desktop\Project_Sih\patches\New_Delhi\Scene_1_2025-06-12\patch_0048.npy,1536,1536,512,100.0,patches\New_Delhi\Scene_1_2025-06-12\patch_0048.npy
1087,New_Delhi,Scene_1_2025-06-12,49,C:\Users\Aditya main\Desktop\Project_Sih\patches\New_Delhi\Scene_1_2025-06-12\patch_0049.npy,1536,2048,512,100.0,patches\New_Delhi\Scene_1_2025-06-12\patch_0049.npy
1088,New_Delhi,Scene_1_2025-06-12,50,C:\Users\Aditya main\Desktop\Project_Sih\patches\New_Delhi\Scene_1_2025-06-12\patch_0050.npy,1536,2560,512,100.0,patches\New_Delhi\Scene_1_2025-06-12\patch_0050.npy
1089,New_Delhi,Scene_1_2025-06-12,51,C:\Users\Aditya main\Desktop\Project_Sih\patches\New_Delhi\Scene_1_2025-06-12\patch_0051.npy,1536,3072,512,100.0,patches\New_Delhi\Scene_1_2025-06-12\patch_0051.npy
1090,New_Delhi,Scene_1_2025-06-12,52,C:\Users\Aditya main\Desktop\Project_Sih\patches\New_Delhi\Scene_1_2025-06-12\patch_0052.npy,1536,3584,512,100.0,patches\New_Delhi\Scene_1_2025-06-12\patch_0052.npy
1091,New_Delhi,Scene_1_2025-06-12,53,C:\Users\Aditya main\Desktop\Project_Sih\patches\New_Delhi\Scene_1_2025-06-12\patch_0053.npy,1536,4096,512,100.0,patches\New_Delhi\Scene_1_2025-06-12\patch_0053.npy
1092,New_Delhi,Scene_1_2025-06-12,54,C:\Users\Aditya main\Desktop\Project_Sih\patches\New_Delhi\Scene_1_2025-06-12\patch_0054.npy,1536,4608,512,100.0,patches\New_Delhi\Scene_1_2025-06-12\patch_0054.npy
1093,New_Delhi,Scene_1_2025-06-12,55,C:\Users\Aditya main\Desktop\Project_Sih\patches\New_Delhi\Scene_1_2025-06-12\patch_0055.npy,1536,5120,512,100.0,patches\New_Delhi\Scene_1_2025-06-12\patch_0055.npy
1094,New_Delhi,Scene_1_2025-06-12,56,C:\Users\Aditya main\Desktop\Project_Sih\patches\New_Delhi\Scene_1_2025-06-12\patch_0056.npy,1536,5632,512,100.0,patches\New_Delhi\Scene_1_2025-06-12\patch_0056.npy
1095,New_Delhi,Scene_1_2025-06-12,57,C:\Users\Aditya main\Desktop\Project_Sih\patches\New_Delhi\Scene_1_2025-06-12\patch_0057.npy,1536,6144,512,100.0,patches\New_Delhi\Scene_1_2025-06-12\patch_0057.npy
1096,New_Delhi,Scene_1_2025-06-12,58,C:\Users\Aditya main\Desktop\Project_Sih\patches\New_Delhi\Scene_1_2025-06-12\patch_0058.npy,1536,6656,512,100.0,patches\New_Delhi\Scene_1_2025-06-12\patch_0058.npy
1097,New_Delhi,Scene_1_2025-06-12,59,C:\Users\Aditya main\Desktop\Project_Sih\patches\New_Delhi\Scene_1_2025-06-12\patch_0059.npy,1536,7168,512,100.0,patches\New_Delhi\Scene_1_2025-06-12\patch_0059.npy
1098,New_Delhi,Scene_1_2025-06-12,60,C:\Users\Aditya main\Desktop\Project_Sih\patches\New_Delhi\Scene_1_2025-06-12\patch_0060.npy,2048,0,512,100.0,patches\New_Delhi\Scene_1_2025-06-12\patch_0060.npy
1099,New_Delhi,Scene_1_2025-06-12,61,C:\Users\Aditya main\Desktop\Project_Sih\patches\New_Delhi\Scene_1_2025-06-12\patch_0061.npy,2048,512,512,100.0,patches\New_Delhi\Scene_1_2025-06-12\patch_0061.npy
1100,New_Delhi,Scene_1_2025-06-12,62,C:\Users\Aditya main\Desktop\Project_Sih\patches\New_Delhi\Scene_1_2025-06-12\patch_0062.npy,2048,1024,512,100.0,patches\New_Delhi\Scene_1_2025-06-12\patch_0062.npy
1101,New_Delhi,Scene_1_2025-06-12,63,C:\Users\Aditya main\Desktop\Project_Sih\patches\New_Delhi\Scene_1_2025-06-12\patch_0063.npy,2048,1536,512,100.0,patches\New_Delhi\Scene_1_2025-06-12\patch_0063.npy
1102,New_Delhi,Scene_1_2025-06-12,64,C:\Users\Aditya main\Desktop\Project_Sih\patches\New_Delhi\Scene_1_2025-06-12\patch_0064.npy,2048,2048,512,100.0,patches\New_Delhi\Scene_1_2025-06-12\patch_0064.npy
1103,New_Delhi,Scene_1_2025-06-12,65,C:\Users\Aditya main\Desktop\Project_Sih\patches\New_Delhi\Scene_1_2025-06-12\patch_0065.npy,2048,2560,512,100.0,patches\New_Delhi\Scene_1_2025-06-12\patch_0065.npy
1104,New_Delhi,Scene_1_2025-06-12,66,C:\Users\Aditya main\Desktop\Project_Sih\patches\New_Delhi\Scene_1_2025-06-12\patch_0066.npy,2048,3072,512,100.0,patches\New_Delhi\Scene_1_2025-06-12\patch_0066.npy
1105,New_Delhi,Scene_1_2025-06-12,67,C:\Users\Aditya main\Desktop\Project_Sih\patches\New_Delhi\Scene_1_2025-06-12\patch_0067.npy,2048,3584,512,100.0,patches\New_Delhi\Scene_1_2025-06-12\patch_0067.npy
1106,New_Delhi,Scene_1_2025-06-12,68,C:\Users\Aditya main\Desktop\Project_Sih\patches\New_Delhi\Scene_1_2025-06-12\patch_0068.npy,2048,4096,512,100.0,patches\New_Delhi\Scene_1_2025-06-12\patch_0068.npy
1107,New_Delhi,Scene_1_2025-06-12,69,C:\Users\Aditya main\Desktop\Project_Sih\patches\New_Delhi\Scene_1_2025-06-12\patch_0069.npy,2048,4608,512,100.0,patches\New_Delhi\Scene_1_2025-06-12\patch_0069.npy
1108,New_Delhi,Scene_1_2025-06-12,70,C:\Users\Aditya main\Desktop\Project_Sih\patches\New_Delhi\Scene_1_2025-06-12\patch_0070.npy,2048,5120,512,100.0,patches\New_Delhi\Scene_1_2025-06-12\patch_0070.npy
1109,New_Delhi,Scene_1_2025-06-12,71,C:\Users\Aditya main\Desktop\Project_Sih\patches\New_Delhi\Scene_1_2025-06-12\patch_0071.npy,2048,5632,512,100.0,patches\New_Delhi\Scene_1_2025-06-12\patch_0071.npy
1110,New_Delhi,Scene_1_2025-06-12,72,C:\Users\Aditya main\Desktop\Project_Sih\patches\New_Delhi\Scene_1_2025-06-12\patch_0072.npy,2048,6144,512,100.0,patches\New_Delhi\Scene_1_2025-06-12\patch_0072.npy
1111,New_Delhi,Scene_1_2025-06-12,73,C:\Users\Aditya main\Desktop\Project_Sih\patches\New_Delhi\Scene_1_2025-06-12\patch_0073.npy,2048,6656,512,100.0,patches\New_Delhi\Scene_1_2025-06-12\patch_0073.npy
1112,New_Delhi,Scene_1_2025-06-12,74,C:\Users\Aditya main\Desktop\Project_Sih\patches\New_Delhi\Scene_1_2025-06-12\patch_0074.npy,2048,7168,512,100.0,patches\New_Delhi\Scene_1_2025-06-12\patch_0074.npy
1113,New_Delhi,Scene_1_2025-06-12,75,C:\Users\Aditya main\Desktop\Project_Sih\patches\New_Delhi\Scene_1_2025-06-12\patch_0075.npy,2560,0,512,100.0,patches\New_Delhi\Scene_1_2025-06-12\patch_0075.npy
1114,New_Delhi,Scene_1_2025-06-12,76,C:\Users\Aditya main\Desktop\Project_Sih\patches\New_Delhi\Scene_1_2025-06-12\patch_0076.npy,2560,512,512,100.0,patches\New_Delhi\Scene_1_2025-06-12\patch_0076.npy
1115,New_Delhi,Scene_1_2025-06-12,77,C:\Users\Aditya main\Desktop\Project_Sih\patches\New_Delhi\Scene_1_2025-06-12\patch_0077.npy,2560,1024,512,100.0,patches\New_Delhi\Scene_1_2025-06-12\patch_0077.npy
1116,New_Delhi,Scene_1_2025-06-12,78,C:\Users\Aditya main\Desktop\Project_Sih\patches\New_Delhi\Scene_1_2025-06-12\patch_0078.npy,2560,1536,512,100.0,patches\New_Delhi\Scene_1_2025-06-12\patch_0078.npy
1117,New_Delhi,Scene_1_2025-06-12,79,C:\Users\Aditya main\Desktop\Project_Sih\patches\New_Delhi\Scene_1_2025-06-12\patch_0079.npy,2560,2048,512,100.0,patches\New_Delhi\Scene_1_2025-06-12\patch_0079.npy
1118,New_Delhi,Scene_1_2025-06-12,80,C:\Users\Aditya main\Desktop\Project_Sih\patches\New_Delhi\Scene_1_2025-06-12\patch_0080.npy,2560,2560,512,100.0,patches\New_Delhi\Scene_1_2025-06-12\patch_0080.npy
1119,New_Delhi,Scene_1_2025-06-12,81,C:\Users\Aditya main\Desktop\Project_Sih\patches\New_Delhi\Scene_1_2025-06-12\patch_0081.npy,2560,3072,512,100.0,patches\New_Delhi\Scene_1_2025-06-12\patch_0081.npy
1120,New_Delhi,Scene_1_2025-06-12,82,C:\Users\Aditya main\Desktop\Project_Sih\patches\New_Delhi\Scene_1_2025-06-12\patch_0082.npy,2560,3584,512,100.0,patches\New_Delhi\Scene_1_2025-06-12\patch_0082.npy
1121,New_Delhi,Scene_1_2025-06-12,83,C:\Users\Aditya main\Desktop\Project_Sih\patches\New_Delhi\Scene_1_2025-06-12\patch_0083.npy,2560,4096,512,100.0,patches\New_Delhi\Scene_1_2025-06-12\patch_0083.npy
1122,New_Delhi,Scene_1_2025-06-12,84,C:\Users\Aditya main\Desktop\Project_Sih\patches\New_Delhi\Scene_1_2025-06-12\patch_0084.npy,2560,4608,512,100.0,patches\New_Delhi\Scene_1_2025-06-12\patch_0084.npy
1123,New_Delhi,Scene_1_2025-06-12,85,C:\Users\Aditya main\Desktop\Project_Sih\patches\New_Delhi\Scene_1_2025-06-12\patch_0085.npy,2560,5120,512,100.0,patches\New_Delhi\Scene_1_2025-06-12\patch_0085.npy
1124,New_Delhi,Scene_1_2025-06-12,86,C:\Users\Aditya main\Desktop\Project_Sih\patches\New_Delhi\Scene_1_2025-06-12\patch_0086.npy,2560,5632,512,100.0,patches\New_Delhi\Scene_1_2025-06-12\patch_0086.npy
1125,New_Delhi,Scene_1_2025-06-12,87,C:\Users\Aditya main\Desktop\Project_Sih\patches\New_Delhi\Scene_1_2025-06-12\patch_0087.npy,2560,6144,512,100.0,patches\New_Delhi\Scene_1_2025-06-12\patch_0087.npy
1126,New_Delhi,Scene_1_2025-06-12,88,C:\Users\Aditya main\Desktop\Project_Sih\patches\New_Delhi\Scene_1_2025-06-12\patch_0088.npy,2560,6656,512,100.0,patches\New_Delhi\Scene_1_2025-06-12\patch_0088.npy
1127,New_Delhi,Scene_1_2025-06-12,89,C:\Users\Aditya main\Desktop\Project_Sih\patches\New_Delhi\Scene_1_2025-06-12\patch_0089.npy,2560,7168,512,100.0,patches\New_Delhi\Scene_1_2025-06-12\patch_0089.npy
1128,New_Delhi,Scene_1_2025-06-12,90,C:\Users\Aditya main\Desktop\Project_Sih\patches\New_Delhi\Scene_1_2025-06-12\patch_0090.npy,3072,0,512,100.0,patches\New_Delhi\Scene_1_2025-06-12\patch_0090.npy
1129,New_Delhi,Scene_1_2025-06-12,91,C:\Users\Aditya main\Desktop\Project_Sih\patches\New_Delhi\Scene_1_2025-06-12\patch_0091.npy,3072,512,512,100.0,patches\New_Delhi\Scene_1_2025-06-12\patch_0091.npy
1130,New_Delhi,Scene_1_2025-06-12,92,C:\Users\Aditya main\Desktop\Project_Sih\patches\New_Delhi\Scene_1_2025-06-12\patch_0092.npy,3072,1024,512,100.0,patches\New_Delhi\Scene_1_2025-06-12\patch_0092.npy
1131,New_Delhi,Scene_1_2025-06-12,93,C:\Users\Aditya main\Desktop\Project_Sih\patches\New_Delhi\Scene_1_2025-06-12\patch_0093.npy,3072,1536,512,100.0,patches\New_Delhi\Scene_1_2025-06-12\patch_0093.npy
1132,New_Delhi,Scene_1_2025-06-12,94,C:\Users\Aditya main\Desktop\Project_Sih\patches\New_Delhi\Scene_1_2025-06-12\patch_0094.npy,3072,2048,512,100.0,patches\New_Delhi\Scene_1_2025-06-12\patch_0094.npy
1133,New_Delhi,Scene_1_2025-06-12,95,C:\Users\Aditya main\Desktop\Project_Sih\patches\New_Delhi\Scene_1_2025-06-12\patch_0095.npy,3072,2560,512,100.0,patches\New_Delhi\Scene_1_2025-06-12\patch_0095.npy
1134,New_Delhi,Scene_1_2025-06-12,96,C:\Users\Aditya main\Desktop\Project_Sih\patches\New_Delhi\Scene_1_2025-06-12\patch_0096.npy,3072,3072,512,100.0,patches\New_Delhi\Scene_1_2025-06-12\patch_0096.npy
1135,New_Delhi,Scene_1_2025-06-12,97,C:\Users\Aditya main\Desktop\Project_Sih\patches\New_Delhi\Scene_1_2025-06-12\patch_0097.npy,3072,3584,512,100.0,patches\New_Delhi\Scene_1_2025-06-12\patch_0097.npy
1136,New_Delhi,Scene_1_2025-06-12,98,C:\Users\Aditya main\Desktop\Project_Sih\patches\New_Delhi\Scene_1_2025-06-12\patch_0098.npy,3072,4096,512,100.0,patches\New_Delhi\Scene_1_2025-06-12\patch_0098.npy
1137,New_Delhi,Scene_1_2025-06-12,99,C:\Users\Aditya main\Desktop\Project_Sih\patches\New_Delhi\Scene_1_2025-06-12\patch_0099.npy,3072,4608,512,100.0,patches\New_Delhi\Scene_1_2025-06-12\patch_0099.npy
1138,New_Delhi,Scene_1_2025-06-12,100,C:\Users\Aditya main\Desktop\Project_Sih\patches\New_Delhi\Scene_1_2025-06-12\patch_0100.npy,3072,5120,512,100.0,patches\New_Delhi\Scene_1_2025-06-12\patch_0100.npy
1139,New_Delhi,Scene_1_2025-06-12,101,C:\Users\Aditya main\Desktop\Project_Sih\patches\New_Delhi\Scene_1_2025-06-12\patch_0101.npy,3072,5632,512,100.0,patches\New_Delhi\Scene_1_2025-06-12\patch_0101.npy
1140,New_Delhi,Scene_1_2025-06-12,102,C:\Users\Aditya main\Desktop\Project_Sih\patches\New_Delhi\Scene_1_2025-06-12\patch_0102.npy,3072,6144,512,100.0,patches\New_Delhi\Scene_1_2025-06-12\patch_0102.npy
1141,New_Delhi,Scene_1_2025-06-12,103,C:\Users\Aditya main\Desktop\Project_Sih\patches\New_Delhi\Scene_1_2025-06-12\patch_0103.npy,3072,6656,512,100.0,patches\New_Delhi\Scene_1_2025-06-12\patch_0103.npy
1142,New_Delhi,Scene_1_2025-06-12,104,C:\Users\Aditya main\Desktop\Project_Sih\patches\New_Delhi\Scene_1_2025-06-12\patch_0104.npy,3072,7168,512,100.0,patches\New_Delhi\Scene_1_2025-06-12\patch_0104.npy
1143,New_Delhi,Scene_1_2025-06-12,105,C:\Users\Aditya main\Desktop\Project_Sih\patches\New_Delhi\Scene_1_2025-06-12\patch_0105.npy,3584,0,512,100.0,patches\New_Delhi\Scene_1_2025-06-12\patch_0105.npy
1144,New_Delhi,Scene_1_2025-06-12,106,C:\Users\Aditya main\Desktop\Project_Sih\patches\New_Delhi\Scene_1_2025-06-12\patch_0106.npy,3584,512,512,100.0,patches\New_Delhi\Scene_1_2025-06-12\patch_0106.npy
1145,New_Delhi,Scene_1_2025-06-12,107,C:\Users\Aditya main\Desktop\Project_Sih\patches\New_Delhi\Scene_1_2025-06-12\patch_0107.npy,3584,1024,512,100.0,patches\New_Delhi\Scene_1_2025-06-12\patch_0107.npy
1146,New_Delhi,Scene_1_2025-06-12,108,C:\Users\Aditya main\Desktop\Project_Sih\patches\New_Delhi\Scene_1_2025-06-12\patch_0108.npy,3584,1536,512,100.0,patches\New_Delhi\Scene_1_2025-06-12\patch_0108.npy
1147,New_Delhi,Scene_1_2025-06-12,109,C:\Users\Aditya main\Desktop\Project_Sih\patches\New_Delhi\Scene_1_2025-06-12\patch_0109.npy,3584,2048,512,100.0,patches\New_Delhi\Scene_1_2025-06-12\patch_0109.npy
1148,New_Delhi,Scene_1_2025-06-12,110,C:\Users\Aditya main\Desktop\Project_Sih\patches\New_Delhi\Scene_1_2025-06-12\patch_0110.npy,3584,2560,512,100.0,patches\New_Delhi\Scene_1_2025-06-12\patch_0110.npy
1149,New_Delhi,Scene_1_2025-06-12,111,C:\Users\Aditya main\Desktop\Project_Sih\patches\New_Delhi\Scene_1_2025-06-12\patch_0111.npy,3584,3072,512,100.0,patches\New_Delhi\Scene_1_2025-06-12\patch_0111.npy
1150,New_Delhi,Scene_1_2025-06-12,112,C:\Users\Aditya main\Desktop\Project_Sih\patches\New_Delhi\Scene_1_2025-06-12\patch_0112.npy,3584,3584,512,100.0,patches\New_Delhi\Scene_1_2025-06-12\patch_0112.npy
1151,New_Delhi,Scene_1_2025-06-12,113,C:\Users\Aditya main\Desktop\Project_Sih\patches\New_Delhi\Scene_1_2025-06-12\patch_0113.npy,3584,4096,512,100.0,patches\New_Delhi\Scene_1_2025-06-12\patch_0113.npy
1152,New_Delhi,Scene_1_2025-06-12,114,C:\Users\Aditya main\Desktop\Project_Sih\patches\New_Delhi\Scene_1_2025-06-12\patch_0114.npy,3584,4608,512,100.0,patches\New_Delhi\Scene_1_2025-06-12\patch_0114.npy
1153,New_Delhi,Scene_1_2025-06-12,115,C:\Users\Aditya main\Desktop\Project_Sih\patches\New_Delhi\Scene_1_2025-06-12\patch_0115.npy,3584,5120,512,100.0,patches\New_Delhi\Scene_1_2025-06-12\patch_0115.npy
1154,New_Delhi,Scene_1_2025-06-12,116,C:\Users\Aditya main\Desktop\Project_Sih\patches\New_Delhi\Scene_1_2025-06-12\patch_0116.npy,3584,5632,512,100.0,patches\New_Delhi\Scene_1_2025-06-12\patch_0116.npy
1155,New_Delhi,Scene_1_2025-06-12,117,C:\Users\Aditya main\Desktop\Project_Sih\patches\New_Delhi\Scene_1_2025-06-12\patch_0117.npy,3584,6144,512,100.0,patches\New_Delhi\Scene_1_2025-06-12\patch_0117.npy
1156,New_Delhi,Scene_1_2025-06-12,118,C:\Users\Aditya main\Desktop\Project_Sih\patches\New_Delhi\Scene_1_2025-06-12\patch_0118.npy,3584,6656,512,100.0,patches\New_Delhi\Scene_1_2025-06-12\patch_0118.npy
1157,New_Delhi,Scene_1_2025-06-12,119,C:\Users\Aditya main\Desktop\Project_Sih\patches\New_Delhi\Scene_1_2025-06-12\patch_0119.npy,3584,7168,512,100.0,patches\New_Delhi\Scene_1_2025-06-12\patch_0119.npy
1158,New_Delhi,Scene_1_2025-06-12,120,C:\Users\Aditya main\Desktop\Project_Sih\patches\New_Delhi\Scene_1_2025-06-12\patch_0120.npy,4096,0,512,100.0,patches\New_Delhi\Scene_1_2025-06-12\patch_0120.npy
1159,New_Delhi,Scene_1_2025-06-12,121,C:\Users\Aditya main\Desktop\Project_Sih\patches\New_Delhi\Scene_1_2025-06-12\patch_0121.npy,4096,512,512,100.0,patches\New_Delhi\Scene_1_2025-06-12\patch_0121.npy
1160,New_Delhi,Scene_1_2025-06-12,122,C:\Users\Aditya main\Desktop\Project_Sih\patches\New_Delhi\Scene_1_2025-06-12\patch_0122.npy,4096,1024,512,100.0,patches\New_Delhi\Scene_1_2025-06-12\patch_0122.npy
1161,New_Delhi,Scene_1_2025-06-12,123,C:\Users\Aditya main\Desktop\Project_Sih\patches\New_Delhi\Scene_1_2025-06-12\patch_0123.npy,4096,1536,512,100.0,patches\New_Delhi\Scene_1_2025-06-12\patch_0123.npy
1162,New_Delhi,Scene_1_2025-06-12,124,C:\Users\Aditya main\Desktop\Project_Sih\patches\New_Delhi\Scene_1_2025-06-12\patch_0124.npy,4096,2048,512,100.0,patches\New_Delhi\Scene_1_2025-06-12\patch_0124.npy
1163,New_Delhi,Scene_1_2025-06-12,125,C:\Users\Aditya main\Desktop\Project_Sih\patches\New_Delhi\Scene_1_2025-06-12\patch_0125.npy,4096,2560,512,100.0,patches\New_Delhi\Scene_1_2025-06-12\patch_0125.npy
1164,New_Delhi,Scene_1_2025-06-12,126,C:\Users\Aditya main\Desktop\Project_Sih\patches\New_Delhi\Scene_1_2025-06-12\patch_0126.npy,4096,3072,512,100.0,patches\New_Delhi\Scene_1_2025-06-12\patch_0126.npy
1165,New_Delhi,Scene_1_2025-06-12,127,C:\Users\Aditya main\Desktop\Project_Sih\patches\New_Delhi\Scene_1_2025-06-12\patch_0127.npy,4096,3584,512,100.0,patches\New_Delhi\Scene_1_2025-06-12\patch_0127.npy
1166,New_Delhi,Scene_1_2025-06-12,128,C:\Users\Aditya main\Desktop\Project_Sih\patches\New_Delhi\Scene_1_2025-06-12\patch_0128.npy,4096,4096,512,100.0,patches\New_Delhi\Scene_1_2025-06-12\patch_0128.npy
1167,New_Delhi,Scene_1_2025-06-12,129,C:\Users\Aditya main\Desktop\Project_Sih\patches\New_Delhi\Scene_1_2025-06-12\patch_0129.npy,4096,4608,512,100.0,patches\New_Delhi\Scene_1_2025-06-12\patch_0129.npy
1168,New_Delhi,Scene_1_2025-06-12,130,C:\Users\Aditya main\Desktop\Project_Sih\patches\New_Delhi\Scene_1_2025-06-12\patch_0130.npy,4096,5120,512,100.0,patches\New_Delhi\Scene_1_2025-06-12\patch_0130.npy
1169,New_Delhi,Scene_1_2025-06-12,131,C:\Users\Aditya main\Desktop\Project_Sih\patches\New_Delhi\Scene_1_2025-06-12\patch_0131.npy,4096,5632,512,100.0,patches\New_Delhi\Scene_1_2025-06-12\patch_0131.npy
1170,New_Delhi,Scene_1_2025-06-12,132,C:\Users\Aditya main\Desktop\Project_Sih\patches\New_Delhi\Scene_1_2025-06-12\patch_0132.npy,4096,6144,512,100.0,patches\New_Delhi\Scene_1_2025-06-12\patch_0132.npy
1171,New_Delhi,Scene_1_2025-06-12,133,C:\Users\Aditya main\Desktop\Project_Sih\patches\New_Delhi\Scene_1_2025-06-12\patch_0133.npy,4096,6656,512,100.0,patches\New_Delhi\Scene_1_2025-06-12\patch_0133.npy
1172,New_Delhi,Scene_1_2025-06-12,134,C:\Users\Aditya main\Desktop\Project_Sih\patches\New_Delhi\Scene_1_2025-06-12\patch_0134.npy,4096,7168,512,100.0,patches\New_Delhi\Scene_1_2025-06-12\patch_0134.npy
1173,New_Delhi,Scene_1_2025-06-12,135,C:\Users\Aditya main\Desktop\Project_Sih\patches\New_Delhi\Scene_1_2025-06-12\patch_0135.npy,4608,0,512,100.0,patches\New_Delhi\Scene_1_2025-06-12\patch_0135.npy
1174,New_Delhi,Scene_1_2025-06-12,136,C:\Users\Aditya main\Desktop\Project_Sih\patches\New_Delhi\Scene_1_2025-06-12\patch_0136.npy,4608,512,512,100.0,patches\New_Delhi\Scene_1_2025-06-12\patch_0136.npy
1175,New_Delhi,Scene_1_2025-06-12,137,C:\Users\Aditya main\Desktop\Project_Sih\patches\New_Delhi\Scene_1_2025-06-12\patch_0137.npy,4608,1024,512,100.0,patches\New_Delhi\Scene_1_2025-06-12\patch_0137.npy
1176,New_Delhi,Scene_1_2025-06-12,138,C:\Users\Aditya main\Desktop\Project_Sih\patches\New_Delhi\Scene_1_2025-06-12\patch_0138.npy,4608,1536,512,100.0,patches\New_Delhi\Scene_1_2025-06-12\patch_0138.npy
1177,New_Delhi,Scene_1_2025-06-12,139,C:\Users\Aditya main\Desktop\Project_Sih\patches\New_Delhi\Scene_1_2025-06-12\patch_0139.npy,4608,2048,512,100.0,patches\New_Delhi\Scene_1_2025-06-12\patch_0139.npy
1178,New_Delhi,Scene_1_2025-06-12,140,C:\Users\Aditya main\Desktop\Project_Sih\patches\New_Delhi\Scene_1_2025-06-12\patch_0140.npy,4608,2560,512,100.0,patches\New_Delhi\Scene_1_2025-06-12\patch_0140.npy
1179,New_Delhi,Scene_1_2025-06-12,141,C:\Users\Aditya main\Desktop\Project_Sih\patches\New_Delhi\Scene_1_2025-06-12\patch_0141.npy,4608,3072,512,100.0,patches\New_Delhi\Scene_1_2025-06-12\patch_0141.npy
1180,New_Delhi,Scene_1_2025-06-12,142,C:\Users\Aditya main\Desktop\Project_Sih\patches\New_Delhi\Scene_1_2025-06-12\patch_0142.npy,4608,3584,512,100.0,patches\New_Delhi\Scene_1_2025-06-12\patch_0142.npy
1181,New_Delhi,Scene_1_2025-06-12,143,C:\Users\Aditya main\Desktop\Project_Sih\patches\New_Delhi\Scene_1_2025-06-12\patch_0143.npy,4608,4096,512,100.0,patches\New_Delhi\Scene_1_2025-06-12\patch_0143.npy
1182,New_Delhi,Scene_1_2025-06-12,144,C:\Users\Aditya main\Desktop\Project_Sih\patches\New_Delhi\Scene_1_2025-06-12\patch_0144.npy,4608,4608,512,100.0,patches\New_Delhi\Scene_1_2025-06-12\patch_0144.npy
1183,New_Delhi,Scene_1_2025-06-12,145,C:\Users\Aditya main\Desktop\Project_Sih\patches\New_Delhi\Scene_1_2025-06-12\patch_0145.npy,4608,5120,512,100.0,patches\New_Delhi\Scene_1_2025-06-12\patch_0145.npy
1184,New_Delhi,Scene_1_2025-06-12,146,C:\Users\Aditya main\Desktop\Project_Sih\patches\New_Delhi\Scene_1_2025-06-12\patch_0146.npy,4608,5632,512,100.0,patches\New_Delhi\Scene_1_2025-06-12\patch_0146.npy
1185,New_Delhi,Scene_1_2025-06-12,147,C:\Users\Aditya main\Desktop\Project_Sih\patches\New_Delhi\Scene_1_2025-06-12\patch_0147.npy,4608,6144,512,100.0,patches\New_Delhi\Scene_1_2025-06-12\patch_0147.npy
1186,New_Delhi,Scene_1_2025-06-12,148,C:\Users\Aditya main\Desktop\Project_Sih\patches\New_Delhi\Scene_1_2025-06-12\patch_0148.npy,4608,6656,512,100.0,patches\New_Delhi\Scene_1_2025-06-12\patch_0148.npy
1187,New_Delhi,Scene_1_2025-06-12,149,C:\Users\Aditya main\Desktop\Project_Sih\patches\New_Delhi\Scene_1_2025-06-12\patch_0149.npy,4608,7168,512,100.0,patches\New_Delhi\Scene_1_2025-06-12\patch_0149.npy
1188,New_Delhi,Scene_1_2025-06-12,150,C:\Users\Aditya main\Desktop\Project_Sih\patches\New_Delhi\Scene_1_2025-06-12\patch_0150.npy,5120,0,512,100.0,patches\New_Delhi\Scene_1_2025-06-12\patch_0150.npy
1189,New_Delhi,Scene_1_2025-06-12,151,C:\Users\Aditya main\Desktop\Project_Sih\patches\New_Delhi\Scene_1_2025-06-12\patch_0151.npy,5120,512,512,100.0,patches\New_Delhi\Scene_1_2025-06-12\patch_0151.npy
1190,New_Delhi,Scene_1_2025-06-12,152,C:\Users\Aditya main\Desktop\Project_Sih\patches\New_Delhi\Scene_1_2025-06-12\patch_0152.npy,5120,1024,512,100.0,patches\New_Delhi\Scene_1_2025-06-12\patch_0152.npy
1191,New_Delhi,Scene_1_2025-06-12,153,C:\Users\Aditya main\Desktop\Project_Sih\patches\New_Delhi\Scene_1_2025-06-12\patch_0153.npy,5120,1536,512,100.0,patches\New_Delhi\Scene_1_2025-06-12\patch_0153.npy
1192,New_Delhi,Scene_1_2025-06-12,154,C:\Users\Aditya main\Desktop\Project_Sih\patches\New_Delhi\Scene_1_2025-06-12\patch_0154.npy,5120,2048,512,100.0,patches\New_Delhi\Scene_1_2025-06-12\patch_0154.npy
1193,New_Delhi,Scene_1_2025-06-12,155,C:\Users\Aditya main\Desktop\Project_Sih\patches\New_Delhi\Scene_1_2025-06-12\patch_0155.npy,5120,2560,512,100.0,patches\New_Delhi\Scene_1_2025-06-12\patch_0155.npy
1194,New_Delhi,Scene_1_2025-06-12,156,C:\Users\Aditya main\Desktop\Project_Sih\patches\New_Delhi\Scene_1_2025-06-12\patch_0156.npy,5120,3072,512,100.0,patches\New_Delhi\Scene_1_2025-06-12\patch_0156.npy
1195,New_Delhi,Scene_1_2025-06-12,157,C:\Users\Aditya main\Desktop\Project_Sih\patches\New_Delhi\Scene_1_2025-06-12\patch_0157.npy,5120,3584,512,100.0,patches\New_Delhi\Scene_1_2025-06-12\patch_0157.npy
1196,New_Delhi,Scene_1_2025-06-12,158,C:\Users\Aditya main\Desktop\Project_Sih\patches\New_Delhi\Scene_1_2025-06-12\patch_0158.npy,5120,4096,512,100.0,patches\New_Delhi\Scene_1_2025-06-12\patch_0158.npy
1197,New_Delhi,Scene_1_2025-06-12,159,C:\Users\Aditya main\Desktop\Project_Sih\patches\New_Delhi\Scene_1_2025-06-12\patch_0159.npy,5120,4608,512,100.0,patches\New_Delhi\Scene_1_2025-06-12\patch_0159.npy
1198,New_Delhi,Scene_1_2025-06-12,160,C:\Users\Aditya main\Desktop\Project_Sih\patches\New_Delhi\Scene_1_2025-06-12\patch_0160.npy,5120,5120,512,100.0,patches\New_Delhi\Scene_1_2025-06-12\patch_0160.npy
1199,New_Delhi,Scene_1_2025-06-12,161,C:\Users\Aditya main\Desktop\Project_Sih\patches\New_Delhi\Scene_1_2025-06-12\patch_0161.npy,5120,5632,512,100.0,patches\New_Delhi\Scene_1_2025-06-12\patch_0161.npy
1200,New_Delhi,Scene_1_2025-06-12,162,C:\Users\Aditya main\Desktop\Project_Sih\patches\New_Delhi\Scene_1_2025-06-12\patch_0162.npy,5120,6144,512,100.0,patches\New_Delhi\Scene_1_2025-06-12\patch_0162.npy
1201,New_Delhi,Scene_1_2025-06-12,163,C:\Users\Aditya main\Desktop\Project_Sih\patches\New_Delhi\Scene_1_2025-06-12\patch_0163.npy,5120,6656,512,100.0,patches\New_Delhi\Scene_1_2025-06-12\patch_0163.npy
1202,New_Delhi,Scene_1_2025-06-12,164,C:\Users\Aditya main\Desktop\Project_Sih\patches\New_Delhi\Scene_1_2025-06-12\patch_0164.npy,5120,7168,512,100.0,patches\New_Delhi\Scene_1_2025-06-12\patch_0164.npy
1203,New_Delhi,Scene_1_2025-06-12,165,C:\Users\Aditya main\Desktop\Project_Sih\patches\New_Delhi\Scene_1_2025-06-12\patch_0165.npy,5632,0,512,100.0,patches\New_Delhi\Scene_1_2025-06-12\patch_0165.npy
1204,New_Delhi,Scene_1_2025-06-12,166,C:\Users\Aditya main\Desktop\Project_Sih\patches\New_Delhi\Scene_1_2025-06-12\patch_0166.npy,5632,512,512,100.0,patches\New_Delhi\Scene_1_2025-06-12\patch_0166.npy
1205,New_Delhi,Scene_1_2025-06-12,167,C:\Users\Aditya main\Desktop\Project_Sih\patches\New_Delhi\Scene_1_2025-06-12\patch_0167.npy,5632,1024,512,100.0,patches\New_Delhi\Scene_1_2025-06-12\patch_0167.npy
1206,New_Delhi,Scene_1_2025-06-12,168,C:\Users\Aditya main\Desktop\Project_Sih\patches\New_Delhi\Scene_1_2025-06-12\patch_0168.npy,5632,1536,512,100.0,patches\New_Delhi\Scene_1_2025-06-12\patch_0168.npy
1207,New_Delhi,Scene_1_2025-06-12,169,C:\Users\Aditya main\Desktop\Project_Sih\patches\New_Delhi\Scene_1_2025-06-12\patch_0169.npy,5632,2048,512,100.0,patches\New_Delhi\Scene_1_2025-06-12\patch_0169.npy
1208,New_Delhi,Scene_1_2025-06-12,170,C:\Users\Aditya main\Desktop\Project_Sih\patches\New_Delhi\Scene_1_2025-06-12\patch_0170.npy,5632,2560,512,100.0,patches\New_Delhi\Scene_1_2025-06-12\patch_0170.npy
1209,New_Delhi,Scene_1_2025-06-12,171,C:\Users\Aditya main\Desktop\Project_Sih\patches\New_Delhi\Scene_1_2025-06-12\patch_0171.npy,5632,3072,512,100.0,patches\New_Delhi\Scene_1_2025-06-12\patch_0171.npy
1210,New_Delhi,Scene_1_2025-06-12,172,C:\Users\Aditya main\Desktop\Project_Sih\patches\New_Delhi\Scene_1_2025-06-12\patch_0172.npy,5632,3584,512,100.0,patches\New_Delhi\Scene_1_2025-06-12\patch_0172.npy
1211,New_Delhi,Scene_1_2025-06-12,173,C:\Users\Aditya main\Desktop\Project_Sih\patches\New_Delhi\Scene_1_2025-06-12\patch_0173.npy,5632,4096,512,100.0,patches\New_Delhi\Scene_1_2025-06-12\patch_0173.npy
1212,New_Delhi,Scene_1_2025-06-12,174,C:\Users\Aditya main\Desktop\Project_Sih\patches\New_Delhi\Scene_1_2025-06-12\patch_0174.npy,5632,4608,512,100.0,patches\New_Delhi\Scene_1_2025-06-12\patch_0174.npy
1213,New_Delhi,Scene_1_2025-06-12,175,C:\Users\Aditya main\Desktop\Project_Sih\patches\New_Delhi\Scene_1_2025-06-12\patch_0175.npy,5632,5120,512,100.0,patches\New_Delhi\Scene_1_2025-06-12\patch_0175.npy
1214,New_Delhi,Scene_1_2025-06-12,176,C:\Users\Aditya main\Desktop\Project_Sih\patches\New_Delhi\Scene_1_2025-06-12\patch_0176.npy,5632,5632,512,100.0,patches\New_Delhi\Scene_1_2025-06-12\patch_0176.npy
1215,New_Delhi,Scene_1_2025-06-12,177,C:\Users\Aditya main\Desktop\Project_Sih\patches\New_Delhi\Scene_1_2025-06-12\patch_0177.npy,5632,6144,512,100.0,patches\New_Delhi\Scene_1_2025-06-12\patch_0177.npy
1216,New_Delhi,Scene_1_2025-06-12,178,C:\Users\Aditya main\Desktop\Project_Sih\patches\New_Delhi\Scene_1_2025-06-12\patch_0178.npy,5632,6656,512,100.0,patches\New_Delhi\Scene_1_2025-06-12\patch_0178.npy
1217,New_Delhi,Scene_1_2025-06-12,179,C:\Users\Aditya main\Desktop\Project_Sih\patches\New_Delhi\Scene_1_2025-06-12\patch_0179.npy,5632,7168,512,100.0,patches\New_Delhi\Scene_1_2025-06-12\patch_0179.npy
1218,New_Delhi,Scene_1_2025-06-12,180,C:\Users\Aditya main\Desktop\Project_Sih\patches\New_Delhi\Scene_1_2025-06-12\patch_0180.npy,6144,0,512,100.0,patches\New_Delhi\Scene_1_2025-06-12\patch_0180.npy
1219,New_Delhi,Scene_1_2025-06-12,181,C:\Users\Aditya main\Desktop\Project_Sih\patches\New_Delhi\Scene_1_2025-06-12\patch_0181.npy,6144,512,512,100.0,patches\New_Delhi\Scene_1_2025-06-12\patch_0181.npy
1220,New_Delhi,Scene_1_2025-06-12,182,C:\Users\Aditya main\Desktop\Project_Sih\patches\New_Delhi\Scene_1_2025-06-12\patch_0182.npy,6144,1024,512,100.0,patches\New_Delhi\Scene_1_2025-06-12\patch_0182.npy
1221,New_Delhi,Scene_1_2025-06-12,183,C:\Users\Aditya main\Desktop\Project_Sih\patches\New_Delhi\Scene_1_2025-06-12\patch_0183.npy,6144,1536,512,100.0,patches\New_Delhi\Scene_1_2025-06-12\patch_0183.npy
1222,New_Delhi,Scene_1_2025-06-12,184,C:\Users\Aditya main\Desktop\Project_Sih\patches\New_Delhi\Scene_1_2025-06-12\patch_0184.npy,6144,2048,512,100.0,patches\New_Delhi\Scene_1_2025-06-12\patch_0184.npy
1223,New_Delhi,Scene_1_2025-06-12,185,C:\Users\Aditya main\Desktop\Project_Sih\patches\New_Delhi\Scene_1_2025-06-12\patch_0185.npy,6144,2560,512,100.0,patches\New_Delhi\Scene_1_2025-06-12\patch_0185.npy
1224,New_Delhi,Scene_1_2025-06-12,186,C:\Users\Aditya main\Desktop\Project_Sih\patches\New_Delhi\Scene_1_2025-06-12\patch_0186.npy,6144,3072,512,100.0,patches\New_Delhi\Scene_1_2025-06-12\patch_0186.npy
1225,New_Delhi,Scene_1_2025-06-12,187,C:\Users\Aditya main\Desktop\Project_Sih\patches\New_Delhi\Scene_1_2025-06-12\patch_0187.npy,6144,3584,512,100.0,patches\New_Delhi\Scene_1_2025-06-12\patch_0187.npy
1226,New_Delhi,Scene_1_2025-06-12,188,C:\Users\Aditya main\Desktop\Project_Sih\patches\New_Delhi\Scene_1_2025-06-12\patch_0188.npy,6144,4096,512,100.0,patches\New_Delhi\Scene_1_2025-06-12\patch_0188.npy
1227,New_Delhi,Scene_1_2025-06-12,189,C:\Users\Aditya main\Desktop\Project_Sih\patches\New_Delhi\Scene_1_2025-06-12\patch_0189.npy,6144,4608,512,100.0,patches\New_Delhi\Scene_1_2025-06-12\patch_0189.npy
1228,New_Delhi,Scene_1_2025-06-12,190,C:\Users\Aditya main\Desktop\Project_Sih\patches\New_Delhi\Scene_1_2025-06-12\patch_0190.npy,6144,5120,512,100.0,patches\New_Delhi\Scene_1_2025-06-12\patch_0190.npy
1229,New_Delhi,Scene_1_2025-06-12,191,C:\Users\Aditya main\Desktop\Project_Sih\patches\New_Delhi\Scene_1_2025-06-12\patch_0191.npy,6144,5632,512,100.0,patches\New_Delhi\Scene_1_2025-06-12\patch_0191.npy
1230,New_Delhi,Scene_1_2025-06-12,192,C:\Users\Aditya main\Desktop\Project_Sih\patches\New_Delhi\Scene_1_2025-06-12\patch_0192.npy,6144,6144,512,100.0,patches\New_Delhi\Scene_1_2025-06-12\patch_0192.npy
1231,New_Delhi,Scene_1_2025-06-12,193,C:\Users\Aditya main\Desktop\Project_Sih\patches\New_Delhi\Scene_1_2025-06-12\patch_0193.npy,6144,6656,512,100.0,patches\New_Delhi\Scene_1_2025-06-12\patch_0193.npy
1232,New_Delhi,Scene_1_2025-06-12,194,C:\Users\Aditya main\Desktop\Project_Sih\patches\New_Delhi\Scene_1_2025-06-12\patch_0194.npy,6144,7168,512,100.0,patches\New_Delhi\Scene_1_2025-06-12\patch_0194.npy
1233,New_Delhi,Scene_1_2025-06-12,195,C:\Users\Aditya main\Desktop\Project_Sih\patches\New_Delhi\Scene_1_2025-06-12\patch_0195.npy,6656,0,512,100.0,patches\New_Delhi\Scene_1_2025-06-12\patch_0195.npy
1234,New_Delhi,Scene_1_2025-06-12,196,C:\Users\Aditya main\Desktop\Project_Sih\patches\New_Delhi\Scene_1_2025-06-12\patch_0196.npy,6656,512,512,100.0,patches\New_Delhi\Scene_1_2025-06-12\patch_0196.npy
1235,New_Delhi,Scene_1_2025-06-12,197,C:\Users\Aditya main\Desktop\Project_Sih\patches\New_Delhi\Scene_1_2025-06-12\patch_0197.npy,6656,1024,512,100.0,patches\New_Delhi\Scene_1_2025-06-12\patch_0197.npy
1236,New_Delhi,Scene_1_2025-06-12,198,C:\Users\Aditya main\Desktop\Project_Sih\patches\New_Delhi\Scene_1_2025-06-12\patch_0198.npy,6656,1536,512,100.0,patches\New_Delhi\Scene_1_2025-06-12\patch_0198.npy
1237,New_Delhi,Scene_1_2025-06-12,199,C:\Users\Aditya main\Desktop\Project_Sih\patches\New_Delhi\Scene_1_2025-06-12\patch_0199.npy,6656,2048,512,100.0,patches\New_Delhi\Scene_1_2025-06-12\patch_0199.npy
1238,New_Delhi,Scene_1_2025-06-12,200,C:\Users\Aditya main\Desktop\Project_Sih\patches\New_Delhi\Scene_1_2025-06-12\patch_0200.npy,6656,2560,512,100.0,patches\New_Delhi\Scene_1_2025-06-12\patch_0200.npy
1239,New_Delhi,Scene_1_2025-06-12,201,C:\Users\Aditya main\Desktop\Project_Sih\patches\New_Delhi\Scene_1_2025-06-12\patch_0201.npy,6656,3072,512,100.0,patches\New_Delhi\Scene_1_2025-06-12\patch_0201.npy
1240,New_Delhi,Scene_1_2025-06-12,202,C:\Users\Aditya main\Desktop\Project_Sih\patches\New_Delhi\Scene_1_2025-06-12\patch_0202.npy,6656,3584,512,100.0,patches\New_Delhi\Scene_1_2025-06-12\patch_0202.npy
1241,New_Delhi,Scene_1_2025-06-12,203,C:\Users\Aditya main\Desktop\Project_Sih\patches\New_Delhi\Scene_1_2025-06-12\patch_0203.npy,6656,4096,512,100.0,patches\New_Delhi\Scene_1_2025-06-12\patch_0203.npy
1242,New_Delhi,Scene_1_2025-06-12,204,C:\Users\Aditya main\Desktop\Project_Sih\patches\New_Delhi\Scene_1_2025-06-12\patch_0204.npy,6656,4608,512,100.0,patches\New_Delhi\Scene_1_2025-06-12\patch_0204.npy
1243,New_Delhi,Scene_1_2025-06-12,205,C:\Users\Aditya main\Desktop\Project_Sih\patches\New_Delhi\Scene_1_2025-06-12\patch_0205.npy,6656,5120,512,100.0,patches\New_Delhi\Scene_1_2025-06-12\patch_0205.npy
1244,New_Delhi,Scene_1_2025-06-12,206,C:\Users\Aditya main\Desktop\Project_Sih\patches\New_Delhi\Scene_1_2025-06-12\patch_0206.npy,6656,5632,512,100.0,patches\New_Delhi\Scene_1_2025-06-12\patch_0206.npy
1245,New_Delhi,Scene_1_2025-06-12,207,C:\Users\Aditya main\Desktop\Project_Sih\patches\New_Delhi\Scene_1_2025-06-12\patch_0207.npy,6656,6144,512,100.0,patches\New_Delhi\Scene_1_2025-06-12\patch_0207.npy
1246,New_Delhi,Scene_1_2025-06-12,208,C:\Users\Aditya main\Desktop\Project_Sih\patches\New_Delhi\Scene_1_2025-06-12\patch_0208.npy,6656,6656,512,100.0,patches\New_Delhi\Scene_1_2025-06-12\patch_0208.npy
1247,New_Delhi,Scene_1_2025-06-12,209,C:\Users\Aditya main\Desktop\Project_Sih\patches\New_Delhi\Scene_1_2025-06-12\patch_0209.npy,6656,7168,512,100.0,patches\New_Delhi\Scene_1_2025-06-12\patch_0209.npy
1293,New_Delhi,Scene_2_2025-06-07,0,C:\Users\Aditya main\Desktop\Project_Sih\patches\New_Delhi\Scene_2_2025-06-07\patch_0000.npy,0,512,512,100.0,patches\New_Delhi\Scene_2_2025-06-07\patch_0000.npy
1294,New_Delhi,Scene_2_2025-06-07,1,C:\Users\Aditya main\Desktop\Project_Sih\patches\New_Delhi\Scene_2_2025-06-07\patch_0001.npy,0,1024,512,97.8912353515625,patches\New_Delhi\Scene_2_2025-06-07\patch_0001.npy
1295,New_Delhi,Scene_2_2025-06-07,2,C:\Users\Aditya main\Desktop\Project_Sih\patches\New_Delhi\Scene_2_2025-06-07\patch_0002.npy,0,1536,512,100.0,patches\New_Delhi\Scene_2_2025-06-07\patch_0002.npy
1296,New_Delhi,Scene_2_2025-06-07,3,C:\Users\Aditya main\Desktop\Project_Sih\patches\New_Delhi\Scene_2_2025-06-07\patch_0003.npy,0,2048,512,100.0,patches\New_Delhi\Scene_2_2025-06-07\patch_0003.npy
1297,New_Delhi,Scene_2_2025-06-07,4,C:\Users\Aditya main\Desktop\Project_Sih\patches\New_Delhi\Scene_2_2025-06-07\patch_0004.npy,0,2560,512,100.0,patches\New_Delhi\Scene_2_2025-06-07\patch_0004.npy
1298,New_Delhi,Scene_2_2025-06-07,5,C:\Users\Aditya main\Desktop\Project_Sih\patches\New_Delhi\Scene_2_2025-06-07\patch_0005.npy,0,3072,512,98.40850830078124,patches\New_Delhi\Scene_2_2025-06-07\patch_0005.npy
1299,New_Delhi,Scene_2_2025-06-07,6,C:\Users\Aditya main\Desktop\Project_Sih\patches\New_Delhi\Scene_2_2025-06-07\patch_0006.npy,0,3584,512,99.96185302734376,patches\New_Delhi\Scene_2_2025-06-07\patch_0006.npy
1300,New_Delhi,Scene_2_2025-06-07,7,C:\Users\Aditya main\Desktop\Project_Sih\patches\New_Delhi\Scene_2_2025-06-07\patch_0007.npy,0,4096,512,100.0,patches\New_Delhi\Scene_2_2025-06-07\patch_0007.npy
1301,New_Delhi,Scene_2_2025-06-07,8,C:\Users\Aditya main\Desktop\Project_Sih\patches\New_Delhi\Scene_2_2025-06-07\patch_0008.npy,0,4608,512,100.0,patches\New_Delhi\Scene_2_2025-06-07\patch_0008.npy
1302,New_Delhi,Scene_2_2025-06-07,9,C:\Users\Aditya main\Desktop\Project_Sih\patches\New_Delhi\Scene_2_2025-06-07\patch_0009.npy,0,5120,512,96.124267578125,patches\New_Delhi\Scene_2_2025-06-07\patch_0009.npy
1303,New_Delhi,Scene_2_2025-06-07,10,C:\Users\Aditya main\Desktop\Project_Sih\patches\New_Delhi\Scene_2_2025-06-07\patch_0010.npy,0,6656,512,100.0,patches\New_Delhi\Scene_2_2025-06-07\patch_0010.npy
1304,New_Delhi,Scene_2_2025-06-07,11,C:\Users\Aditya main\Desktop\Project_Sih\patches\New_Delhi\Scene_2_2025-06-07\patch_0011.npy,0,7168,512,100.0,patches\New_Delhi\Scene_2_2025-06-07\patch_0011.npy
1305,New_Delhi,Scene_2_2025-06-07,12,C:\Users\Aditya main\Desktop\Project_Sih\patches\New_Delhi\Scene_2_2025-06-07\patch_0012.npy,512,0,512,99.9847412109375,patches\New_Delhi\Scene_2_2025-06-07\patch_0012.npy
1306,New_Delhi,Scene_2_2025-06-07,13,C:\Users\Aditya main\Desktop\Project_Sih\patches\New_Delhi\Scene_2_2025-06-07\patch_0013.npy,512,512,512,100.0,patches\New_Delhi\Scene_2_2025-06-07\patch_0013.npy
1307,New_Delhi,Scene_2_2025-06-07,14,C:\Users\Aditya main\Desktop\Project_Sih\patches\New_Delhi\Scene_2_2025-06-07\patch_0014.npy,512,1024,512,100.0,patches\New_Delhi\Scene_2_2025-06-07\patch_0014.npy
1308,New_Delhi,Scene_2_2025-06-07,15,C:\Users\Aditya main\Desktop\Project_Sih\patches\New_Delhi\Scene_2_2025-06-07\patch_0015.npy,512,1536,512,100.0,patches\New_Delhi\Scene_2_2025-06-07\patch_0015.npy
1309,New_Delhi,Scene_2_2025-06-07,16,C:\Users\Aditya main\Desktop\Project_Sih\patches\New_Delhi\Scene_2_2025-06-07\patch_0016.npy,512,2048,512,100.0,patches\New_Delhi\Scene_2_2025-06-07\patch_0016.npy
1310,New_Delhi,Scene_2_2025-06-07,17,C:\Users\Aditya main\Desktop\Project_Sih\patches\New_Delhi\Scene_2_2025-06-07\patch_0017.npy,512,2560,512,100.0,patches\New_Delhi\Scene_2_2025-06-07\patch_0017.npy
1311,New_Delhi,Scene_2_2025-06-07,18,C:\Users\Aditya main\Desktop\Project_Sih\patches\New_Delhi\Scene_2_2025-06-07\patch_0018.npy,512,3072,512,100.0,patches\New_Delhi\Scene_2_2025-06-07\patch_0018.npy
1312,New_Delhi,Scene_2_2025-06-07,19,C:\Users\Aditya main\Desktop\Project_Sih\patches\New_Delhi\Scene_2_2025-06-07\patch_0019.npy,512,3584,512,100.0,patches\New_Delhi\Scene_2_2025-06-07\patch_0019.npy
1313,New_Delhi,Scene_2_2025-06-07,20,C:\Users\Aditya main\Desktop\Project_Sih\patches\New_Delhi\Scene_2_2025-06-07\patch_0020.npy,512,4096,512,100.0,patches\New_Delhi\Scene_2_2025-06-07\patch_0020.npy
1314,New_Delhi,Scene_2_2025-06-07,21,C:\Users\Aditya main\Desktop\Project_Sih\patches\New_Delhi\Scene_2_2025-06-07\patch_0021.npy,512,4608,512,99.28131103515624,patches\New_Delhi\Scene_2_2025-06-07\patch_0021.npy
1315,New_Delhi,Scene_2_2025-06-07,22,C:\Users\Aditya main\Desktop\Project_Sih\patches\New_Delhi\Scene_2_2025-06-07\patch_0022.npy,512,5120,512,100.0,patches\New_Delhi\Scene_2_2025-06-07\patch_0022.npy
1316,New_Delhi,Scene_2_2025-06-07,23,C:\Users\Aditya main\Desktop\Project_Sih\patches\New_Delhi\Scene_2_2025-06-07\patch_0023.npy,512,6144,512,96.221923828125,patches\New_Delhi\Scene_2_2025-06-07\patch_0023.npy
1317,New_Delhi,Scene_2_2025-06-07,24,C:\Users\Aditya main\Desktop\Project_Sih\patches\New_Delhi\Scene_2_2025-06-07\patch_0024.npy,512,6656,512,100.0,patches\New_Delhi\Scene_2_2025-06-07\patch_0024.npy
1318,New_Delhi,Scene_2_2025-06-07,25,C:\Users\Aditya main\Desktop\Project_Sih\patches\New_Delhi\Scene_2_2025-06-07\patch_0025.npy,512,7168,512,100.0,patches\New_Delhi\Scene_2_2025-06-07\patch_0025.npy
1319,New_Delhi,Scene_2_2025-06-07,26,C:\Users\Aditya main\Desktop\Project_Sih\patches\New_Delhi\Scene_2_2025-06-07\patch_0026.npy,1024,0,512,100.0,patches\New_Delhi\Scene_2_2025-06-07\patch_0026.npy
1320,New_Delhi,Scene_2_2025-06-07,27,C:\Users\Aditya main\Desktop\Project_Sih\patches\New_Delhi\Scene_2_2025-06-07\patch_0027.npy,1024,512,512,100.0,patches\New_Delhi\Scene_2_2025-06-07\patch_0027.npy
1321,New_Delhi,Scene_2_2025-06-07,28,C:\Users\Aditya main\Desktop\Project_Sih\patches\New_Delhi\Scene_2_2025-06-07\patch_0028.npy,1024,1024,512,97.2442626953125,patches\New_Delhi\Scene_2_2025-06-07\patch_0028.npy
1322,New_Delhi,Scene_2_2025-06-07,29,C:\Users\Aditya main\Desktop\Project_Sih\patches\New_Delhi\Scene_2_2025-06-07\patch_0029.npy,1024,1536,512,100.0,patches\New_Delhi\Scene_2_2025-06-07\patch_0029.npy
1323,New_Delhi,Scene_2_2025-06-07,30,C:\Users\Aditya main\Desktop\Project_Sih\patches\New_Delhi\Scene_2_2025-06-07\patch_0030.npy,1024,2048,512,100.0,patches\New_Delhi\Scene_2_2025-06-07\patch_0030.npy
1324,New_Delhi,Scene_2_2025-06-07,31,C:\Users\Aditya main\Desktop\Project_Sih\patches\New_Delhi\Scene_2_2025-06-07\patch_0031.npy,1024,2560,512,100.0,patches\New_Delhi\Scene_2_2025-06-07\patch_0031.npy
1325,New_Delhi,Scene_2_2025-06-07,32,C:\Users\Aditya main\Desktop\Project_Sih\patches\New_Delhi\Scene_2_2025-06-07\patch_0032.npy,1024,3072,512,100.0,patches\New_Delhi\Scene_2_2025-06-07\patch_0032.npy
1326,New_Delhi,Scene_2_2025-06-07,33,C:\Users\Aditya main\Desktop\Project_Sih\patches\New_Delhi\Scene_2_2025-06-07\patch_0033.npy,1024,3584,512,100.0,patches\New_Delhi\Scene_2_2025-06-07\patch_0033.npy
1327,New_Delhi,Scene_2_2025-06-07,34,C:\Users\Aditya main\Desktop\Project_Sih\patches\New_Delhi\Scene_2_2025-06-07\patch_0034.npy,1024,4096,512,100.0,patches\New_Delhi\Scene_2_2025-06-07\patch_0034.npy
1328,New_Delhi,Scene_2_2025-06-07,35,C:\Users\Aditya main\Desktop\Project_Sih\patches\New_Delhi\Scene_2_2025-06-07\patch_0035.npy,1024,4608,512,100.0,patches\New_Delhi\Scene_2_2025-06-07\patch_0035.npy
1329,New_Delhi,Scene_2_2025-06-07,36,C:\Users\Aditya main\Desktop\Project_Sih\patches\New_Delhi\Scene_2_2025-06-07\patch_0036.npy,1024,5120,512,100.0,patches\New_Delhi\Scene_2_2025-06-07\patch_0036.npy
1330,New_Delhi,Scene_2_2025-06-07,37,C:\Users\Aditya main\Desktop\Project_Sih\patches\New_Delhi\Scene_2_2025-06-07\patch_0037.npy,1024,5632,512,99.9542236328125,patches\New_Delhi\Scene_2_2025-06-07\patch_0037.npy
1331,New_Delhi,Scene_2_2025-06-07,38,C:\Users\Aditya main\Desktop\Project_Sih\patches\New_Delhi\Scene_2_2025-06-07\patch_0038.npy,1024,6144,512,99.4140625,patches\New_Delhi\Scene_2_2025-06-07\patch_0038.npy
1332,New_Delhi,Scene_2_2025-06-07,39,C:\Users\Aditya main\Desktop\Project_Sih\patches\New_Delhi\Scene_2_2025-06-07\patch_0039.npy,1024,6656,512,93.02520751953124,patches\New_Delhi\Scene_2_2025-06-07\patch_0039.npy
1333,New_Delhi,Scene_2_2025-06-07,40,C:\Users\Aditya main\Desktop\Project_Sih\patches\New_Delhi\Scene_2_2025-06-07\patch_0040.npy,1024,7168,512,100.0,patches\New_Delhi\Scene_2_2025-06-07\patch_0040.npy
1334,New_Delhi,Scene_2_2025-06-07,41,C:\Users\Aditya main\Desktop\Project_Sih\patches\New_Delhi\Scene_2_2025-06-07\patch_0041.npy,1536,0,512,100.0,patches\New_Delhi\Scene_2_2025-06-07\patch_0041.npy
1335,New_Delhi,Scene_2_2025-06-07,42,C:\Users\Aditya main\Desktop\Project_Sih\patches\New_Delhi\Scene_2_2025-06-07\patch_0042.npy,1536,512,512,100.0,patches\New_Delhi\Scene_2_2025-06-07\patch_0042.npy
1336,New_Delhi,Scene_2_2025-06-07,43,C:\Users\Aditya main\Desktop\Project_Sih\patches\New_Delhi\Scene_2_2025-06-07\patch_0043.npy,1536,1024,512,100.0,patches\New_Delhi\Scene_2_2025-06-07\patch_0043.npy
1337,New_Delhi,Scene_2_2025-06-07,44,C:\Users\Aditya main\Desktop\Project_Sih\patches\New_Delhi\Scene_2_2025-06-07\patch_0044.npy,1536,1536,512,100.0,patches\New_Delhi\Scene_2_2025-06-07\patch_0044.npy
1338,New_Delhi,Scene_2_2025-06-07,45,C:\Users\Aditya main\Desktop\Project_Sih\patches\New_Delhi\Scene_2_2025-06-07\patch_0045.npy,1536,2048,512,99.90386962890624,patches\New_Delhi\Scene_2_2025-06-07\patch_0045.npy
1339,New_Delhi,Scene_2_2025-06-07,46,C:\Users\Aditya main\Desktop\Project_Sih\patches\New_Delhi\Scene_2_2025-06-07\patch_0046.npy,1536,2560,512,100.0,patches\New_Delhi\Scene_2_2025-06-07\patch_0046.npy
1340,New_Delhi,Scene_2_2025-06-07,47,C:\Users\Aditya main\Desktop\Project_Sih\patches\New_Delhi\Scene_2_2025-06-07\patch_0047.npy,1536,3072,512,100.0,patches\New_Delhi\Scene_2_2025-06-07\patch_0047.npy
1341,New_Delhi,Scene_2_2025-06-07,48,C:\Users\Aditya main\Desktop\Project_Sih\patches\New_Delhi\Scene_2_2025-06-07\patch_0048.npy,1536,3584,512,99.93438720703124,patches\New_Delhi\Scene_2_2025-06-07\patch_0048.npy
1342,New_Delhi,Scene_2_2025-06-07,49,C:\Users\Aditya main\Desktop\Project_Sih\patches\New_Delhi\Scene_2_2025-06-07\patch_0049.npy,1536,4096,512,100.0,patches\New_Delhi\Scene_2_2025-06-07\patch_0049.npy
1343,New_Delhi,Scene_2_2025-06-07,50,C:\Users\Aditya main\Desktop\Project_Sih\patches\New_Delhi\Scene_2_2025-06-07\patch_0050.npy,1536,4608,512,100.0,patches\New_Delhi\Scene_2_2025-06-07\patch_0050.npy
1344,New_Delhi,Scene_2_2025-06-07,51,C:\Users\Aditya main\Desktop\Project_Sih\patches\New_Delhi\Scene_2_2025-06-07\patch_0051.npy,1536,5120,512,100.0,patches\New_Delhi\Scene_2_2025-06-07\patch_0051.npy
1345,New_Delhi,Scene_2_2025-06-07,52,C:\Users\Aditya main\Desktop\Project_Sih\patches\New_Delhi\Scene_2_2025-06-07\patch_0052.npy,1536,6656,512,98.7396240234375,patches\New_Delhi\Scene_2_2025-06-07\patch_0052.npy
1346,New_Delhi,Scene_2_2025-06-07,53,C:\Users\Aditya main\Desktop\Project_Sih\patches\New_Delhi\Scene_2_2025-06-07\patch_0053.npy,1536,7168,512,100.0,patches\New_Delhi\Scene_2_2025-06-07\patch_0053.npy
1347,New_Delhi,Scene_2_2025-06-07,54,C:\Users\Aditya main\Desktop\Project_Sih\patches\New_Delhi\Scene_2_2025-06-07\patch_0054.npy,2048,0,512,100.0,patches\New_Delhi\Scene_2_2025-06-07\patch_0054.npy
1348,New_Delhi,Scene_2_2025-06-07,55,C:\Users\Aditya main\Desktop\Project_Sih\patches\New_Delhi\Scene_2_2025-06-07\patch_0055.npy,2048,512,512,100.0,patches\New_Delhi\Scene_2_2025-06-07\patch_0055.npy
1349,New_Delhi,Scene_2_2025-06-07,56,C:\Users\Aditya main\Desktop\Project_Sih\patches\New_Delhi\Scene_2_2025-06-07\patch_0056.npy,2048,1024,512,99.99847412109376,patches\New_Delhi\Scene_2_2025-06-07\patch_0056.npy
1350,New_Delhi,Scene_2_2025-06-07,57,C:\Users\Aditya main\Desktop\Project_Sih\patches\New_Delhi\Scene_2_2025-06-07\patch_0057.npy,2048,1536,512,100.0,patches\New_Delhi\Scene_2_2025-06-07\patch_0057.npy
1351,New_Delhi,Scene_2_2025-06-07,58,C:\Users\Aditya main\Desktop\Project_Sih\patches\New_Delhi\Scene_2_2025-06-07\patch_0058.npy,2048,2048,512,100.0,patches\New_Delhi\Scene_2_2025-06-07\patch_0058.npy
1352,New_Delhi,Scene_2_2025-06-07,59,C:\Users\Aditya main\Desktop\Project_Sih\patches\New_Delhi\Scene_2_2025-06-07\patch_0059.npy,2048,2560,512,100.0,patches\New_Delhi\Scene_2_2025-06-07\patch_0059.npy
1353,New_Delhi,Scene_2_2025-06-07,60,C:\Users\Aditya main\Desktop\Project_Sih\patches\New_Delhi\Scene_2_2025-06-07\patch_0060.npy,2048,3072,512,100.0,patches\New_Delhi\Scene_2_2025-06-07\patch_0060.npy
1354,New_Delhi,Scene_2_2025-06-07,61,C:\Users\Aditya main\Desktop\Project_Sih\patches\New_Delhi\Scene_2_2025-06-07\patch_0061.npy,2048,4096,512,99.3316650390625,patches\New_Delhi\Scene_2_2025-06-07\patch_0061.npy
1355,New_Delhi,Scene_2_2025-06-07,62,C:\Users\Aditya main\Desktop\Project_Sih\patches\New_Delhi\Scene_2_2025-06-07\patch_0062.npy,2048,4608,512,100.0,patches\New_Delhi\Scene_2_2025-06-07\patch_0062.npy
1356,New_Delhi,Scene_2_2025-06-07,63,C:\Users\Aditya main\Desktop\Project_Sih\patches\New_Delhi\Scene_2_2025-06-07\patch_0063.npy,2048,5120,512,99.1455078125,patches\New_Delhi\Scene_2_2025-06-07\patch_0063.npy
1357,New_Delhi,Scene_2_2025-06-07,64,C:\Users\Aditya main\Desktop\Project_Sih\patches\New_Delhi\Scene_2_2025-06-07\patch_0064.npy,2048,5632,512,99.5849609375,patches\New_Delhi\Scene_2_2025-06-07\patch_0064.npy
1358,New_Delhi,Scene_2_2025-06-07,65,C:\Users\Aditya main\Desktop\Project_Sih\patches\New_Delhi\Scene_2_2025-06-07\patch_0065.npy,2048,6144,512,99.9908447265625,patches\New_Delhi\Scene_2_2025-06-07\patch_0065.npy
1359,New_Delhi,Scene_2_2025-06-07,66,C:\Users\Aditya main\Desktop\Project_Sih\patches\New_Delhi\Scene_2_2025-06-07\patch_0066.npy,2048,6656,512,100.0,patches\New_Delhi\Scene_2_2025-06-07\patch_0066.npy
1360,New_Delhi,Scene_2_2025-06-07,67,C:\Users\Aditya main\Desktop\Project_Sih\patches\New_Delhi\Scene_2_2025-06-07\patch_0067.npy,2048,7168,512,100.0,patches\New_Delhi\Scene_2_2025-06-07\patch_0067.npy
1361,New_Delhi,Scene_2_2025-06-07,68,C:\Users\Aditya main\Desktop\Project_Sih\patches\New_Delhi\Scene_2_2025-06-07\patch_0068.npy,2560,0,512,100.0,patches\New_Delhi\Scene_2_2025-06-07\patch_0068.npy
1362,New_Delhi,Scene_2_2025-06-07,69,C:\Users\Aditya main\Desktop\Project_Sih\patches\New_Delhi\Scene_2_2025-06-07\patch_0069.npy,2560,512,512,99.70855712890624,patches\New_Delhi\Scene_2_2025-06-07\patch_0069.npy
1363,New_Delhi,Scene_2_2025-06-07,70,C:\Users\Aditya main\Desktop\Project_Sih\patches\New_Delhi\Scene_2_2025-06-07\patch_0070.npy,2560,1024,512,97.73712158203124,patches\New_Delhi\Scene_2_2025-06-07\patch_0070.npy
1364,New_Delhi,Scene_2_2025-06-07,71,C:\Users\Aditya main\Desktop\Project_Sih\patches\New_Delhi\Scene_2_2025-06-07\patch_0071.npy,2560,1536,512,99.62158203125,patches\New_Delhi\Scene_2_2025-06-07\patch_0071.npy
1365,New_Delhi,Scene_2_2025-06-07,72,C:\Users\Aditya main\Desktop\Project_Sih\patches\New_Delhi\Scene_2_2025-06-07\patch_0072.npy,2560,2048,512,100.0,patches\New_Delhi\Scene_2_2025-06-07\patch_0072.npy
1366,New_Delhi,Scene_2_2025-06-07,73,C:\Users\Aditya main\Desktop\Project_Sih\patches\New_Delhi\Scene_2_2025-06-07\patch_0073.npy,2560,2560,512,100.0,patches\New_Delhi\Scene_2_2025-06-07\patch_0073.npy
1367,New_Delhi,Scene_2_2025-06-07,74,C:\Users\Aditya main\Desktop\Project_Sih\patches\New_Delhi\Scene_2_2025-06-07\patch_0074.npy,2560,3072,512,92.86651611328124,patches\New_Delhi\Scene_2_2025-06-07\patch_0074.npy
1368,New_Delhi,Scene_2_2025-06-07,75,C:\Users\Aditya main\Desktop\Project_Sih\patches\New_Delhi\Scene_2_2025-06-07\patch_0075.npy,2560,3584,512,94.842529296875,patches\New_Delhi\Scene_2_2025-06-07\patch_0075.npy
1369,New_Delhi,Scene_2_2025-06-07,76,C:\Users\Aditya main\Desktop\Project_Sih\patches\New_Delhi\Scene_2_2025-06-07\patch_0076.npy,2560,4096,512,93.8140869140625,patches\New_Delhi\Scene_2_2025-06-07\patch_0076.npy
1370,New_Delhi,Scene_2_2025-06-07,77,C:\Users\Aditya main\Desktop\Project_Sih\patches\New_Delhi\Scene_2_2025-06-07\patch_0077.npy,2560,4608,512,100.0,patches\New_Delhi\Scene_2_2025-06-07\patch_0077.npy
1371,New_Delhi,Scene_2_2025-06-07,78,C:\Users\Aditya main\Desktop\Project_Sih\patches\New_Delhi\Scene_2_2025-06-07\patch_0078.npy,2560,5120,512,100.0,patches\New_Delhi\Scene_2_2025-06-07\patch_0078.npy
1372,New_Delhi,Scene_2_2025-06-07,79,C:\Users\Aditya main\Desktop\Project_Sih\patches\New_Delhi\Scene_2_2025-06-07\patch_0079.npy,2560,5632,512,100.0,patches\New_Delhi\Scene_2_2025-06-07\patch_0079.npy
1373,New_Delhi,Scene_2_2025-06-07,80,C:\Users\Aditya main\Desktop\Project_Sih\patches\New_Delhi\Scene_2_2025-06-07\patch_0080.npy,2560,6144,512,97.1527099609375,patches\New_Delhi\Scene_2_2025-06-07\patch_0080.npy
1374,New_Delhi,Scene_2_2025-06-07,81,C:\Users\Aditya main\Desktop\Project_Sih\patches\New_Delhi\Scene_2_2025-06-07\patch_0081.npy,2560,6656,512,100.0,patches\New_Delhi\Scene_2_2025-06-07\patch_0081.npy
1375,New_Delhi,Scene_2_2025-06-07,82,C:\Users\Aditya main\Desktop\Project_Sih\patches\New_Delhi\Scene_2_2025-06-07\patch_0082.npy,2560,7168,512,100.0,patches\New_Delhi\Scene_2_2025-06-07\patch_0082.npy
1376,New_Delhi,Scene_2_2025-06-07,83,C:\Users\Aditya main\Desktop\Project_Sih\patches\New_Delhi\Scene_2_2025-06-07\patch_0083.npy,3072,0,512,100.0,patches\New_Delhi\Scene_2_2025-06-07\patch_0083.npy
1377,New_Delhi,Scene_2_2025-06-07,84,C:\Users\Aditya main\Desktop\Project_Sih\patches\New_Delhi\Scene_2_2025-06-07\patch_0084.npy,3072,512,512,100.0,patches\New_Delhi\Scene_2_2025-06-07\patch_0084.npy
1378,New_Delhi,Scene_2_2025-06-07,85,C:\Users\Aditya main\Desktop\Project_Sih\patches\New_Delhi\Scene_2_2025-06-07\patch_0085.npy,3072,1024,512,97.406005859375,patches\New_Delhi\Scene_2_2025-06-07\patch_0085.npy
1379,New_Delhi,Scene_2_2025-06-07,86,C:\Users\Aditya main\Desktop\Project_Sih\patches\New_Delhi\Scene_2_2025-06-07\patch_0086.npy,3072,1536,512,100.0,patches\New_Delhi\Scene_2_2025-06-07\patch_0086.npy
1380,New_Delhi,Scene_2_2025-06-07,87,C:\Users\Aditya main\Desktop\Project_Sih\patches\New_Delhi\Scene_2_2025-06-07\patch_0087.npy,3072,2048,512,100.0,patches\New_Delhi\Scene_2_2025-06-07\patch_0087.npy
1381,New_Delhi,Scene_2_2025-06-07,88,C:\Users\Aditya main\Desktop\Project_Sih\patches\New_Delhi\Scene_2_2025-06-07\patch_0088.npy,3072,2560,512,96.124267578125,patches\New_Delhi\Scene_2_2025-06-07\patch_0088.npy
1382,New_Delhi,Scene_2_2025-06-07,89,C:\Users\Aditya main\Desktop\Project_Sih\patches\New_Delhi\Scene_2_2025-06-07\patch_0089.npy,3072,3072,512,97.13287353515624,patches\New_Delhi\Scene_2_2025-06-07\patch_0089.npy
1383,New_Delhi,Scene_2_2025-06-07,90,C:\Users\Aditya main\Desktop\Project_Sih\patches\New_Delhi\Scene_2_2025-06-07\patch_0090.npy,3072,3584,512,98.09417724609376,patches\New_Delhi\Scene_2_2025-06-07\patch_0090.npy
1384,New_Delhi,Scene_2_2025-06-07,91,C:\Users\Aditya main\Desktop\Project_Sih\patches\New_Delhi\Scene_2_2025-06-07\patch_0091.npy,3072,4096,512,94.9432373046875,patches\New_Delhi\Scene_2_2025-06-07\patch_0091.npy
1385,New_Delhi,Scene_2_2025-06-07,92,C:\Users\Aditya main\Desktop\Project_Sih\patches\New_Delhi\Scene_2_2025-06-07\patch_0092.npy,3072,4608,512,100.0,patches\New_Delhi\Scene_2_2025-06-07\patch_0092.npy
1386,New_Delhi,Scene_2_2025-06-07,93,C:\Users\Aditya main\Desktop\Project_Sih\patches\New_Delhi\Scene_2_2025-06-07\patch_0093.npy,3072,5120,512,94.04449462890624,patches\New_Delhi\Scene_2_2025-06-07\patch_0093.npy
1387,New_Delhi,Scene_2_2025-06-07,94,C:\Users\Aditya main\Desktop\Project_Sih\patches\New_Delhi\Scene_2_2025-06-07\patch_0094.npy,3072,5632,512,96.72393798828124,patches\New_Delhi\Scene_2_2025-06-07\patch_0094.npy
1388,New_Delhi,Scene_2_2025-06-07,95,C:\Users\Aditya main\Desktop\Project_Sih\patches\New_Delhi\Scene_2_2025-06-07\patch_0095.npy,3072,6144,512,96.44012451171876,patches\New_Delhi\Scene_2_2025-06-07\patch_0095.npy
1389,New_Delhi,Scene_2_2025-06-07,96,C:\Users\Aditya main\Desktop\Project_Sih\patches\New_Delhi\Scene_2_2025-06-07\patch_0096.npy,3072,6656,512,95.09429931640624,patches\New_Delhi\Scene_2_2025-06-07\patch_0096.npy
1390,New_Delhi,Scene_2_2025-06-07,97,C:\Users\Aditya main\Desktop\Project_Sih\patches\New_Delhi\Scene_2_2025-06-07\patch_0097.npy,3584,0,512,99.98016357421876,patches\New_Delhi\Scene_2_2025-06-07\patch_0097.npy
1391,New_Delhi,Scene_2_2025-06-07,98,C:\Users\Aditya main\Desktop\Project_Sih\patches\New_Delhi\Scene_2_2025-06-07\patch_0098.npy,3584,512,512,100.0,patches\New_Delhi\Scene_2_2025-06-07\patch_0098.npy
1392,New_Delhi,Scene_2_2025-06-07,99,C:\Users\Aditya main\Desktop\Project_Sih\patches\New_Delhi\Scene_2_2025-06-07\patch_0099.npy,3584,1024,512,99.993896484375,patches\New_Delhi\Scene_2_2025-06-07\patch_0099.npy
1393,New_Delhi,Scene_2_2025-06-07,100,C:\Users\Aditya main\Desktop\Project_Sih\patches\New_Delhi\Scene_2_2025-06-07\patch_0100.npy,3584,1536,512,100.0,patches\New_Delhi\Scene_2_2025-06-07\patch_0100.npy
1394,New_Delhi,Scene_2_2025-06-07,101,C:\Users\Aditya main\Desktop\Project_Sih\patches\New_Delhi\Scene_2_2025-06-07\patch_0101.npy,3584,2048,512,99.6185302734375,patches\New_Delhi\Scene_2_2025-06-07\patch_0101.npy
1395,New_Delhi,Scene_2_2025-06-07,102,C:\Users\Aditya main\Desktop\Project_Sih\patches\New_Delhi\Scene_2_2025-06-07\patch_0102.npy,3584,2560,512,94.7052001953125,patches\New_Delhi\Scene_2_2025-06-07\patch_0102.npy
1396,New_Delhi,Scene_2_2025-06-07,103,C:\Users\Aditya main\Desktop\Project_Sih\patches\New_Delhi\Scene_2_2025-06-07\patch_0103.npy,3584,3072,512,98.42987060546876,patches\New_Delhi\Scene_2_2025-06-07\patch_0103.npy
1397,New_Delhi,Scene_2_2025-06-07,104,C:\Users\Aditya main\Desktop\Project_Sih\patches\New_Delhi\Scene_2_2025-06-07\patch_0104.npy,3584,3584,512,99.1455078125,patches\New_Delhi\Scene_2_2025-06-07\patch_0104.npy
1398,New_Delhi,Scene_2_2025-06-07,105,C:\Users\Aditya main\Desktop\Project_Sih\patches\New_Delhi\Scene_2_2025-06-07\patch_0105.npy,3584,4096,512,99.20654296875,patches\New_Delhi\Scene_2_2025-06-07\patch_0105.npy
1399,New_Delhi,Scene_2_2025-06-07,106,C:\Users\Aditya main\Desktop\Project_Sih\patches\New_Delhi\Scene_2_2025-06-07\patch_0106.npy,3584,5120,512,99.42626953125,patches\New_Delhi\Scene_2_2025-06-07\patch_0106.npy
1400,New_Delhi,Scene_2_2025-06-07,107,C:\Users\Aditya main\Desktop\Project_Sih\patches\New_Delhi\Scene_2_2025-06-07\patch_0107.npy,3584,6144,512,93.90869140625,patches\New_Delhi\Scene_2_2025-06-07\patch_0107.npy
1401,New_Delhi,Scene_2_2025-06-07,108,C:\Users\Aditya main\Desktop\Project_Sih\patches\New_Delhi\Scene_2_2025-06-07\patch_0108.npy,4096,0,512,100.0,patches\New_Delhi\Scene_2_2025-06-07\patch_0108.npy
1402,New_Delhi,Scene_2_2025-06-07,109,C:\Users\Aditya main\Desktop\Project_Sih\patches\New_Delhi\Scene_2_2025-06-07\patch_0109.npy,4096,512,512,99.32098388671876,patches\New_Delhi\Scene_2_2025-06-07\patch_0109.npy
1403,New_Delhi,Scene_2_2025-06-07,110,C:\Users\Aditya main\Desktop\Project_Sih\patches\New_Delhi\Scene_2_2025-06-07\patch_0110.npy,4096,1024,512,98.73199462890624,patches\New_Delhi\Scene_2_2025-06-07\patch_0110.npy
1404,New_Delhi,Scene_2_2025-06-07,111,C:\Users\Aditya main\Desktop\Project_Sih\patches\New_Delhi\Scene_2_2025-06-07\patch_0111.npy,4096,1536,512,99.99237060546876,patches\New_Delhi\Scene_2_2025-06-07\patch_0111.npy
1405,New_Delhi,Scene_2_2025-06-07,112,C:\Users\Aditya main\Desktop\Project_Sih\patches\New_Delhi\Scene_2_2025-06-07\patch_0112.npy,4096,2560,512,100.0,patches\New_Delhi\Scene_2_2025-06-07\patch_0112.npy
1406,New_Delhi,Scene_2_2025-06-07,113,C:\Users\Aditya main\Desktop\Project_Sih\patches\New_Delhi\Scene_2_2025-06-07\patch_0113.npy,4096,3072,512,90.1824951171875,patches\New_Delhi\Scene_2_2025-06-07\patch_0113.npy
1407,New_Delhi,Scene_2_2025-06-07,114,C:\Users\Aditya main\Desktop\Project_Sih\patches\New_Delhi\Scene_2_2025-06-07\patch_0114.npy,4096,3584,512,98.47412109375,patches\New_Delhi\Scene_2_2025-06-07\patch_0114.npy
1408,New_Delhi,Scene_2_2025-06-07,115,C:\Users\Aditya main\Desktop\Project_Sih\patches\New_Delhi\Scene_2_2025-06-07\patch_0115.npy,4096,4096,512,96.33941650390624,patches\New_Delhi\Scene_2_2025-06-07\patch_0115.npy
1409,New_Delhi,Scene_2_2025-06-07,116,C:\Users\Aditya main\Desktop\Project_Sih\patches\New_Delhi\Scene_2_2025-06-07\patch_0116.npy,4096,4608,512,99.3804931640625,patches\New_Delhi\Scene_2_2025-06-07\patch_0116.npy
1410,New_Delhi,Scene_2_2025-06-07,117,C:\Users\Aditya main\Desktop\Project_Sih\patches\New_Delhi\Scene_2_2025-06-07\patch_0117.npy,4096,5120,512,93.646240234375,patches\New_Delhi\Scene_2_2025-06-07\patch_0117.npy
1411,New_Delhi,Scene_2_2025-06-07,118,C:\Users\Aditya main\Desktop\Project_Sih\patches\New_Delhi\Scene_2_2025-06-07\patch_0118.npy,4096,5632,512,97.2015380859375,patches\New_Delhi\Scene_2_2025-06-07\patch_0118.npy
1412,New_Delhi,Scene_2_2025-06-07,119,C:\Users\Aditya main\Desktop\Project_Sih\patches\New_Delhi\Scene_2_2025-06-07\patch_0119.npy,4096,6144,512,97.16339111328124,patches\New_Delhi\Scene_2_2025-06-07\patch_0119.npy
1413,New_Delhi,Scene_2_2025-06-07,120,C:\Users\Aditya main\Desktop\Project_Sih\patches\New_Delhi\Scene_2_2025-06-07\patch_0120.npy,4096,6656,512,93.6553955078125,patches\New_Delhi\Scene_2_2025-06-07\patch_0120.npy
1414,New_Delhi,Scene_2_2025-06-07,121,C:\Users\Aditya main\Desktop\Project_Sih\patches\New_Delhi\Scene_2_2025-06-07\patch_0121.npy,4096,7168,512,97.271728515625,patches\New_Delhi\Scene_2_2025-06-07\patch_0121.npy
1415,New_Delhi,Scene_2_2025-06-07,122,C:\Users\Aditya main\Desktop\Project_Sih\patches\New_Delhi\Scene_2_2025-06-07\patch_0122.npy,4608,0,512,100.0,patches\New_Delhi\Scene_2_2025-06-07\patch_0122.npy
1416,New_Delhi,Scene_2_2025-06-07,123,C:\Users\Aditya main\Desktop\Project_Sih\patches\New_Delhi\Scene_2_2025-06-07\patch_0123.npy,4608,1024,512,95.73974609375,patches\New_Delhi\Scene_2_2025-06-07\patch_0123.npy
1417,New_Delhi,Scene_2_2025-06-07,124,C:\Users\Aditya main\Desktop\Project_Sih\patches\New_Delhi\Scene_2_2025-06-07\patch_0124.npy,4608,1536,512,95.953369140625,patches\New_Delhi\Scene_2_2025-06-07\patch_0124.npy
1418,New_Delhi,Scene_2_2025-06-07,125,C:\Users\Aditya main\Desktop\Project_Sih\patches\New_Delhi\Scene_2_2025-06-07\patch_0125.npy,4608,2560,512,100.0,patches\New_Delhi\Scene_2_2025-06-07\patch_0125.npy
1419,New_Delhi,Scene_2_2025-06-07,126,C:\Users\Aditya main\Desktop\Project_Sih\patches\New_Delhi\Scene_2_2025-06-07\patch_0126.npy,4608,3072,512,100.0,patches\New_Delhi\Scene_2_2025-06-07\patch_0126.npy
1420,New_Delhi,Scene_2_2025-06-07,127,C:\Users\Aditya main\Desktop\Project_Sih\patches\New_Delhi\Scene_2_2025-06-07\patch_0127.npy,4608,3584,512,99.810791015625,patches\New_Delhi\Scene_2_2025-06-07\patch_0127.npy
1421,New_Delhi,Scene_2_2025-06-07,128,C:\Users\Aditya main\Desktop\Project_Sih\patches\New_Delhi\Scene_2_2025-06-07\patch_0128.npy,4608,4096,512,100.0,patches\New_Delhi\Scene_2_2025-06-07\patch_0128.npy
1422,New_Delhi,Scene_2_2025-06-07,129,C:\Users\Aditya main\Desktop\Project_Sih\patches\New_Delhi\Scene_2_2025-06-07\patch_0129.npy,4608,4608,512,99.676513671875,patches\New_Delhi\Scene_2_2025-06-07\patch_0129.npy
1423,New_Delhi,Scene_2_2025-06-07,130,C:\Users\Aditya main\Desktop\Project_Sih\patches\New_Delhi\Scene_2_2025-06-07\patch_0130.npy,4608,5120,512,93.68896484375,patches\New_Delhi\Scene_2_2025-06-07\patch_0130.npy
1424,New_Delhi,Scene_2_2025-06-07,131,C:\Users\Aditya main\Desktop\Project_Sih\patches\New_Delhi\Scene_2_2025-06-07\patch_0131.npy,4608,5632,512,94.354248046875,patches\New_Delhi\Scene_2_2025-06-07\patch_0131.npy
1425,New_Delhi,Scene_2_2025-06-07,132,C:\Users\Aditya main\Desktop\Project_Sih\patches\New_Delhi\Scene_2_2025-06-07\patch_0132.npy,4608,6656,512,98.9410400390625,patches\New_Delhi\Scene_2_2025-06-07\patch_0132.npy
1426,New_Delhi,Scene_2_2025-06-07,133,C:\Users\Aditya main\Desktop\Project_Sih\patches\New_Delhi\Scene_2_2025-06-07\patch_0133.npy,4608,7168,512,97.8912353515625,patches\New_Delhi\Scene_2_2025-06-07\patch_0133.npy
1427,New_Delhi,Scene_2_2025-06-07,134,C:\Users\Aditya main\Desktop\Project_Sih\patches\New_Delhi\Scene_2_2025-06-07\patch_0134.npy,5120,0,512,100.0,patches\New_Delhi\Scene_2_2025-06-07\patch_0134.npy
1428,New_Delhi,Scene_2_2025-06-07,135,C:\Users\Aditya main\Desktop\Project_Sih\patches\New_Delhi\Scene_2_2025-06-07\patch_0135.npy,5120,512,512,100.0,patches\New_Delhi\Scene_2_2025-06-07\patch_0135.npy
1429,New_Delhi,Scene_2_2025-06-07,136,C:\Users\Aditya main\Desktop\Project_Sih\patches\New_Delhi\Scene_2_2025-06-07\patch_0136.npy,5120,1024,512,100.0,patches\New_Delhi\Scene_2_2025-06-07\patch_0136.npy
1430,New_Delhi,Scene_2_2025-06-07,137,C:\Users\Aditya main\Desktop\Project_Sih\patches\New_Delhi\Scene_2_2025-06-07\patch_0137.npy,5120,2048,512,98.4375,patches\New_Delhi\Scene_2_2025-06-07\patch_0137.npy
1431,New_Delhi,Scene_2_2025-06-07,138,C:\Users\Aditya main\Desktop\Project_Sih\patches\New_Delhi\Scene_2_2025-06-07\patch_0138.npy,5120,2560,512,100.0,patches\New_Delhi\Scene_2_2025-06-07\patch_0138.npy
1432,New_Delhi,Scene_2_2025-06-07,139,C:\Users\Aditya main\Desktop\Project_Sih\patches\New_Delhi\Scene_2_2025-06-07\patch_0139.npy,5120,3072,512,97.45330810546876,patches\New_Delhi\Scene_2_2025-06-07\patch_0139.npy
1433,New_Delhi,Scene_2_2025-06-07,140,C:\Users\Aditya main\Desktop\Project_Sih\patches\New_Delhi\Scene_2_2025-06-07\patch_0140.npy,5120,3584,512,99.73907470703124,patches\New_Delhi\Scene_2_2025-06-07\patch_0140.npy
1434,New_Delhi,Scene_2_2025-06-07,141,C:\Users\Aditya main\Desktop\Project_Sih\patches\New_Delhi\Scene_2_2025-06-07\patch_0141.npy,5120,4096,512,100.0,patches\New_Delhi\Scene_2_2025-06-07\patch_0141.npy
1435,New_Delhi,Scene_2_2025-06-07,142,C:\Users\Aditya main\Desktop\Project_Sih\patches\New_Delhi\Scene_2_2025-06-07\patch_0142.npy,5120,4608,512,100.0,patches\New_Delhi\Scene_2_2025-06-07\patch_0142.npy
1436,New_Delhi,Scene_2_2025-06-07,143,C:\Users\Aditya main\Desktop\Project_Sih\patches\New_Delhi\Scene_2_2025-06-07\patch_0143.npy,5120,5120,512,97.81036376953124,patches\New_Delhi\Scene_2_2025-06-07\patch_0143.npy
1437,New_Delhi,Scene_2_2025-06-07,144,C:\Users\Aditya main\Desktop\Project_Sih\patches\New_Delhi\Scene_2_2025-06-07\patch_0144.npy,5120,5632,512,96.1029052734375,patches\New_Delhi\Scene_2_2025-06-07\patch_0144.npy
1438,New_Delhi,Scene_2_2025-06-07,145,C:\Users\Aditya main\Desktop\Project_Sih\patches\New_Delhi\Scene_2_2025-06-07\patch_0145.npy,5120,6144,512,93.79730224609376,patches\New_Delhi\Scene_2_2025-06-07\patch_0145.npy
1439,New_Delhi,Scene_2_2025-06-07,146,C:\Users\Aditya main\Desktop\Project_Sih\patches\New_Delhi\Scene_2_2025-06-07\patch_0146.npy,5120,6656,512,95.42236328125,patches\New_Delhi\Scene_2_2025-06-07\patch_0146.npy
1440,New_Delhi,Scene_2_2025-06-07,147,C:\Users\Aditya main\Desktop\Project_Sih\patches\New_Delhi\Scene_2_2025-06-07\patch_0147.npy,5120,7168,512,99.85809326171876,patches\New_Delhi\Scene_2_2025-06-07\patch_0147.npy
1441,New_Delhi,Scene_2_2025-06-07,148,C:\Users\Aditya main\Desktop\Project_Sih\patches\New_Delhi\Scene_2_2025-06-07\patch_0148.npy,5632,0,512,100.0,patches\New_Delhi\Scene_2_2025-06-07\patch_0148.npy
1442,New_Delhi,Scene_2_2025-06-07,149,C:\Users\Aditya main\Desktop\Project_Sih\patches\New_Delhi\Scene_2_2025-06-07\patch_0149.npy,5632,512,512,100.0,patches\New_Delhi\Scene_2_2025-06-07\patch_0149.npy
1443,New_Delhi,Scene_2_2025-06-07,150,C:\Users\Aditya main\Desktop\Project_Sih\patches\New_Delhi\Scene_2_2025-06-07\patch_0150.npy,5632,1024,512,96.37298583984376,patches\New_Delhi\Scene_2_2025-06-07\patch_0150.npy
1444,New_Delhi,Scene_2_2025-06-07,151,C:\Users\Aditya main\Desktop\Project_Sih\patches\New_Delhi\Scene_2_2025-06-07\patch_0151.npy,5632,1536,512,94.7296142578125,patches\New_Delhi\Scene_2_2025-06-07\patch_0151.npy
1445,New_Delhi,Scene_2_2025-06-07,152,C:\Users\Aditya main\Desktop\Project_Sih\patches\New_Delhi\Scene_2_2025-06-07\patch_0152.npy,5632,2048,512,100.0,patches\New_Delhi\Scene_2_2025-06-07\patch_0152.npy
1446,New_Delhi,Scene_2_2025-06-07,153,C:\Users\Aditya main\Desktop\Project_Sih\patches\New_Delhi\Scene_2_2025-06-07\patch_0153.npy,5632,2560,512,94.99359130859376,patches\New_Delhi\Scene_2_2025-06-07\patch_0153.npy
1447,New_Delhi,Scene_2_2025-06-07,154,C:\Users\Aditya main\Desktop\Project_Sih\patches\New_Delhi\Scene_2_2025-06-07\patch_0154.npy,5632,3072,512,99.02191162109376,patches\New_Delhi\Scene_2_2025-06-07\patch_0154.npy
1448,New_Delhi,Scene_2_2025-06-07,155,C:\Users\Aditya main\Desktop\Project_Sih\patches\New_Delhi\Scene_2_2025-06-07\patch_0155.npy,5632,3584,512,100.0,patches\New_Delhi\Scene_2_2025-06-07\patch_0155.npy
1449,New_Delhi,Scene_2_2025-06-07,156,C:\Users\Aditya main\Desktop\Project_Sih\patches\New_Delhi\Scene_2_2025-06-07\patch_0156.npy,5632,4096,512,96.5728759765625,patches\New_Delhi\Scene_2_2025-06-07\patch_0156.npy
1450,New_Delhi,Scene_2_2025-06-07,157,C:\Users\Aditya main\Desktop\Project_Sih\patches\New_Delhi\Scene_2_2025-06-07\patch_0157.npy,5632,4608,512,95.6573486328125,patches\New_Delhi\Scene_2_2025-06-07\patch_0157.npy
1451,New_Delhi,Scene_2_2025-06-07,158,C:\Users\Aditya main\Desktop\Project_Sih\patches\New_Delhi\Scene_2_2025-06-07\patch_0158.npy,5632,6656,512,99.67803955078124,patches\New_Delhi\Scene_2_2025-06-07\patch_0158.npy
1452,New_Delhi,Scene_2_2025-06-07,159,C:\Users\Aditya main\Desktop\Project_Sih\patches\New_Delhi\Scene_2_2025-06-07\patch_0159.npy,5632,7168,512,97.5311279296875,patches\New_Delhi\Scene_2_2025-06-07\patch_0159.npy
1453,New_Delhi,Scene_2_2025-06-07,160,C:\Users\Aditya main\Desktop\Project_Sih\patches\New_Delhi\Scene_2_2025-06-07\patch_0160.npy,6144,0,512,90.13519287109376,patches\New_Delhi\Scene_2_2025-06-07\patch_0160.npy
1454,New_Delhi,Scene_2_2025-06-07,161,C:\Users\Aditya main\Desktop\Project_Sih\patches\New_Delhi\Scene_2_2025-06-07\patch_0161.npy,6144,512,512,100.0,patches\New_Delhi\Scene_2_2025-06-07\patch_0161.npy
1455,New_Delhi,Scene_2_2025-06-07,162,C:\Users\Aditya main\Desktop\Project_Sih\patches\New_Delhi\Scene_2_2025-06-07\patch_0162.npy,6144,1024,512,95.35064697265624,patches\New_Delhi\Scene_2_2025-06-07\patch_0162.npy
1456,New_Delhi,Scene_2_2025-06-07,163,C:\Users\Aditya main\Desktop\Project_Sih\patches\New_Delhi\Scene_2_2025-06-07\patch_0163.npy,6144,1536,512,100.0,patches\New_Delhi\Scene_2_2025-06-07\patch_0163.npy
1457,New_Delhi,Scene_2_2025-06-07,164,C:\Users\Aditya main\Desktop\Project_Sih\patches\New_Delhi\Scene_2_2025-06-07\patch_0164.npy,6144,2048,512,100.0,patches\New_Delhi\Scene_2_2025-06-07\patch_0164.npy
1458,New_Delhi,Scene_2_2025-06-07,165,C:\Users\Aditya main\Desktop\Project_Sih\patches\New_Delhi\Scene_2_2025-06-07\patch_0165.npy,6144,2560,512,100.0,patches\New_Delhi\Scene_2_2025-06-07\patch_0165.npy
1459,New_Delhi,Scene_2_2025-06-07,166,C:\Users\Aditya main\Desktop\Project_Sih\patches\New_Delhi\Scene_2_2025-06-07\patch_0166.npy,6144,3072,512,100.0,patches\New_Delhi\Scene_2_2025-06-07\patch_0166.npy
1460,New_Delhi,Scene_2_2025-06-07,167,C:\Users\Aditya main\Desktop\Project_Sih\patches\New_Delhi\Scene_2_2025-06-07\patch_0167.npy,6144,3584,512,100.0,patches\New_Delhi\Scene_2_2025-06-07\patch_0167.npy
1461,New_Delhi,Scene_2_2025-06-07,168,C:\Users\Aditya main\Desktop\Project_Sih\patches\New_Delhi\Scene_2_2025-06-07\patch_0168.npy,6144,4096,512,99.02496337890624,patches\New_Delhi\Scene_2_2025-06-07\patch_0168.npy
1462,New_Delhi,Scene_2_2025-06-07,169,C:\Users\Aditya main\Desktop\Project_Sih\patches\New_Delhi\Scene_2_2025-06-07\patch_0169.npy,6144,6656,512,98.88916015625,patches\New_Delhi\Scene_2_2025-06-07\patch_0169.npy
1463,New_Delhi,Scene_2_2025-06-07,170,C:\Users\Aditya main\Desktop\Project_Sih\patches\New_Delhi\Scene_2_2025-06-07\patch_0170.npy,6656,0,512,96.15936279296876,patches\New_Delhi\Scene_2_2025-06-07\patch_0170.npy
1464,New_Delhi,Scene_2_2025-06-07,171,C:\Users\Aditya main\Desktop\Project_Sih\patches\New_Delhi\Scene_2_2025-06-07\patch_0171.npy,6656,512,512,100.0,patches\New_Delhi\Scene_2_2025-06-07\patch_0171.npy
1465,New_Delhi,Scene_2_2025-06-07,172,C:\Users\Aditya main\Desktop\Project_Sih\patches\New_Delhi\Scene_2_2025-06-07\patch_0172.npy,6656,1024,512,100.0,patches\New_Delhi\Scene_2_2025-06-07\patch_0172.npy
1466,New_Delhi,Scene_2_2025-06-07,173,C:\Users\Aditya main\Desktop\Project_Sih\patches\New_Delhi\Scene_2_2025-06-07\patch_0173.npy,6656,1536,512,100.0,patches\New_Delhi\Scene_2_2025-06-07\patch_0173.npy
1467,New_Delhi,Scene_2_2025-06-07,174,C:\Users\Aditya main\Desktop\Project_Sih\patches\New_Delhi\Scene_2_2025-06-07\patch_0174.npy,6656,2048,512,100.0,patches\New_Delhi\Scene_2_2025-06-07\patch_0174.npy
1468,New_Delhi,Scene_2_2025-06-07,175,C:\Users\Aditya main\Desktop\Project_Sih\patches\New_Delhi\Scene_2_2025-06-07\patch_0175.npy,6656,2560,512,100.0,patches\New_Delhi\Scene_2_2025-06-07\patch_0175.npy
1469,New_Delhi,Scene_2_2025-06-07,176,C:\Users\Aditya main\Desktop\Project_Sih\patches\New_Delhi\Scene_2_2025-06-07\patch_0176.npy,6656,3072,512,99.96185302734376,patches\New_Delhi\Scene_2_2025-06-07\patch_0176.npy
1470,New_Delhi,Scene_2_2025-06-07,177,C:\Users\Aditya main\Desktop\Project_Sih\patches\New_Delhi\Scene_2_2025-06-07\patch_0177.npy,6656,3584,512,96.97418212890624,patches\New_Delhi\Scene_2_2025-06-07\patch_0177.npy
1471,New_Delhi,Scene_2_2025-06-07,178,C:\Users\Aditya main\Desktop\Project_Sih\patches\New_Delhi\Scene_2_2025-06-07\patch_0178.npy,6656,4608,512,97.06573486328124,patches\New_Delhi\Scene_2_2025-06-07\patch_0178.npy
1472,New_Delhi,Scene_2_2025-06-07,179,C:\Users\Aditya main\Desktop\Project_Sih\patches\New_Delhi\Scene_2_2025-06-07\patch_0179.npy,6656,6656,512,93.76220703125,patches\New_Delhi\Scene_2_2025-06-07\patch_0179.npy
1511,New_Delhi,Scene_3_2025-05-23,0,C:\Users\Aditya main\Desktop\Project_Sih\patches\New_Delhi\Scene_3_2025-05-23\patch_0000.npy,0,0,512,100.0,patches\New_Delhi\Scene_3_2025-05-23\patch_0000.npy
1512,New_Delhi,Scene_3_2025-05-23,1,C:\Users\Aditya main\Desktop\Project_Sih\patches\New_Delhi\Scene_3_2025-05-23\patch_0001.npy,0,512,512,100.0,patches\New_Delhi\Scene_3_2025-05-23\patch_0001.npy
1513,New_Delhi,Scene_3_2025-05-23,2,C:\Users\Aditya main\Desktop\Project_Sih\patches\New_Delhi\Scene_3_2025-05-23\patch_0002.npy,0,1024,512,100.0,patches\New_Delhi\Scene_3_2025-05-23\patch_0002.npy
1514,New_Delhi,Scene_3_2025-05-23,3,C:\Users\Aditya main\Desktop\Project_Sih\patches\New_Delhi\Scene_3_2025-05-23\patch_0003.npy,0,1536,512,100.0,patches\New_Delhi\Scene_3_2025-05-23\patch_0003.npy
1515,New_Delhi,Scene_3_2025-05-23,4,C:\Users\Aditya main\Desktop\Project_Sih\patches\New_Delhi\Scene_3_2025-05-23\patch_0004.npy,0,2048,512,100.0,patches\New_Delhi\Scene_3_2025-05-23\patch_0004.npy
1516,New_Delhi,Scene_3_2025-05-23,5,C:\Users\Aditya main\Desktop\Project_Sih\patches\New_Delhi\Scene_3_2025-05-23\patch_0005.npy,0,2560,512,100.0,patches\New_Delhi\Scene_3_2025-05-23\patch_0005.npy
1517,New_Delhi,Scene_3_2025-05-23,6,C:\Users\Aditya main\Desktop\Project_Sih\patches\New_Delhi\Scene_3_2025-05-23\patch_0006.npy,0,3072,512,100.0,patches\New_Delhi\Scene_3_2025-05-23\patch_0006.npy
1518,New_Delhi,Scene_3_2025-05-23,7,C:\Users\Aditya main\Desktop\Project_Sih\patches\New_Delhi\Scene_3_2025-05-23\patch_0007.npy,0,3584,512,100.0,patches\New_Delhi\Scene_3_2025-05-23\patch_0007.npy
1519,New_Delhi,Scene_3_2025-05-23,8,C:\Users\Aditya main\Desktop\Project_Sih\patches\New_Delhi\Scene_3_2025-05-23\patch_0008.npy,0,4096,512,100.0,patches\New_Delhi\Scene_3_2025-05-23\patch_0008.npy
1520,New_Delhi,Scene_3_2025-05-23,9,C:\Users\Aditya main\Desktop\Project_Sih\patches\New_Delhi\Scene_3_2025-05-23\patch_0009.npy,0,4608,512,100.0,patches\New_Delhi\Scene_3_2025-05-23\patch_0009.npy
1521,New_Delhi,Scene_3_2025-05-23,10,C:\Users\Aditya main\Desktop\Project_Sih\patches\New_Delhi\Scene_3_2025-05-23\patch_0010.npy,0,5120,512,100.0,patches\New_Delhi\Scene_3_2025-05-23\patch_0010.npy
1522,New_Delhi,Scene_3_2025-05-23,11,C:\Users\Aditya main\Desktop\Project_Sih\patches\New_Delhi\Scene_3_2025-05-23\patch_0011.npy,0,5632,512,100.0,patches\New_Delhi\Scene_3_2025-05-23\patch_0011.npy
1523,New_Delhi,Scene_3_2025-05-23,12,C:\Users\Aditya main\Desktop\Project_Sih\patches\New_Delhi\Scene_3_2025-05-23\patch_0012.npy,0,6144,512,100.0,patches\New_Delhi\Scene_3_2025-05-23\patch_0012.npy
1524,New_Delhi,Scene_3_2025-05-23,13,C:\Users\Aditya main\Desktop\Project_Sih\patches\New_Delhi\Scene_3_2025-05-23\patch_0013.npy,0,6656,512,100.0,patches\New_Delhi\Scene_3_2025-05-23\patch_0013.npy
1525,New_Delhi,Scene_3_2025-05-23,14,C:\Users\Aditya main\Desktop\Project_Sih\patches\New_Delhi\Scene_3_2025-05-23\patch_0014.npy,0,7168,512,100.0,patches\New_Delhi\Scene_3_2025-05-23\patch_0014.npy
1526,New_Delhi,Scene_3_2025-05-23,15,C:\Users\Aditya main\Desktop\Project_Sih\patches\New_Delhi\Scene_3_2025-05-23\patch_0015.npy,512,0,512,100.0,patches\New_Delhi\Scene_3_2025-05-23\patch_0015.npy
1527,New_Delhi,Scene_3_2025-05-23,16,C:\Users\Aditya main\Desktop\Project_Sih\patches\New_Delhi\Scene_3_2025-05-23\patch_0016.npy,512,512,512,100.0,patches\New_Delhi\Scene_3_2025-05-23\patch_0016.npy
1528,New_Delhi,Scene_3_2025-05-23,17,C:\Users\Aditya main\Desktop\Project_Sih\patches\New_Delhi\Scene_3_2025-05-23\patch_0017.npy,512,1024,512,100.0,patches\New_Delhi\Scene_3_2025-05-23\patch_0017.npy
1529,New_Delhi,Scene_3_2025-05-23,18,C:\Users\Aditya main\Desktop\Project_Sih\patches\New_Delhi\Scene_3_2025-05-23\patch_0018.npy,512,1536,512,100.0,patches\New_Delhi\Scene_3_2025-05-23\patch_0018.npy
1530,New_Delhi,Scene_3_2025-05-23,19,C:\Users\Aditya main\Desktop\Project_Sih\patches\New_Delhi\Scene_3_2025-05-23\patch_0019.npy,512,2048,512,100.0,patches\New_Delhi\Scene_3_2025-05-23\patch_0019.npy
1531,New_Delhi,Scene_3_2025-05-23,20,C:\Users\Aditya main\Desktop\Project_Sih\patches\New_Delhi\Scene_3_2025-05-23\patch_0020.npy,512,2560,512,100.0,patches\New_Delhi\Scene_3_2025-05-23\patch_0020.npy
1532,New_Delhi,Scene_3_2025-05-23,21,C:\Users\Aditya main\Desktop\Project_Sih\patches\New_Delhi\Scene_3_2025-05-23\patch_0021.npy,512,3072,512,100.0,patches\New_Delhi\Scene_3_2025-05-23\patch_0021.npy
1533,New_Delhi,Scene_3_2025-05-23,22,C:\Users\Aditya main\Desktop\Project_Sih\patches\New_Delhi\Scene_3_2025-05-23\patch_0022.npy,512,3584,512,100.0,patches\New_Delhi\Scene_3_2025-05-23\patch_0022.npy
1534,New_Delhi,Scene_3_2025-05-23,23,C:\Users\Aditya main\Desktop\Project_Sih\patches\New_Delhi\Scene_3_2025-05-23\patch_0023.npy,512,4096,512,100.0,patches\New_Delhi\Scene_3_2025-05-23\patch_0023.npy
1535,New_Delhi,Scene_3_2025-05-23,24,C:\Users\Aditya main\Desktop\Project_Sih\patches\New_Delhi\Scene_3_2025-05-23\patch_0024.npy,512,4608,512,100.0,patches\New_Delhi\Scene_3_2025-05-23\patch_0024.npy
1536,New_Delhi,Scene_3_2025-05-23,25,C:\Users\Aditya main\Desktop\Project_Sih\patches\New_Delhi\Scene_3_2025-05-23\patch_0025.npy,512,5120,512,100.0,patches\New_Delhi\Scene_3_2025-05-23\patch_0025.npy
1537,New_Delhi,Scene_3_2025-05-23,26,C:\Users\Aditya main\Desktop\Project_Sih\patches\New_Delhi\Scene_3_2025-05-23\patch_0026.npy,512,5632,512,100.0,patches\New_Delhi\Scene_3_2025-05-23\patch_0026.npy
1538,New_Delhi,Scene_3_2025-05-23,27,C:\Users\Aditya main\Desktop\Project_Sih\patches\New_Delhi\Scene_3_2025-05-23\patch_0027.npy,512,6144,512,100.0,patches\New_Delhi\Scene_3_2025-05-23\patch_0027.npy
1539,New_Delhi,Scene_3_2025-05-23,28,C:\Users\Aditya main\Desktop\Project_Sih\patches\New_Delhi\Scene_3_2025-05-23\patch_0028.npy,512,6656,512,100.0,patches\New_Delhi\Scene_3_2025-05-23\patch_0028.npy
1540,New_Delhi,Scene_3_2025-05-23,29,C:\Users\Aditya main\Desktop\Project_Sih\patches\New_Delhi\Scene_3_2025-05-23\patch_0029.npy,512,7168,512,100.0,patches\New_Delhi\Scene_3_2025-05-23\patch_0029.npy
1541,New_Delhi,Scene_3_2025-05-23,30,C:\Users\Aditya main\Desktop\Project_Sih\patches\New_Delhi\Scene_3_2025-05-23\patch_0030.npy,1024,0,512,100.0,patches\New_Delhi\Scene_3_2025-05-23\patch_0030.npy
1542,New_Delhi,Scene_3_2025-05-23,31,C:\Users\Aditya main\Desktop\Project_Sih\patches\New_Delhi\Scene_3_2025-05-23\patch_0031.npy,1024,512,512,100.0,patches\New_Delhi\Scene_3_2025-05-23\patch_0031.npy
1543,New_Delhi,Scene_3_2025-05-23,32,C:\Users\Aditya main\Desktop\Project_Sih\patches\New_Delhi\Scene_3_2025-05-23\patch_0032.npy,1024,1024,512,100.0,patches\New_Delhi\Scene_3_2025-05-23\patch_0032.npy
1544,New_Delhi,Scene_3_2025-05-23,33,C:\Users\Aditya main\Desktop\Project_Sih\patches\New_Delhi\Scene_3_2025-05-23\patch_0033.npy,1024,1536,512,100.0,patches\New_Delhi\Scene_3_2025-05-23\patch_0033.npy
1545,New_Delhi,Scene_3_2025-05-23,34,C:\Users\Aditya main\Desktop\Project_Sih\patches\New_Delhi\Scene_3_2025-05-23\patch_0034.npy,1024,2048,512,100.0,patches\New_Delhi\Scene_3_2025-05-23\patch_0034.npy
1546,New_Delhi,Scene_3_2025-05-23,35,C:\Users\Aditya main\Desktop\Project_Sih\patches\New_Delhi\Scene_3_2025-05-23\patch_0035.npy,1024,2560,512,100.0,patches\New_Delhi\Scene_3_2025-05-23\patch_0035.npy
1547,New_Delhi,Scene_3_2025-05-23,36,C:\Users\Aditya main\Desktop\Project_Sih\patches\New_Delhi\Scene_3_2025-05-23\patch_0036.npy,1024,3072,512,100.0,patches\New_Delhi\Scene_3_2025-05-23\patch_0036.npy
1548,New_Delhi,Scene_3_2025-05-23,37,C:\Users\Aditya main\Desktop\Project_Sih\patches\New_Delhi\Scene_3_2025-05-23\patch_0037.npy,1024,3584,512,100.0,patches\New_Delhi\Scene_3_2025-05-23\patch_0037.npy
1549,New_Delhi,Scene_3_2025-05-23,38,C:\Users\Aditya main\Desktop\Project_Sih\patches\New_Delhi\Scene_3_2025-05-23\patch_0038.npy,1024,4096,512,100.0,patches\New_Delhi\Scene_3_2025-05-23\patch_0038.npy
1550,New_Delhi,Scene_3_2025-05-23,39,C:\Users\Aditya main\Desktop\Project_Sih\patches\New_Delhi\Scene_3_2025-05-23\patch_0039.npy,1024,4608,512,100.0,patches\New_Delhi\Scene_3_2025-05-23\patch_0039.npy
1551,New_Delhi,Scene_3_2025-05-23,40,C:\Users\Aditya main\Desktop\Project_Sih\patches\New_Delhi\Scene_3_2025-05-23\patch_0040.npy,1024,5120,512,100.0,patches\New_Delhi\Scene_3_2025-05-23\patch_0040.npy
1552,New_Delhi,Scene_3_2025-05-23,41,C:\Users\Aditya main\Desktop\Project_Sih\patches\New_Delhi\Scene_3_2025-05-23\patch_0041.npy,1024,5632,512,100.0,patches\New_Delhi\Scene_3_2025-05-23\patch_0041.npy
1553,New_Delhi,Scene_3_2025-05-23,42,C:\Users\Aditya main\Desktop\Project_Sih\patches\New_Delhi\Scene_3_2025-05-23\patch_0042.npy,1024,6144,512,100.0,patches\New_Delhi\Scene_3_2025-05-23\patch_0042.npy
1554,New_Delhi,Scene_3_2025-05-23,43,C:\Users\Aditya main\Desktop\Project_Sih\patches\New_Delhi\Scene_3_2025-05-23\patch_0043.npy,1024,6656,512,100.0,patches\New_Delhi\Scene_3_2025-05-23\patch_0043.npy
1555,New_Delhi,Scene_3_2025-05-23,44,C:\Users\Aditya main\Desktop\Project_Sih\patches\New_Delhi\Scene_3_2025-05-23\patch_0044.npy,1024,7168,512,100.0,patches\New_Delhi\Scene_3_2025-05-23\patch_0044.npy
1556,New_Delhi,Scene_3_2025-05-23,45,C:\Users\Aditya main\Desktop\Project_Sih\patches\New_Delhi\Scene_3_2025-05-23\patch_0045.npy,1536,0,512,100.0,patches\New_Delhi\Scene_3_2025-05-23\patch_0045.npy
1557,New_Delhi,Scene_3_2025-05-23,46,C:\Users\Aditya main\Desktop\Project_Sih\patches\New_Delhi\Scene_3_2025-05-23\patch_0046.npy,1536,512,512,100.0,patches\New_Delhi\Scene_3_2025-05-23\patch_0046.npy
1558,New_Delhi,Scene_3_2025-05-23,47,C:\Users\Aditya main\Desktop\Project_Sih\patches\New_Delhi\Scene_3_2025-05-23\patch_0047.npy,1536,1024,512,100.0,patches\New_Delhi\Scene_3_2025-05-23\patch_0047.npy
1559,New_Delhi,Scene_3_2025-05-23,48,C:\Users\Aditya main\Desktop\Project_Sih\patches\New_Delhi\Scene_3_2025-05-23\patch_0048.npy,1536,1536,512,100.0,patches\New_Delhi\Scene_3_2025-05-23\patch_0048.npy
1560,New_Delhi,Scene_3_2025-05-23,49,C:\Users\Aditya main\Desktop\Project_Sih\patches\New_Delhi\Scene_3_2025-05-23\patch_0049.npy,1536,2048,512,100.0,patches\New_Delhi\Scene_3_2025-05-23\patch_0049.npy
1561,New_Delhi,Scene_3_2025-05-23,50,C:\Users\Aditya main\Desktop\Project_Sih\patches\New_Delhi\Scene_3_2025-05-23\patch_0050.npy,1536,2560,512,100.0,patches\New_Delhi\Scene_3_2025-05-23\patch_0050.npy
1562,New_Delhi,Scene_3_2025-05-23,51,C:\Users\Aditya main\Desktop\Project_Sih\patches\New_Delhi\Scene_3_2025-05-23\patch_0051.npy,1536,3072,512,100.0,patches\New_Delhi\Scene_3_2025-05-23\patch_0051.npy
1563,New_Delhi,Scene_3_2025-05-23,52,C:\Users\Aditya main\Desktop\Project_Sih\patches\New_Delhi\Scene_3_2025-05-23\patch_0052.npy,1536,3584,512,100.0,patches\New_Delhi\Scene_3_2025-05-23\patch_0052.npy
1564,New_Delhi,Scene_3_2025-05-23,53,C:\Users\Aditya main\Desktop\Project_Sih\patches\New_Delhi\Scene_3_2025-05-23\patch_0053.npy,1536,4096,512,100.0,patches\New_Delhi\Scene_3_2025-05-23\patch_0053.npy
1565,New_Delhi,Scene_3_2025-05-23,54,C:\Users\Aditya main\Desktop\Project_Sih\patches\New_Delhi\Scene_3_2025-05-23\patch_0054.npy,1536,4608,512,100.0,patches\New_Delhi\Scene_3_2025-05-23\patch_0054.npy
1566,New_Delhi,Scene_3_2025-05-23,55,C:\Users\Aditya main\Desktop\Project_Sih\patches\New_Delhi\Scene_3_2025-05-23\patch_0055.npy,1536,5120,512,100.0,patches\New_Delhi\Scene_3_2025-05-23\patch_0055.npy
1567,New_Delhi,Scene_3_2025-05-23,56,C:\Users\Aditya main\Desktop\Project_Sih\patches\New_Delhi\Scene_3_2025-05-23\patch_0056.npy,1536,5632,512,100.0,patches\New_Delhi\Scene_3_2025-05-23\patch_0056.npy
1568,New_Delhi,Scene_3_2025-05-23,57,C:\Users\Aditya main\Desktop\Project_Sih\patches\New_Delhi\Scene_3_2025-05-23\patch_0057.npy,1536,6144,512,100.0,patches\New_Delhi\Scene_3_2025-05-23\patch_0057.npy
1569,New_Delhi,Scene_3_2025-05-23,58,C:\Users\Aditya main\Desktop\Project_Sih\patches\New_Delhi\Scene_3_2025-05-23\patch_0058.npy,1536,6656,512,100.0,patches\New_Delhi\Scene_3_2025-05-23\patch_0058.npy
1570,New_Delhi,Scene_3_2025-05-23,59,C:\Users\Aditya main\Desktop\Project_Sih\patches\New_Delhi\Scene_3_2025-05-23\patch_0059.npy,1536,7168,512,100.0,patches\New_Delhi\Scene_3_2025-05-23\patch_0059.npy
1571,New_Delhi,Scene_3_2025-05-23,60,C:\Users\Aditya main\Desktop\Project_Sih\patches\New_Delhi\Scene_3_2025-05-23\patch_0060.npy,2048,0,512,100.0,patches\New_Delhi\Scene_3_2025-05-23\patch_0060.npy
1572,New_Delhi,Scene_3_2025-05-23,61,C:\Users\Aditya main\Desktop\Project_Sih\patches\New_Delhi\Scene_3_2025-05-23\patch_0061.npy,2048,512,512,100.0,patches\New_Delhi\Scene_3_2025-05-23\patch_0061.npy
1573,New_Delhi,Scene_3_2025-05-23,62,C:\Users\Aditya main\Desktop\Project_Sih\patches\New_Delhi\Scene_3_2025-05-23\patch_0062.npy,2048,1024,512,100.0,patches\New_Delhi\Scene_3_2025-05-23\patch_0062.npy
1574,New_Delhi,Scene_3_2025-05-23,63,C:\Users\Aditya main\Desktop\Project_Sih\patches\New_Delhi\Scene_3_2025-05-23\patch_0063.npy,2048,1536,512,100.0,patches\New_Delhi\Scene_3_2025-05-23\patch_0063.npy
1575,New_Delhi,Scene_3_2025-05-23,64,C:\Users\Aditya main\Desktop\Project_Sih\patches\New_Delhi\Scene_3_2025-05-23\patch_0064.npy,2048,2048,512,100.0,patches\New_Delhi\Scene_3_2025-05-23\patch_0064.npy
1576,New_Delhi,Scene_3_2025-05-23,65,C:\Users\Aditya main\Desktop\Project_Sih\patches\New_Delhi\Scene_3_2025-05-23\patch_0065.npy,2048,2560,512,100.0,patches\New_Delhi\Scene_3_2025-05-23\patch_0065.npy
1577,New_Delhi,Scene_3_2025-05-23,66,C:\Users\Aditya main\Desktop\Project_Sih\patches\New_Delhi\Scene_3_2025-05-23\patch_0066.npy,2048,3072,512,100.0,patches\New_Delhi\Scene_3_2025-05-23\patch_0066.npy
1578,New_Delhi,Scene_3_2025-05-23,67,C:\Users\Aditya main\Desktop\Project_Sih\patches\New_Delhi\Scene_3_2025-05-23\patch_0067.npy,2048,3584,512,100.0,patches\New_Delhi\Scene_3_2025-05-23\patch_0067.npy
1579,New_Delhi,Scene_3_2025-05-23,68,C:\Users\Aditya main\Desktop\Project_Sih\patches\New_Delhi\Scene_3_2025-05-23\patch_0068.npy,2048,4096,512,100.0,patches\New_Delhi\Scene_3_2025-05-23\patch_0068.npy
1580,New_Delhi,Scene_3_2025-05-23,69,C:\Users\Aditya main\Desktop\Project_Sih\patches\New_Delhi\Scene_3_2025-05-23\patch_0069.npy,2048,4608,512,100.0,patches\New_Delhi\Scene_3_2025-05-23\patch_0069.npy
1581,New_Delhi,Scene_3_2025-05-23,70,C:\Users\Aditya main\Desktop\Project_Sih\patches\New_Delhi\Scene_3_2025-05-23\patch_0070.npy,2048,5120,512,100.0,patches\New_Delhi\Scene_3_2025-05-23\patch_0070.npy
1582,New_Delhi,Scene_3_2025-05-23,71,C:\Users\Aditya main\Desktop\Project_Sih\patches\New_Delhi\Scene_3_2025-05-23\patch_0071.npy,2048,5632,512,100.0,patches\New_Delhi\Scene_3_2025-05-23\patch_0071.npy
1583,New_Delhi,Scene_3_2025-05-23,72,C:\Users\Aditya main\Desktop\Project_Sih\patches\New_Delhi\Scene_3_2025-05-23\patch_0072.npy,2048,6144,512,100.0,patches\New_Delhi\Scene_3_2025-05-23\patch_0072.npy
1584,New_Delhi,Scene_3_2025-05-23,73,C:\Users\Aditya main\Desktop\Project_Sih\patches\New_Delhi\Scene_3_2025-05-23\patch_0073.npy,2048,6656,512,100.0,patches\New_Delhi\Scene_3_2025-05-23\patch_0073.npy
1585,New_Delhi,Scene_3_2025-05-23,74,C:\Users\Aditya main\Desktop\Project_Sih\patches\New_Delhi\Scene_3_2025-05-23\patch_0074.npy,2048,7168,512,100.0,patches\New_Delhi\Scene_3_2025-05-23\patch_0074.npy
1586,New_Delhi,Scene_3_2025-05-23,75,C:\Users\Aditya main\Desktop\Project_Sih\patches\New_Delhi\Scene_3_2025-05-23\patch_0075.npy,2560,0,512,100.0,patches\New_Delhi\Scene_3_2025-05-23\patch_0075.npy
1587,New_Delhi,Scene_3_2025-05-23,76,C:\Users\Aditya main\Desktop\Project_Sih\patches\New_Delhi\Scene_3_2025-05-23\patch_0076.npy,2560,512,512,100.0,patches\New_Delhi\Scene_3_2025-05-23\patch_0076.npy
1588,New_Delhi,Scene_3_2025-05-23,77,C:\Users\Aditya main\Desktop\Project_Sih\patches\New_Delhi\Scene_3_2025-05-23\patch_0077.npy,2560,1024,512,100.0,patches\New_Delhi\Scene_3_2025-05-23\patch_0077.npy
1589,New_Delhi,Scene_3_2025-05-23,78,C:\Users\Aditya main\Desktop\Project_Sih\patches\New_Delhi\Scene_3_2025-05-23\patch_0078.npy,2560,1536,512,100.0,patches\New_Delhi\Scene_3_2025-05-23\patch_0078.npy
1590,New_Delhi,Scene_3_2025-05-23,79,C:\Users\Aditya main\Desktop\Project_Sih\patches\New_Delhi\Scene_3_2025-05-23\patch_0079.npy,2560,2048,512,100.0,patches\New_Delhi\Scene_3_2025-05-23\patch_0079.npy
1591,New_Delhi,Scene_3_2025-05-23,80,C:\Users\Aditya main\Desktop\Project_Sih\patches\New_Delhi\Scene_3_2025-05-23\patch_0080.npy,2560,2560,512,100.0,patches\New_Delhi\Scene_3_2025-05-23\patch_0080.npy
1592,New_Delhi,Scene_3_2025-05-23,81,C:\Users\Aditya main\Desktop\Project_Sih\patches\New_Delhi\Scene_3_2025-05-23\patch_0081.npy,2560,3072,512,100.0,patches\New_Delhi\Scene_3_2025-05-23\patch_0081.npy
1593,New_Delhi,Scene_3_2025-05-23,82,C:\Users\Aditya main\Desktop\Project_Sih\patches\New_Delhi\Scene_3_2025-05-23\patch_0082.npy,2560,3584,512,100.0,patches\New_Delhi\Scene_3_2025-05-23\patch_0082.npy
1594,New_Delhi,Scene_3_2025-05-23,83,C:\Users\Aditya main\Desktop\Project_Sih\patches\New_Delhi\Scene_3_2025-05-23\patch_0083.npy,2560,4096,512,100.0,patches\New_Delhi\Scene_3_2025-05-23\patch_0083.npy
1595,New_Delhi,Scene_3_2025-05-23,84,C:\Users\Aditya main\Desktop\Project_Sih\patches\New_Delhi\Scene_3_2025-05-23\patch_0084.npy,2560,4608,512,99.591064453125,patches\New_Delhi\Scene_3_2025-05-23\patch_0084.npy
1596,New_Delhi,Scene_3_2025-05-23,85,C:\Users\Aditya main\Desktop\Project_Sih\patches\New_Delhi\Scene_3_2025-05-23\patch_0085.npy,2560,5120,512,100.0,patches\New_Delhi\Scene_3_2025-05-23\patch_0085.npy
1597,New_Delhi,Scene_3_2025-05-23,86,C:\Users\Aditya main\Desktop\Project_Sih\patches\New_Delhi\Scene_3_2025-05-23\patch_0086.npy,2560,5632,512,100.0,patches\New_Delhi\Scene_3_2025-05-23\patch_0086.npy
1598,New_Delhi,Scene_3_2025-05-23,87,C:\Users\Aditya main\Desktop\Project_Sih\patches\New_Delhi\Scene_3_2025-05-23\patch_0087.npy,2560,6144,512,100.0,patches\New_Delhi\Scene_3_2025-05-23\patch_0087.npy
1599,New_Delhi,Scene_3_2025-05-23,88,C:\Users\Aditya main\Desktop\Project_Sih\patches\New_Delhi\Scene_3_2025-05-23\patch_0088.npy,2560,6656,512,100.0,patches\New_Delhi\Scene_3_2025-05-23\patch_0088.npy
1600,New_Delhi,Scene_3_2025-05-23,89,C:\Users\Aditya main\Desktop\Project_Sih\patches\New_Delhi\Scene_3_2025-05-23\patch_0089.npy,2560,7168,512,100.0,patches\New_Delhi\Scene_3_2025-05-23\patch_0089.npy
1601,New_Delhi,Scene_3_2025-05-23,90,C:\Users\Aditya main\Desktop\Project_Sih\patches\New_Delhi\Scene_3_2025-05-23\patch_0090.npy,3072,0,512,100.0,patches\New_Delhi\Scene_3_2025-05-23\patch_0090.npy
1602,New_Delhi,Scene_3_2025-05-23,91,C:\Users\Aditya main\Desktop\Project_Sih\patches\New_Delhi\Scene_3_2025-05-23\patch_0091.npy,3072,512,512,100.0,patches\New_Delhi\Scene_3_2025-05-23\patch_0091.npy
1603,New_Delhi,Scene_3_2025-05-23,92,C:\Users\Aditya main\Desktop\Project_Sih\patches\New_Delhi\Scene_3_2025-05-23\patch_0092.npy,3072,1024,512,100.0,patches\New_Delhi\Scene_3_2025-05-23\patch_0092.npy
1604,New_Delhi,Scene_3_2025-05-23,93,C:\Users\Aditya main\Desktop\Project_Sih\patches\New_Delhi\Scene_3_2025-05-23\patch_0093.npy,3072,1536,512,100.0,patches\New_Delhi\Scene_3_2025-05-23\patch_0093.npy
1605,New_Delhi,Scene_3_2025-05-23,94,C:\Users\Aditya main\Desktop\Project_Sih\patches\New_Delhi\Scene_3_2025-05-23\patch_0094.npy,3072,2048,512,100.0,patches\New_Delhi\Scene_3_2025-05-23\patch_0094.npy
1606,New_Delhi,Scene_3_2025-05-23,95,C:\Users\Aditya main\Desktop\Project_Sih\patches\New_Delhi\Scene_3_2025-05-23\patch_0095.npy,3072,2560,512,100.0,patches\New_Delhi\Scene_3_2025-05-23\patch_0095.npy
1607,New_Delhi,Scene_3_2025-05-23,96,C:\Users\Aditya main\Desktop\Project_Sih\patches\New_Delhi\Scene_3_2025-05-23\patch_0096.npy,3072,3072,512,100.0,patches\New_Delhi\Scene_3_2025-05-23\patch_0096.npy
1608,New_Delhi,Scene_3_2025-05-23,97,C:\Users\Aditya main\Desktop\Project_Sih\patches\New_Delhi\Scene_3_2025-05-23\patch_0097.npy,3072,3584,512,100.0,patches\New_Delhi\Scene_3_2025-05-23\patch_0097.npy
1609,New_Delhi,Scene_3_2025-05-23,98,C:\Users\Aditya main\Desktop\Project_Sih\patches\New_Delhi\Scene_3_2025-05-23\patch_0098.npy,3072,4096,512,100.0,patches\New_Delhi\Scene_3_2025-05-23\patch_0098.npy
1610,New_Delhi,Scene_3_2025-05-23,99,C:\Users\Aditya main\Desktop\Project_Sih\patches\New_Delhi\Scene_3_2025-05-23\patch_0099.npy,3072,4608,512,100.0,patches\New_Delhi\Scene_3_2025-05-23\patch_0099.npy
1611,New_Delhi,Scene_3_2025-05-23,100,C:\Users\Aditya main\Desktop\Project_Sih\patches\New_Delhi\Scene_3_2025-05-23\patch_0100.npy,3072,5120,512,100.0,patches\New_Delhi\Scene_3_2025-05-23\patch_0100.npy
1612,New_Delhi,Scene_3_2025-05-23,101,C:\Users\Aditya main\Desktop\Project_Sih\patches\New_Delhi\Scene_3_2025-05-23\patch_0101.npy,3072,5632,512,100.0,patches\New_Delhi\Scene_3_2025-05-23\patch_0101.npy
1613,New_Delhi,Scene_3_2025-05-23,102,C:\Users\Aditya main\Desktop\Project_Sih\patches\New_Delhi\Scene_3_2025-05-23\patch_0102.npy,3072,6144,512,100.0,patches\New_Delhi\Scene_3_2025-05-23\patch_0102.npy
1614,New_Delhi,Scene_3_2025-05-23,103,C:\Users\Aditya main\Desktop\Project_Sih\patches\New_Delhi\Scene_3_2025-05-23\patch_0103.npy,3072,6656,512,100.0,patches\New_Delhi\Scene_3_2025-05-23\patch_0103.npy
1615,New_Delhi,Scene_3_2025-05-23,104,C:\Users\Aditya main\Desktop\Project_Sih\patches\New_Delhi\Scene_3_2025-05-23\patch_0104.npy,3072,7168,512,100.0,patches\New_Delhi\Scene_3_2025-05-23\patch_0104.npy
1616,New_Delhi,Scene_3_2025-05-23,105,C:\Users\Aditya main\Desktop\Project_Sih\patches\New_Delhi\Scene_3_2025-05-23\patch_0105.npy,3584,0,512,100.0,patches\New_Delhi\Scene_3_2025-05-23\patch_0105.npy
1617,New_Delhi,Scene_3_2025-05-23,106,C:\Users\Aditya main\Desktop\Project_Sih\patches\New_Delhi\Scene_3_2025-05-23\patch_0106.npy,3584,512,512,100.0,patches\New_Delhi\Scene_3_2025-05-23\patch_0106.npy
1618,New_Delhi,Scene_3_2025-05-23,107,C:\Users\Aditya main\Desktop\Project_Sih\patches\New_Delhi\Scene_3_2025-05-23\patch_0107.npy,3584,1024,512,100.0,patches\New_Delhi\Scene_3_2025-05-23\patch_0107.npy
1619,New_Delhi,Scene_3_2025-05-23,108,C:\Users\Aditya main\Desktop\Project_Sih\patches\New_Delhi\Scene_3_2025-05-23\patch_0108.npy,3584,1536,512,100.0,patches\New_Delhi\Scene_3_2025-05-23\patch_0108.npy
1620,New_Delhi,Scene_3_2025-05-23,109,C:\Users\Aditya main\Desktop\Project_Sih\patches\New_Delhi\Scene_3_2025-05-23\patch_0109.npy,3584,2048,512,100.0,patches\New_Delhi\Scene_3_2025-05-23\patch_0109.npy
1621,New_Delhi,Scene_3_2025-05-23,110,C:\Users\Aditya main\Desktop\Project_Sih\patches\New_Delhi\Scene_3_2025-05-23\patch_0110.npy,3584,2560,512,100.0,patches\New_Delhi\Scene_3_2025-05-23\patch_0110.npy
1622,New_Delhi,Scene_3_2025-05-23,111,C:\Users\Aditya main\Desktop\Project_Sih\patches\New_Delhi\Scene_3_2025-05-23\patch_0111.npy,3584,3072,512,100.0,patches\New_Delhi\Scene_3_2025-05-23\patch_0111.npy
1623,New_Delhi,Scene_3_2025-05-23,112,C:\Users\Aditya main\Desktop\Project_Sih\patches\New_Delhi\Scene_3_2025-05-23\patch_0112.npy,3584,3584,512,100.0,patches\New_Delhi\Scene_3_2025-05-23\patch_0112.npy
1624,New_Delhi,Scene_3_2025-05-23,113,C:\Users\Aditya main\Desktop\Project_Sih\patches\New_Delhi\Scene_3_2025-05-23\patch_0113.npy,3584,4096,512,100.0,patches\New_Delhi\Scene_3_2025-05-23\patch_0113.npy
1625,New_Delhi,Scene_3_2025-05-23,114,C:\Users\Aditya main\Desktop\Project_Sih\patches\New_Delhi\Scene_3_2025-05-23\patch_0114.npy,3584,4608,512,100.0,patches\New_Delhi\Scene_3_2025-05-23\patch_0114.npy
1626,New_Delhi,Scene_3_2025-05-23,115,C:\Users\Aditya main\Desktop\Project_Sih\patches\New_Delhi\Scene_3_2025-05-23\patch_0115.npy,3584,5120,512,100.0,patches\New_Delhi\Scene_3_2025-05-23\patch_0115.npy
1627,New_Delhi,Scene_3_2025-05-23,116,C:\Users\Aditya main\Desktop\Project_Sih\patches\New_Delhi\Scene_3_2025-05-23\patch_0116.npy,3584,5632,512,100.0,patches\New_Delhi\Scene_3_2025-05-23\patch_0116.npy
1628,New_Delhi,Scene_3_2025-05-23,117,C:\Users\Aditya main\Desktop\Project_Sih\patches\New_Delhi\Scene_3_2025-05-23\patch_0117.npy,3584,6144,512,100.0,patches\New_Delhi\Scene_3_2025-05-23\patch_0117.npy
1629,New_Delhi,Scene_3_2025-05-23,118,C:\Users\Aditya main\Desktop\Project_Sih\patches\New_Delhi\Scene_3_2025-05-23\patch_0118.npy,3584,6656,512,100.0,patches\New_Delhi\Scene_3_2025-05-23\patch_0118.npy
1630,New_Delhi,Scene_3_2025-05-23,119,C:\Users\Aditya main\Desktop\Project_Sih\patches\New_Delhi\Scene_3_2025-05-23\patch_0119.npy,3584,7168,512,100.0,patches\New_Delhi\Scene_3_2025-05-23\patch_0119.npy
1631,New_Delhi,Scene_3_2025-05-23,120,C:\Users\Aditya main\Desktop\Project_Sih\patches\New_Delhi\Scene_3_2025-05-23\patch_0120.npy,4096,0,512,100.0,patches\New_Delhi\Scene_3_2025-05-23\patch_0120.npy
1632,New_Delhi,Scene_3_2025-05-23,121,C:\Users\Aditya main\Desktop\Project_Sih\patches\New_Delhi\Scene_3_2025-05-23\patch_0121.npy,4096,512,512,100.0,patches\New_Delhi\Scene_3_2025-05-23\patch_0121.npy
1633,New_Delhi,Scene_3_2025-05-23,122,C:\Users\Aditya main\Desktop\Project_Sih\patches\New_Delhi\Scene_3_2025-05-23\patch_0122.npy,4096,1024,512,100.0,patches\New_Delhi\Scene_3_2025-05-23\patch_0122.npy
1634,New_Delhi,Scene_3_2025-05-23,123,C:\Users\Aditya main\Desktop\Project_Sih\patches\New_Delhi\Scene_3_2025-05-23\patch_0123.npy,4096,1536,512,100.0,patches\New_Delhi\Scene_3_2025-05-23\patch_0123.npy
1635,New_Delhi,Scene_3_2025-05-23,124,C:\Users\Aditya main\Desktop\Project_Sih\patches\New_Delhi\Scene_3_2025-05-23\patch_0124.npy,4096,2048,512,100.0,patches\New_Delhi\Scene_3_2025-05-23\patch_0124.npy
1636,New_Delhi,Scene_3_2025-05-23,125,C:\Users\Aditya main\Desktop\Project_Sih\patches\New_Delhi\Scene_3_2025-05-23\patch_0125.npy,4096,2560,512,100.0,patches\New_Delhi\Scene_3_2025-05-23\patch_0125.npy
1637,New_Delhi,Scene_3_2025-05-23,126,C:\Users\Aditya main\Desktop\Project_Sih\patches\New_Delhi\Scene_3_2025-05-23\patch_0126.npy,4096,3072,512,100.0,patches\New_Delhi\Scene_3_2025-05-23\patch_0126.npy
1638,New_Delhi,Scene_3_2025-05-23,127,C:\Users\Aditya main\Desktop\Project_Sih\patches\New_Delhi\Scene_3_2025-05-23\patch_0127.npy,4096,3584,512,100.0,patches\New_Delhi\Scene_3_2025-05-23\patch_0127.npy
1639,New_Delhi,Scene_3_2025-05-23,128,C:\Users\Aditya main\Desktop\Project_Sih\patches\New_Delhi\Scene_3_2025-05-23\patch_0128.npy,4096,4096,512,100.0,patches\New_Delhi\Scene_3_2025-05-23\patch_0128.npy
1640,New_Delhi,Scene_3_2025-05-23,129,C:\Users\Aditya main\Desktop\Project_Sih\patches\New_Delhi\Scene_3_2025-05-23\patch_0129.npy,4096,4608,512,100.0,patches\New_Delhi\Scene_3_2025-05-23\patch_0129.npy
1641,New_Delhi,Scene_3_2025-05-23,130,C:\Users\Aditya main\Desktop\Project_Sih\patches\New_Delhi\Scene_3_2025-05-23\patch_0130.npy,4096,5120,512,100.0,patches\New_Delhi\Scene_3_2025-05-23\patch_0130.npy
1642,New_Delhi,Scene_3_2025-05-23,131,C:\Users\Aditya main\Desktop\Project_Sih\patches\New_Delhi\Scene_3_2025-05-23\patch_0131.npy,4096,5632,512,100.0,patches\New_Delhi\Scene_3_2025-05-23\patch_0131.npy
1643,New_Delhi,Scene_3_2025-05-23,132,C:\Users\Aditya main\Desktop\Project_Sih\patches\New_Delhi\Scene_3_2025-05-23\patch_0132.npy,4096,6144,512,100.0,patches\New_Delhi\Scene_3_2025-05-23\patch_0132.npy
1644,New_Delhi,Scene_3_2025-05-23,133,C:\Users\Aditya main\Desktop\Project_Sih\patches\New_Delhi\Scene_3_2025-05-23\patch_0133.npy,4096,6656,512,100.0,patches\New_Delhi\Scene_3_2025-05-23\patch_0133.npy
1645,New_Delhi,Scene_3_2025-05-23,134,C:\Users\Aditya main\Desktop\Project_Sih\patches\New_Delhi\Scene_3_2025-05-23\patch_0134.npy,4096,7168,512,100.0,patches\New_Delhi\Scene_3_2025-05-23\patch_0134.npy
1646,New_Delhi,Scene_3_2025-05-23,135,C:\Users\Aditya main\Desktop\Project_Sih\patches\New_Delhi\Scene_3_2025-05-23\patch_0135.npy,4608,0,512,100.0,patches\New_Delhi\Scene_3_2025-05-23\patch_0135.npy
1647,New_Delhi,Scene_3_2025-05-23,136,C:\Users\Aditya main\Desktop\Project_Sih\patches\New_Delhi\Scene_3_2025-05-23\patch_0136.npy,4608,512,512,100.0,patches\New_Delhi\Scene_3_2025-05-23\patch_0136.npy
1648,New_Delhi,Scene_3_2025-05-23,137,C:\Users\Aditya main\Desktop\Project_Sih\patches\New_Delhi\Scene_3_2025-05-23\patch_0137.npy,4608,1024,512,100.0,patches\New_Delhi\Scene_3_2025-05-23\patch_0137.npy
1649,New_Delhi,Scene_3_2025-05-23,138,C:\Users\Aditya main\Desktop\Project_Sih\patches\New_Delhi\Scene_3_2025-05-23\patch_0138.npy,4608,1536,512,100.0,patches\New_Delhi\Scene_3_2025-05-23\patch_0138.npy
1650,New_Delhi,Scene_3_2025-05-23,139,C:\Users\Aditya main\Desktop\Project_Sih\patches\New_Delhi\Scene_3_2025-05-23\patch_0139.npy,4608,2048,512,100.0,patches\New_Delhi\Scene_3_2025-05-23\patch_0139.npy
1651,New_Delhi,Scene_3_2025-05-23,140,C:\Users\Aditya main\Desktop\Project_Sih\patches\New_Delhi\Scene_3_2025-05-23\patch_0140.npy,4608,2560,512,100.0,patches\New_Delhi\Scene_3_2025-05-23\patch_0140.npy
1652,New_Delhi,Scene_3_2025-05-23,141,C:\Users\Aditya main\Desktop\Project_Sih\patches\New_Delhi\Scene_3_2025-05-23\patch_0141.npy,4608,3072,512,100.0,patches\New_Delhi\Scene_3_2025-05-23\patch_0141.npy
1653,New_Delhi,Scene_3_2025-05-23,142,C:\Users\Aditya main\Desktop\Project_Sih\patches\New_Delhi\Scene_3_2025-05-23\patch_0142.npy,4608,3584,512,100.0,patches\New_Delhi\Scene_3_2025-05-23\patch_0142.npy
1654,New_Delhi,Scene_3_2025-05-23,143,C:\Users\Aditya main\Desktop\Project_Sih\patches\New_Delhi\Scene_3_2025-05-23\patch_0143.npy,4608,4096,512,100.0,patches\New_Delhi\Scene_3_2025-05-23\patch_0143.npy
1655,New_Delhi,Scene_3_2025-05-23,144,C:\Users\Aditya main\Desktop\Project_Sih\patches\New_Delhi\Scene_3_2025-05-23\patch_0144.npy,4608,4608,512,100.0,patches\New_Delhi\Scene_3_2025-05-23\patch_0144.npy
1656,New_Delhi,Scene_3_2025-05-23,145,C:\Users\Aditya main\Desktop\Project_Sih\patches\New_Delhi\Scene_3_2025-05-23\patch_0145.npy,4608,5120,512,100.0,patches\New_Delhi\Scene_3_2025-05-23\patch_0145.npy
1657,New_Delhi,Scene_3_2025-05-23,146,C:\Users\Aditya main\Desktop\Project_Sih\patches\New_Delhi\Scene_3_2025-05-23\patch_0146.npy,4608,5632,512,100.0,patches\New_Delhi\Scene_3_2025-05-23\patch_0146.npy
1658,New_Delhi,Scene_3_2025-05-23,147,C:\Users\Aditya main\Desktop\Project_Sih\patches\New_Delhi\Scene_3_2025-05-23\patch_0147.npy,4608,6144,512,100.0,patches\New_Delhi\Scene_3_2025-05-23\patch_0147.npy
1659,New_Delhi,Scene_3_2025-05-23,148,C:\Users\Aditya main\Desktop\Project_Sih\patches\New_Delhi\Scene_3_2025-05-23\patch_0148.npy,4608,6656,512,100.0,patches\New_Delhi\Scene_3_2025-05-23\patch_0148.npy
1660,New_Delhi,Scene_3_2025-05-23,149,C:\Users\Aditya main\Desktop\Project_Sih\patches\New_Delhi\Scene_3_2025-05-23\patch_0149.npy,4608,7168,512,100.0,patches\New_Delhi\Scene_3_2025-05-23\patch_0149.npy
1661,New_Delhi,Scene_3_2025-05-23,150,C:\Users\Aditya main\Desktop\Project_Sih\patches\New_Delhi\Scene_3_2025-05-23\patch_0150.npy,5120,0,512,100.0,patches\New_Delhi\Scene_3_2025-05-23\patch_0150.npy
1662,New_Delhi,Scene_3_2025-05-23,151,C:\Users\Aditya main\Desktop\Project_Sih\patches\New_Delhi\Scene_3_2025-05-23\patch_0151.npy,5120,512,512,100.0,patches\New_Delhi\Scene_3_2025-05-23\patch_0151.npy
1663,New_Delhi,Scene_3_2025-05-23,152,C:\Users\Aditya main\Desktop\Project_Sih\patches\New_Delhi\Scene_3_2025-05-23\patch_0152.npy,5120,1024,512,100.0,patches\New_Delhi\Scene_3_2025-05-23\patch_0152.npy
1664,New_Delhi,Scene_3_2025-05-23,153,C:\Users\Aditya main\Desktop\Project_Sih\patches\New_Delhi\Scene_3_2025-05-23\patch_0153.npy,5120,1536,512,100.0,patches\New_Delhi\Scene_3_2025-05-23\patch_0153.npy
1665,New_Delhi,Scene_3_2025-05-23,154,C:\Users\Aditya main\Desktop\Project_Sih\patches\New_Delhi\Scene_3_2025-05-23\patch_0154.npy,5120,2048,512,100.0,patches\New_Delhi\Scene_3_2025-05-23\patch_0154.npy
1666,New_Delhi,Scene_3_2025-05-23,155,C:\Users\Aditya main\Desktop\Project_Sih\patches\New_Delhi\Scene_3_2025-05-23\patch_0155.npy,5120,2560,512,100.0,patches\New_Delhi\Scene_3_2025-05-23\patch_0155.npy
1667,New_Delhi,Scene_3_2025-05-23,156,C:\Users\Aditya main\Desktop\Project_Sih\patches\New_Delhi\Scene_3_2025-05-23\patch_0156.npy,5120,3072,512,100.0,patches\New_Delhi\Scene_3_2025-05-23\patch_0156.npy
1668,New_Delhi,Scene_3_2025-05-23,157,C:\Users\Aditya main\Desktop\Project_Sih\patches\New_Delhi\Scene_3_2025-05-23\patch_0157.npy,5120,3584,512,100.0,patches\New_Delhi\Scene_3_2025-05-23\patch_0157.npy
1669,New_Delhi,Scene_3_2025-05-23,158,C:\Users\Aditya main\Desktop\Project_Sih\patches\New_Delhi\Scene_3_2025-05-23\patch_0158.npy,5120,4096,512,100.0,patches\New_Delhi\Scene_3_2025-05-23\patch_0158.npy
1670,New_Delhi,Scene_3_2025-05-23,159,C:\Users\Aditya main\Desktop\Project_Sih\patches\New_Delhi\Scene_3_2025-05-23\patch_0159.npy,5120,4608,512,100.0,patches\New_Delhi\Scene_3_2025-05-23\patch_0159.npy
1671,New_Delhi,Scene_3_2025-05-23,160,C:\Users\Aditya main\Desktop\Project_Sih\patches\New_Delhi\Scene_3_2025-05-23\patch_0160.npy,5120,5120,512,100.0,patches\New_Delhi\Scene_3_2025-05-23\patch_0160.npy
1672,New_Delhi,Scene_3_2025-05-23,161,C:\Users\Aditya main\Desktop\Project_Sih\patches\New_Delhi\Scene_3_2025-05-23\patch_0161.npy,5120,5632,512,100.0,patches\New_Delhi\Scene_3_2025-05-23\patch_0161.npy
1673,New_Delhi,Scene_3_2025-05-23,162,C:\Users\Aditya main\Desktop\Project_Sih\patches\New_Delhi\Scene_3_2025-05-23\patch_0162.npy,5120,6144,512,100.0,patches\New_Delhi\Scene_3_2025-05-23\patch_0162.npy
1674,New_Delhi,Scene_3_2025-05-23,163,C:\Users\Aditya main\Desktop\Project_Sih\patches\New_Delhi\Scene_3_2025-05-23\patch_0163.npy,5120,6656,512,100.0,patches\New_Delhi\Scene_3_2025-05-23\patch_0163.npy
1675,New_Delhi,Scene_3_2025-05-23,164,C:\Users\Aditya main\Desktop\Project_Sih\patches\New_Delhi\Scene_3_2025-05-23\patch_0164.npy,5120,7168,512,100.0,patches\New_Delhi\Scene_3_2025-05-23\patch_0164.npy
1676,New_Delhi,Scene_3_2025-05-23,165,C:\Users\Aditya main\Desktop\Project_Sih\patches\New_Delhi\Scene_3_2025-05-23\patch_0165.npy,5632,0,512,100.0,patches\New_Delhi\Scene_3_2025-05-23\patch_0165.npy
1677,New_Delhi,Scene_3_2025-05-23,166,C:\Users\Aditya main\Desktop\Project_Sih\patches\New_Delhi\Scene_3_2025-05-23\patch_0166.npy,5632,512,512,100.0,patches\New_Delhi\Scene_3_2025-05-23\patch_0166.npy
1678,New_Delhi,Scene_3_2025-05-23,167,C:\Users\Aditya main\Desktop\Project_Sih\patches\New_Delhi\Scene_3_2025-05-23\patch_0167.npy,5632,1024,512,100.0,patches\New_Delhi\Scene_3_2025-05-23\patch_0167.npy
1679,New_Delhi,Scene_3_2025-05-23,168,C:\Users\Aditya main\Desktop\Project_Sih\patches\New_Delhi\Scene_3_2025-05-23\patch_0168.npy,5632,1536,512,100.0,patches\New_Delhi\Scene_3_2025-05-23\patch_0168.npy
1680,New_Delhi,Scene_3_2025-05-23,169,C:\Users\Aditya main\Desktop\Project_Sih\patches\New_Delhi\Scene_3_2025-05-23\patch_0169.npy,5632,2048,512,100.0,patches\New_Delhi\Scene_3_2025-05-23\patch_0169.npy
1681,New_Delhi,Scene_3_2025-05-23,170,C:\Users\Aditya main\Desktop\Project_Sih\patches\New_Delhi\Scene_3_2025-05-23\patch_0170.npy,5632,2560,512,100.0,patches\New_Delhi\Scene_3_2025-05-23\patch_0170.npy
1682,New_Delhi,Scene_3_2025-05-23,171,C:\Users\Aditya main\Desktop\Project_Sih\patches\New_Delhi\Scene_3_2025-05-23\patch_0171.npy,5632,3072,512,100.0,patches\New_Delhi\Scene_3_2025-05-23\patch_0171.npy
1683,New_Delhi,Scene_3_2025-05-23,172,C:\Users\Aditya main\Desktop\Project_Sih\patches\New_Delhi\Scene_3_2025-05-23\patch_0172.npy,5632,3584,512,100.0,patches\New_Delhi\Scene_3_2025-05-23\patch_0172.npy
1684,New_Delhi,Scene_3_2025-05-23,173,C:\Users\Aditya main\Desktop\Project_Sih\patches\New_Delhi\Scene_3_2025-05-23\patch_0173.npy,5632,4096,512,100.0,patches\New_Delhi\Scene_3_2025-05-23\patch_0173.npy
1685,New_Delhi,Scene_3_2025-05-23,174,C:\Users\Aditya main\Desktop\Project_Sih\patches\New_Delhi\Scene_3_2025-05-23\patch_0174.npy,5632,4608,512,100.0,patches\New_Delhi\Scene_3_2025-05-23\patch_0174.npy
1686,New_Delhi,Scene_3_2025-05-23,175,C:\Users\Aditya main\Desktop\Project_Sih\patches\New_Delhi\Scene_3_2025-05-23\patch_0175.npy,5632,5120,512,100.0,patches\New_Delhi\Scene_3_2025-05-23\patch_0175.npy
1687,New_Delhi,Scene_3_2025-05-23,176,C:\Users\Aditya main\Desktop\Project_Sih\patches\New_Delhi\Scene_3_2025-05-23\patch_0176.npy,5632,5632,512,100.0,patches\New_Delhi\Scene_3_2025-05-23\patch_0176.npy
1688,New_Delhi,Scene_3_2025-05-23,177,C:\Users\Aditya main\Desktop\Project_Sih\patches\New_Delhi\Scene_3_2025-05-23\patch_0177.npy,5632,6144,512,100.0,patches\New_Delhi\Scene_3_2025-05-23\patch_0177.npy
1689,New_Delhi,Scene_3_2025-05-23,178,C:\Users\Aditya main\Desktop\Project_Sih\patches\New_Delhi\Scene_3_2025-05-23\patch_0178.npy,5632,6656,512,100.0,patches\New_Delhi\Scene_3_2025-05-23\patch_0178.npy
1690,New_Delhi,Scene_3_2025-05-23,179,C:\Users\Aditya main\Desktop\Project_Sih\patches\New_Delhi\Scene_3_2025-05-23\patch_0179.npy,5632,7168,512,100.0,patches\New_Delhi\Scene_3_2025-05-23\patch_0179.npy
1691,New_Delhi,Scene_3_2025-05-23,180,C:\Users\Aditya main\Desktop\Project_Sih\patches\New_Delhi\Scene_3_2025-05-23\patch_0180.npy,6144,0,512,100.0,patches\New_Delhi\Scene_3_2025-05-23\patch_0180.npy
1692,New_Delhi,Scene_3_2025-05-23,181,C:\Users\Aditya main\Desktop\Project_Sih\patches\New_Delhi\Scene_3_2025-05-23\patch_0181.npy,6144,512,512,100.0,patches\New_Delhi\Scene_3_2025-05-23\patch_0181.npy
1693,New_Delhi,Scene_3_2025-05-23,182,C:\Users\Aditya main\Desktop\Project_Sih\patches\New_Delhi\Scene_3_2025-05-23\patch_0182.npy,6144,1024,512,100.0,patches\New_Delhi\Scene_3_2025-05-23\patch_0182.npy
1694,New_Delhi,Scene_3_2025-05-23,183,C:\Users\Aditya main\Desktop\Project_Sih\patches\New_Delhi\Scene_3_2025-05-23\patch_0183.npy,6144,1536,512,100.0,patches\New_Delhi\Scene_3_2025-05-23\patch_0183.npy
1695,New_Delhi,Scene_3_2025-05-23,184,C:\Users\Aditya main\Desktop\Project_Sih\patches\New_Delhi\Scene_3_2025-05-23\patch_0184.npy,6144,2048,512,100.0,patches\New_Delhi\Scene_3_2025-05-23\patch_0184.npy
1696,New_Delhi,Scene_3_2025-05-23,185,C:\Users\Aditya main\Desktop\Project_Sih\patches\New_Delhi\Scene_3_2025-05-23\patch_0185.npy,6144,2560,512,100.0,patches\New_Delhi\Scene_3_2025-05-23\patch_0185.npy
1697,New_Delhi,Scene_3_2025-05-23,186,C:\Users\Aditya main\Desktop\Project_Sih\patches\New_Delhi\Scene_3_2025-05-23\patch_0186.npy,6144,3072,512,100.0,patches\New_Delhi\Scene_3_2025-05-23\patch_0186.npy
1698,New_Delhi,Scene_3_2025-05-23,187,C:\Users\Aditya main\Desktop\Project_Sih\patches\New_Delhi\Scene_3_2025-05-23\patch_0187.npy,6144,3584,512,100.0,patches\New_Delhi\Scene_3_2025-05-23\patch_0187.npy
1699,New_Delhi,Scene_3_2025-05-23,188,C:\Users\Aditya main\Desktop\Project_Sih\patches\New_Delhi\Scene_3_2025-05-23\patch_0188.npy,6144,4096,512,100.0,patches\New_Delhi\Scene_3_2025-05-23\patch_0188.npy
1700,New_Delhi,Scene_3_2025-05-23,189,C:\Users\Aditya main\Desktop\Project_Sih\patches\New_Delhi\Scene_3_2025-05-23\patch_0189.npy,6144,4608,512,100.0,patches\New_Delhi\Scene_3_2025-05-23\patch_0189.npy
1701,New_Delhi,Scene_3_2025-05-23,190,C:\Users\Aditya main\Desktop\Project_Sih\patches\New_Delhi\Scene_3_2025-05-23\patch_0190.npy,6144,5120,512,100.0,patches\New_Delhi\Scene_3_2025-05-23\patch_0190.npy
1702,New_Delhi,Scene_3_2025-05-23,191,C:\Users\Aditya main\Desktop\Project_Sih\patches\New_Delhi\Scene_3_2025-05-23\patch_0191.npy,6144,5632,512,100.0,patches\New_Delhi\Scene_3_2025-05-23\patch_0191.npy
1703,New_Delhi,Scene_3_2025-05-23,192,C:\Users\Aditya main\Desktop\Project_Sih\patches\New_Delhi\Scene_3_2025-05-23\patch_0192.npy,6144,6144,512,100.0,patches\New_Delhi\Scene_3_2025-05-23\patch_0192.npy
1704,New_Delhi,Scene_3_2025-05-23,193,C:\Users\Aditya main\Desktop\Project_Sih\patches\New_Delhi\Scene_3_2025-05-23\patch_0193.npy,6144,6656,512,100.0,patches\New_Delhi\Scene_3_2025-05-23\patch_0193.npy
1705,New_Delhi,Scene_3_2025-05-23,194,C:\Users\Aditya main\Desktop\Project_Sih\patches\New_Delhi\Scene_3_2025-05-23\patch_0194.npy,6144,7168,512,100.0,patches\New_Delhi\Scene_3_2025-05-23\patch_0194.npy
1706,New_Delhi,Scene_3_2025-05-23,195,C:\Users\Aditya main\Desktop\Project_Sih\patches\New_Delhi\Scene_3_2025-05-23\patch_0195.npy,6656,0,512,100.0,patches\New_Delhi\Scene_3_2025-05-23\patch_0195.npy
1707,New_Delhi,Scene_3_2025-05-23,196,C:\Users\Aditya main\Desktop\Project_Sih\patches\New_Delhi\Scene_3_2025-05-23\patch_0196.npy,6656,512,512,100.0,patches\New_Delhi\Scene_3_2025-05-23\patch_0196.npy
1708,New_Delhi,Scene_3_2025-05-23,197,C:\Users\Aditya main\Desktop\Project_Sih\patches\New_Delhi\Scene_3_2025-05-23\patch_0197.npy,6656,1024,512,100.0,patches\New_Delhi\Scene_3_2025-05-23\patch_0197.npy
1709,New_Delhi,Scene_3_2025-05-23,198,C:\Users\Aditya main\Desktop\Project_Sih\patches\New_Delhi\Scene_3_2025-05-23\patch_0198.npy,6656,1536,512,100.0,patches\New_Delhi\Scene_3_2025-05-23\patch_0198.npy
1710,New_Delhi,Scene_3_2025-05-23,199,C:\Users\Aditya main\Desktop\Project_Sih\patches\New_Delhi\Scene_3_2025-05-23\patch_0199.npy,6656,2048,512,100.0,patches\New_Delhi\Scene_3_2025-05-23\patch_0199.npy
1711,New_Delhi,Scene_3_2025-05-23,200,C:\Users\Aditya main\Desktop\Project_Sih\patches\New_Delhi\Scene_3_2025-05-23\patch_0200.npy,6656,2560,512,100.0,patches\New_Delhi\Scene_3_2025-05-23\patch_0200.npy
1712,New_Delhi,Scene_3_2025-05-23,201,C:\Users\Aditya main\Desktop\Project_Sih\patches\New_Delhi\Scene_3_2025-05-23\patch_0201.npy,6656,3072,512,100.0,patches\New_Delhi\Scene_3_2025-05-23\patch_0201.npy
1713,New_Delhi,Scene_3_2025-05-23,202,C:\Users\Aditya main\Desktop\Project_Sih\patches\New_Delhi\Scene_3_2025-05-23\patch_0202.npy,6656,3584,512,100.0,patches\New_Delhi\Scene_3_2025-05-23\patch_0202.npy
1714,New_Delhi,Scene_3_2025-05-23,203,C:\Users\Aditya main\Desktop\Project_Sih\patches\New_Delhi\Scene_3_2025-05-23\patch_0203.npy,6656,4096,512,100.0,patches\New_Delhi\Scene_3_2025-05-23\patch_0203.npy
1715,New_Delhi,Scene_3_2025-05-23,204,C:\Users\Aditya main\Desktop\Project_Sih\patches\New_Delhi\Scene_3_2025-05-23\patch_0204.npy,6656,4608,512,100.0,patches\New_Delhi\Scene_3_2025-05-23\patch_0204.npy
1716,New_Delhi,Scene_3_2025-05-23,205,C:\Users\Aditya main\Desktop\Project_Sih\patches\New_Delhi\Scene_3_2025-05-23\patch_0205.npy,6656,5120,512,100.0,patches\New_Delhi\Scene_3_2025-05-23\patch_0205.npy
1717,New_Delhi,Scene_3_2025-05-23,206,C:\Users\Aditya main\Desktop\Project_Sih\patches\New_Delhi\Scene_3_2025-05-23\patch_0206.npy,6656,5632,512,100.0,patches\New_Delhi\Scene_3_2025-05-23\patch_0206.npy
1718,New_Delhi,Scene_3_2025-05-23,207,C:\Users\Aditya main\Desktop\Project_Sih\patches\New_Delhi\Scene_3_2025-05-23\patch_0207.npy,6656,6144,512,100.0,patches\New_Delhi\Scene_3_2025-05-23\patch_0207.npy
1719,New_Delhi,Scene_3_2025-05-23,208,C:\Users\Aditya main\Desktop\Project_Sih\patches\New_Delhi\Scene_3_2025-05-23\patch_0208.npy,6656,6656,512,100.0,patches\New_Delhi\Scene_3_2025-05-23\patch_0208.npy
1720,New_Delhi,Scene_3_2025-05-23,209,C:\Users\Aditya main\Desktop\Project_Sih\patches\New_Delhi\Scene_3_2025-05-23\patch_0209.npy,6656,7168,512,100.0,patches\New_Delhi\Scene_3_2025-05-23\patch_0209.npy
1766,New_Delhi,Scene_4_2025-05-13,0,C:\Users\Aditya main\Desktop\Project_Sih\patches\New_Delhi\Scene_4_2025-05-13\patch_0000.npy,0,0,512,100.0,patches\New_Delhi\Scene_4_2025-05-13\patch_0000.npy
1767,New_Delhi,Scene_4_2025-05-13,1,C:\Users\Aditya main\Desktop\Project_Sih\patches\New_Delhi\Scene_4_2025-05-13\patch_0001.npy,0,512,512,100.0,patches\New_Delhi\Scene_4_2025-05-13\patch_0001.npy
1768,New_Delhi,Scene_4_2025-05-13,2,C:\Users\Aditya main\Desktop\Project_Sih\patches\New_Delhi\Scene_4_2025-05-13\patch_0002.npy,0,1024,512,100.0,patches\New_Delhi\Scene_4_2025-05-13\patch_0002.npy
1769,New_Delhi,Scene_4_2025-05-13,3,C:\Users\Aditya main\Desktop\Project_Sih\patches\New_Delhi\Scene_4_2025-05-13\patch_0003.npy,0,1536,512,100.0,patches\New_Delhi\Scene_4_2025-05-13\patch_0003.npy
1770,New_Delhi,Scene_4_2025-05-13,4,C:\Users\Aditya main\Desktop\Project_Sih\patches\New_Delhi\Scene_4_2025-05-13\patch_0004.npy,0,2048,512,100.0,patches\New_Delhi\Scene_4_2025-05-13\patch_0004.npy
1771,New_Delhi,Scene_4_2025-05-13,5,C:\Users\Aditya main\Desktop\Project_Sih\patches\New_Delhi\Scene_4_2025-05-13\patch_0005.npy,0,2560,512,100.0,patches\New_Delhi\Scene_4_2025-05-13\patch_0005.npy
1772,New_Delhi,Scene_4_2025-05-13,6,C:\Users\Aditya main\Desktop\Project_Sih\patches\New_Delhi\Scene_4_2025-05-13\patch_0006.npy,0,3072,512,100.0,patches\New_Delhi\Scene_4_2025-05-13\patch_0006.npy
1773,New_Delhi,Scene_4_2025-05-13,7,C:\Users\Aditya main\Desktop\Project_Sih\patches\New_Delhi\Scene_4_2025-05-13\patch_0007.npy,0,3584,512,100.0,patches\New_Delhi\Scene_4_2025-05-13\patch_0007.npy
1774,New_Delhi,Scene_4_2025-05-13,8,C:\Users\Aditya main\Desktop\Project_Sih\patches\New_Delhi\Scene_4_2025-05-13\patch_0008.npy,0,4096,512,100.0,patches\New_Delhi\Scene_4_2025-05-13\patch_0008.npy
1775,New_Delhi,Scene_4_2025-05-13,9,C:\Users\Aditya main\Desktop\Project_Sih\patches\New_Delhi\Scene_4_2025-05-13\patch_0009.npy,0,4608,512,100.0,patches\New_Delhi\Scene_4_2025-05-13\patch_0009.npy
1776,New_Delhi,Scene_4_2025-05-13,10,C:\Users\Aditya main\Desktop\Project_Sih\patches\New_Delhi\Scene_4_2025-05-13\patch_0010.npy,0,5120,512,100.0,patches\New_Delhi\Scene_4_2025-05-13\patch_0010.npy
1777,New_Delhi,Scene_4_2025-05-13,11,C:\Users\Aditya main\Desktop\Project_Sih\patches\New_Delhi\Scene_4_2025-05-13\patch_0011.npy,0,5632,512,100.0,patches\New_Delhi\Scene_4_2025-05-13\patch_0011.npy
1778,New_Delhi,Scene_4_2025-05-13,12,C:\Users\Aditya main\Desktop\Project_Sih\patches\New_Delhi\Scene_4_2025-05-13\patch_0012.npy,0,6144,512,100.0,patches\New_Delhi\Scene_4_2025-05-13\patch_0012.npy
1779,New_Delhi,Scene_4_2025-05-13,13,C:\Users\Aditya main\Desktop\Project_Sih\patches\New_Delhi\Scene_4_2025-05-13\patch_0013.npy,0,6656,512,100.0,patches\New_Delhi\Scene_4_2025-05-13\patch_0013.npy
1780,New_Delhi,Scene_4_2025-05-13,14,C:\Users\Aditya main\Desktop\Project_Sih\patches\New_Delhi\Scene_4_2025-05-13\patch_0014.npy,0,7168,512,100.0,patches\New_Delhi\Scene_4_2025-05-13\patch_0014.npy
1781,New_Delhi,Scene_4_2025-05-13,15,C:\Users\Aditya main\Desktop\Project_Sih\patches\New_Delhi\Scene_4_2025-05-13\patch_0015.npy,512,0,512,100.0,patches\New_Delhi\Scene_4_2025-05-13\patch_0015.npy
1782,New_Delhi,Scene_4_2025-05-13,16,C:\Users\Aditya main\Desktop\Project_Sih\patches\New_Delhi\Scene_4_2025-05-13\patch_0016.npy,512,512,512,100.0,patches\New_Delhi\Scene_4_2025-05-13\patch_0016.npy
1783,New_Delhi,Scene_4_2025-05-13,17,C:\Users\Aditya main\Desktop\Project_Sih\patches\New_Delhi\Scene_4_2025-05-13\patch_0017.npy,512,1024,512,100.0,patches\New_Delhi\Scene_4_2025-05-13\patch_0017.npy
1784,New_Delhi,Scene_4_2025-05-13,18,C:\Users\Aditya main\Desktop\Project_Sih\patches\New_Delhi\Scene_4_2025-05-13\patch_0018.npy,512,1536,512,100.0,patches\New_Delhi\Scene_4_2025-05-13\patch_0018.npy
1785,New_Delhi,Scene_4_2025-05-13,19,C:\Users\Aditya main\Desktop\Project_Sih\patches\New_Delhi\Scene_4_2025-05-13\patch_0019.npy,512,2048,512,100.0,patches\New_Delhi\Scene_4_2025-05-13\patch_0019.npy
1786,New_Delhi,Scene_4_2025-05-13,20,C:\Users\Aditya main\Desktop\Project_Sih\patches\New_Delhi\Scene_4_2025-05-13\patch_0020.npy,512,2560,512,100.0,patches\New_Delhi\Scene_4_2025-05-13\patch_0020.npy
1787,New_Delhi,Scene_4_2025-05-13,21,C:\Users\Aditya main\Desktop\Project_Sih\patches\New_Delhi\Scene_4_2025-05-13\patch_0021.npy,512,3072,512,100.0,patches\New_Delhi\Scene_4_2025-05-13\patch_0021.npy
1788,New_Delhi,Scene_4_2025-05-13,22,C:\Users\Aditya main\Desktop\Project_Sih\patches\New_Delhi\Scene_4_2025-05-13\patch_0022.npy,512,3584,512,100.0,patches\New_Delhi\Scene_4_2025-05-13\patch_0022.npy
1789,New_Delhi,Scene_4_2025-05-13,23,C:\Users\Aditya main\Desktop\Project_Sih\patches\New_Delhi\Scene_4_2025-05-13\patch_0023.npy,512,4096,512,100.0,patches\New_Delhi\Scene_4_2025-05-13\patch_0023.npy
1790,New_Delhi,Scene_4_2025-05-13,24,C:\Users\Aditya main\Desktop\Project_Sih\patches\New_Delhi\Scene_4_2025-05-13\patch_0024.npy,512,4608,512,100.0,patches\New_Delhi\Scene_4_2025-05-13\patch_0024.npy
1791,New_Delhi,Scene_4_2025-05-13,25,C:\Users\Aditya main\Desktop\Project_Sih\patches\New_Delhi\Scene_4_2025-05-13\patch_0025.npy,512,5120,512,100.0,patches\New_Delhi\Scene_4_2025-05-13\patch_0025.npy
1792,New_Delhi,Scene_4_2025-05-13,26,C:\Users\Aditya main\Desktop\Project_Sih\patches\New_Delhi\Scene_4_2025-05-13\patch_0026.npy,512,5632,512,100.0,patches\New_Delhi\Scene_4_2025-05-13\patch_0026.npy
1793,New_Delhi,Scene_4_2025-05-13,27,C:\Users\Aditya main\Desktop\Project_Sih\patches\New_Delhi\Scene_4_2025-05-13\patch_0027.npy,512,6144,512,100.0,patches\New_Delhi\Scene_4_2025-05-13\patch_0027.npy
1794,New_Delhi,Scene_4_2025-05-13,28,C:\Users\Aditya main\Desktop\Project_Sih\patches\New_Delhi\Scene_4_2025-05-13\patch_0028.npy,512,6656,512,100.0,patches\New_Delhi\Scene_4_2025-05-13\patch_0028.npy
1795,New_Delhi,Scene_4_2025-05-13,29,C:\Users\Aditya main\Desktop\Project_Sih\patches\New_Delhi\Scene_4_2025-05-13\patch_0029.npy,512,7168,512,100.0,patches\New_Delhi\Scene_4_2025-05-13\patch_0029.npy
1796,New_Delhi,Scene_4_2025-05-13,30,C:\Users\Aditya main\Desktop\Project_Sih\patches\New_Delhi\Scene_4_2025-05-13\patch_0030.npy,1024,0,512,100.0,patches\New_Delhi\Scene_4_2025-05-13\patch_0030.npy
1797,New_Delhi,Scene_4_2025-05-13,31,C:\Users\Aditya main\Desktop\Project_Sih\patches\New_Delhi\Scene_4_2025-05-13\patch_0031.npy,1024,512,512,100.0,patches\New_Delhi\Scene_4_2025-05-13\patch_0031.npy
1798,New_Delhi,Scene_4_2025-05-13,32,C:\Users\Aditya main\Desktop\Project_Sih\patches\New_Delhi\Scene_4_2025-05-13\patch_0032.npy,1024,1024,512,100.0,patches\New_Delhi\Scene_4_2025-05-13\patch_0032.npy
1799,New_Delhi,Scene_4_2025-05-13,33,C:\Users\Aditya main\Desktop\Project_Sih\patches\New_Delhi\Scene_4_2025-05-13\patch_0033.npy,1024,1536,512,100.0,patches\New_Delhi\Scene_4_2025-05-13\patch_0033.npy
1800,New_Delhi,Scene_4_2025-05-13,34,C:\Users\Aditya main\Desktop\Project_Sih\patches\New_Delhi\Scene_4_2025-05-13\patch_0034.npy,1024,2048,512,100.0,patches\New_Delhi\Scene_4_2025-05-13\patch_0034.npy
1801,New_Delhi,Scene_4_2025-05-13,35,C:\Users\Aditya main\Desktop\Project_Sih\patches\New_Delhi\Scene_4_2025-05-13\patch_0035.npy,1024,2560,512,100.0,patches\New_Delhi\Scene_4_2025-05-13\patch_0035.npy
1802,New_Delhi,Scene_4_2025-05-13,36,C:\Users\Aditya main\Desktop\Project_Sih\patches\New_Delhi\Scene_4_2025-05-13\patch_0036.npy,1024,3072,512,100.0,patches\New_Delhi\Scene_4_2025-05-13\patch_0036.npy
1803,New_Delhi,Scene_4_2025-05-13,37,C:\Users\Aditya main\Desktop\Project_Sih\patches\New_Delhi\Scene_4_2025-05-13\patch_0037.npy,1024,3584,512,100.0,patches\New_Delhi\Scene_4_2025-05-13\patch_0037.npy
1804,New_Delhi,Scene_4_2025-05-13,38,C:\Users\Aditya main\Desktop\Project_Sih\patches\New_Delhi\Scene_4_2025-05-13\patch_0038.npy,1024,4096,512,100.0,patches\New_Delhi\Scene_4_2025-05-13\patch_0038.npy
1805,New_Delhi,Scene_4_2025-05-13,39,C:\Users\Aditya main\Desktop\Project_Sih\patches\New_Delhi\Scene_4_2025-05-13\patch_0039.npy,1024,4608,512,100.0,patches\New_Delhi\Scene_4_2025-05-13\patch_0039.npy
1806,New_Delhi,Scene_4_2025-05-13,40,C:\Users\Aditya main\Desktop\Project_Sih\patches\New_Delhi\Scene_4_2025-05-13\patch_0040.npy,1024,5120,512,100.0,patches\New_Delhi\Scene_4_2025-05-13\patch_0040.npy
1807,New_Delhi,Scene_4_2025-05-13,41,C:\Users\Aditya main\Desktop\Project_Sih\patches\New_Delhi\Scene_4_2025-05-13\patch_0041.npy,1024,5632,512,100.0,patches\New_Delhi\Scene_4_2025-05-13\patch_0041.npy
1808,New_Delhi,Scene_4_2025-05-13,42,C:\Users\Aditya main\Desktop\Project_Sih\patches\New_Delhi\Scene_4_2025-05-13\patch_0042.npy,1024,6144,512,100.0,patches\New_Delhi\Scene_4_2025-05-13\patch_0042.npy
1809,New_Delhi,Scene_4_2025-05-13,43,C:\Users\Aditya main\Desktop\Project_Sih\patches\New_Delhi\Scene_4_2025-05-13\patch_0043.npy,1024,6656,512,100.0,patches\New_Delhi\Scene_4_2025-05-13\patch_0043.npy
1810,New_Delhi,Scene_4_2025-05-13,44,C:\Users\Aditya main\Desktop\Project_Sih\patches\New_Delhi\Scene_4_2025-05-13\patch_0044.npy,1024,7168,512,100.0,patches\New_Delhi\Scene_4_2025-05-13\patch_0044.npy
1811,New_Delhi,Scene_4_2025-05-13,45,C:\Users\Aditya main\Desktop\Project_Sih\patches\New_Delhi\Scene_4_2025-05-13\patch_0045.npy,1536,0,512,100.0,patches\New_Delhi\Scene_4_2025-05-13\patch_0045.npy
1812,New_Delhi,Scene_4_2025-05-13,46,C:\Users\Aditya main\Desktop\Project_Sih\patches\New_Delhi\Scene_4_2025-05-13\patch_0046.npy,1536,512,512,100.0,patches\New_Delhi\Scene_4_2025-05-13\patch_0046.npy
1813,New_Delhi,Scene_4_2025-05-13,47,C:\Users\Aditya main\Desktop\Project_Sih\patches\New_Delhi\Scene_4_2025-05-13\patch_0047.npy,1536,1024,512,100.0,patches\New_Delhi\Scene_4_2025-05-13\patch_0047.npy
1814,New_Delhi,Scene_4_2025-05-13,48,C:\Users\Aditya main\Desktop\Project_Sih\patches\New_Delhi\Scene_4_2025-05-13\patch_0048.npy,1536,1536,512,100.0,patches\New_Delhi\Scene_4_2025-05-13\patch_0048.npy
1815,New_Delhi,Scene_4_2025-05-13,49,C:\Users\Aditya main\Desktop\Project_Sih\patches\New_Delhi\Scene_4_2025-05-13\patch_0049.npy,1536,2048,512,100.0,patches\New_Delhi\Scene_4_2025-05-13\patch_0049.npy
1816,New_Delhi,Scene_4_2025-05-13,50,C:\Users\Aditya main\Desktop\Project_Sih\patches\New_Delhi\Scene_4_2025-05-13\patch_0050.npy,1536,2560,512,100.0,patches\New_Delhi\Scene_4_2025-05-13\patch_0050.npy
1817,New_Delhi,Scene_4_2025-05-13,51,C:\Users\Aditya main\Desktop\Project_Sih\patches\New_Delhi\Scene_4_2025-05-13\patch_0051.npy,1536,3072,512,100.0,patches\New_Delhi\Scene_4_2025-05-13\patch_0051.npy
1818,New_Delhi,Scene_4_2025-05-13,52,C:\Users\Aditya main\Desktop\Project_Sih\patches\New_Delhi\Scene_4_2025-05-13\patch_0052.npy,1536,3584,512,100.0,patches\New_Delhi\Scene_4_2025-05-13\patch_0052.npy
1819,New_Delhi,Scene_4_2025-05-13,53,C:\Users\Aditya main\Desktop\Project_Sih\patches\New_Delhi\Scene_4_2025-05-13\patch_0053.npy,1536,4096,512,100.0,patches\New_Delhi\Scene_4_2025-05-13\patch_0053.npy
1820,New_Delhi,Scene_4_2025-05-13,54,C:\Users\Aditya main\Desktop\Project_Sih\patches\New_Delhi\Scene_4_2025-05-13\patch_0054.npy,1536,4608,512,100.0,patches\New_Delhi\Scene_4_2025-05-13\patch_0054.npy
1821,New_Delhi,Scene_4_2025-05-13,55,C:\Users\Aditya main\Desktop\Project_Sih\patches\New_Delhi\Scene_4_2025-05-13\patch_0055.npy,1536,5120,512,100.0,patches\New_Delhi\Scene_4_2025-05-13\patch_0055.npy
1822,New_Delhi,Scene_4_2025-05-13,56,C:\Users\Aditya main\Desktop\Project_Sih\patches\New_Delhi\Scene_4_2025-05-13\patch_0056.npy,1536,5632,512,100.0,patches\New_Delhi\Scene_4_2025-05-13\patch_0056.npy
1823,New_Delhi,Scene_4_2025-05-13,57,C:\Users\Aditya main\Desktop\Project_Sih\patches\New_Delhi\Scene_4_2025-05-13\patch_0057.npy,1536,6144,512,100.0,patches\New_Delhi\Scene_4_2025-05-13\patch_0057.npy
1824,New_Delhi,Scene_4_2025-05-13,58,C:\Users\Aditya main\Desktop\Project_Sih\patches\New_Delhi\Scene_4_2025-05-13\patch_0058.npy,1536,6656,512,100.0,patches\New_Delhi\Scene_4_2025-05-13\patch_0058.npy
1825,New_Delhi,Scene_4_2025-05-13,59,C:\Users\Aditya main\Desktop\Project_Sih\patches\New_Delhi\Scene_4_2025-05-13\patch_0059.npy,1536,7168,512,100.0,patches\New_Delhi\Scene_4_2025-05-13\patch_0059.npy
1826,New_Delhi,Scene_4_2025-05-13,60,C:\Users\Aditya main\Desktop\Project_Sih\patches\New_Delhi\Scene_4_2025-05-13\patch_0060.npy,2048,0,512,100.0,patches\New_Delhi\Scene_4_2025-05-13\patch_0060.npy
1827,New_Delhi,Scene_4_2025-05-13,61,C:\Users\Aditya main\Desktop\Project_Sih\patches\New_Delhi\Scene_4_2025-05-13\patch_0061.npy,2048,512,512,100.0,patches\New_Delhi\Scene_4_2025-05-13\patch_0061.npy
1828,New_Delhi,Scene_4_2025-05-13,62,C:\Users\Aditya main\Desktop\Project_Sih\patches\New_Delhi\Scene_4_2025-05-13\patch_0062.npy,2048,1024,512,100.0,patches\New_Delhi\Scene_4_2025-05-13\patch_0062.npy
1829,New_Delhi,Scene_4_2025-05-13,63,C:\Users\Aditya main\Desktop\Project_Sih\patches\New_Delhi\Scene_4_2025-05-13\patch_0063.npy,2048,1536,512,100.0,patches\New_Delhi\Scene_4_2025-05-13\patch_0063.npy
1830,New_Delhi,Scene_4_2025-05-13,64,C:\Users\Aditya main\Desktop\Project_Sih\patches\New_Delhi\Scene_4_2025-05-13\patch_0064.npy,2048,2048,512,100.0,patches\New_Delhi\Scene_4_2025-05-13\patch_0064.npy
1831,New_Delhi,Scene_4_2025-05-13,65,C:\Users\Aditya main\Desktop\Project_Sih\patches\New_Delhi\Scene_4_2025-05-13\patch_0065.npy,2048,2560,512,100.0,patches\New_Delhi\Scene_4_2025-05-13\patch_0065.npy
1832,New_Delhi,Scene_4_2025-05-13,66,C:\Users\Aditya main\Desktop\Project_Sih\patches\New_Delhi\Scene_4_2025-05-13\patch_0066.npy,2048,3072,512,100.0,patches\New_Delhi\Scene_4_2025-05-13\patch_0066.npy
1833,New_Delhi,Scene_4_2025-05-13,67,C:\Users\Aditya main\Desktop\Project_Sih\patches\New_Delhi\Scene_4_2025-05-13\patch_0067.npy,2048,3584,512,100.0,patches\New_Delhi\Scene_4_2025-05-13\patch_0067.npy
1834,New_Delhi,Scene_4_2025-05-13,68,C:\Users\Aditya main\Desktop\Project_Sih\patches\New_Delhi\Scene_4_2025-05-13\patch_0068.npy,2048,4096,512,100.0,patches\New_Delhi\Scene_4_2025-05-13\patch_0068.npy
1835,New_Delhi,Scene_4_2025-05-13,69,C:\Users\Aditya main\Desktop\Project_Sih\patches\New_Delhi\Scene_4_2025-05-13\patch_0069.npy,2048,4608,512,100.0,patches\New_Delhi\Scene_4_2025-05-13\patch_0069.npy
1836,New_Delhi,Scene_4_2025-05-13,70,C:\Users\Aditya main\Desktop\Project_Sih\patches\New_Delhi\Scene_4_2025-05-13\patch_0070.npy,2048,5120,512,99.29962158203124,patches\New_Delhi\Scene_4_2025-05-13\patch_0070.npy
1837,New_Delhi,Scene_4_2025-05-13,71,C:\Users\Aditya main\Desktop\Project_Sih\patches\New_Delhi\Scene_4_2025-05-13\patch_0071.npy,2048,5632,512,99.99847412109376,patches\New_Delhi\Scene_4_2025-05-13\patch_0071.npy
1838,New_Delhi,Scene_4_2025-05-13,72,C:\Users\Aditya main\Desktop\Project_Sih\patches\New_Delhi\Scene_4_2025-05-13\patch_0072.npy,2048,6144,512,100.0,patches\New_Delhi\Scene_4_2025-05-13\patch_0072.npy
1839,New_Delhi,Scene_4_2025-05-13,73,C:\Users\Aditya main\Desktop\Project_Sih\patches\New_Delhi\Scene_4_2025-05-13\patch_0073.npy,2048,6656,512,99.6246337890625,patches\New_Delhi\Scene_4_2025-05-13\patch_0073.npy
1840,New_Delhi,Scene_4_2025-05-13,74,C:\Users\Aditya main\Desktop\Project_Sih\patches\New_Delhi\Scene_4_2025-05-13\patch_0074.npy,2048,7168,512,100.0,patches\New_Delhi\Scene_4_2025-05-13\patch_0074.npy
1841,New_Delhi,Scene_4_2025-05-13,75,C:\Users\Aditya main\Desktop\Project_Sih\patches\New_Delhi\Scene_4_2025-05-13\patch_0075.npy,2560,0,512,100.0,patches\New_Delhi\Scene_4_2025-05-13\patch_0075.npy
1842,New_Delhi,Scene_4_2025-05-13,76,C:\Users\Aditya main\Desktop\Project_Sih\patches\New_Delhi\Scene_4_2025-05-13\patch_0076.npy,2560,512,512,100.0,patches\New_Delhi\Scene_4_2025-05-13\patch_0076.npy
1843,New_Delhi,Scene_4_2025-05-13,77,C:\Users\Aditya main\Desktop\Project_Sih\patches\New_Delhi\Scene_4_2025-05-13\patch_0077.npy,2560,1024,512,100.0,patches\New_Delhi\Scene_4_2025-05-13\patch_0077.npy
1844,New_Delhi,Scene_4_2025-05-13,78,C:\Users\Aditya main\Desktop\Project_Sih\patches\New_Delhi\Scene_4_2025-05-13\patch_0078.npy,2560,1536,512,100.0,patches\New_Delhi\Scene_4_2025-05-13\patch_0078.npy
1845,New_Delhi,Scene_4_2025-05-13,79,C:\Users\Aditya main\Desktop\Project_Sih\patches\New_Delhi\Scene_4_2025-05-13\patch_0079.npy,2560,2048,512,100.0,patches\New_Delhi\Scene_4_2025-05-13\patch_0079.npy
1846,New_Delhi,Scene_4_2025-05-13,80,C:\Users\Aditya main\Desktop\Project_Sih\patches\New_Delhi\Scene_4_2025-05-13\patch_0080.npy,2560,2560,512,100.0,patches\New_Delhi\Scene_4_2025-05-13\patch_0080.npy
1847,New_Delhi,Scene_4_2025-05-13,81,C:\Users\Aditya main\Desktop\Project_Sih\patches\New_Delhi\Scene_4_2025-05-13\patch_0081.npy,2560,3072,512,100.0,patches\New_Delhi\Scene_4_2025-05-13\patch_0081.npy
1848,New_Delhi,Scene_4_2025-05-13,82,C:\Users\Aditya main\Desktop\Project_Sih\patches\New_Delhi\Scene_4_2025-05-13\patch_0082.npy,2560,3584,512,100.0,patches\New_Delhi\Scene_4_2025-05-13\patch_0082.npy
1849,New_Delhi,Scene_4_2025-05-13,83,C:\Users\Aditya main\Desktop\Project_Sih\patches\New_Delhi\Scene_4_2025-05-13\patch_0083.npy,2560,4096,512,99.84283447265624,patches\New_Delhi\Scene_4_2025-05-13\patch_0083.npy
1850,New_Delhi,Scene_4_2025-05-13,84,C:\Users\Aditya main\Desktop\Project_Sih\patches\New_Delhi\Scene_4_2025-05-13\patch_0084.npy,2560,4608,512,99.13330078125,patches\New_Delhi\Scene_4_2025-05-13\patch_0084.npy
1851,New_Delhi,Scene_4_2025-05-13,85,C:\Users\Aditya main\Desktop\Project_Sih\patches\New_Delhi\Scene_4_2025-05-13\patch_0085.npy,2560,5120,512,100.0,patches\New_Delhi\Scene_4_2025-05-13\patch_0085.npy
1852,New_Delhi,Scene_4_2025-05-13,86,C:\Users\Aditya main\Desktop\Project_Sih\patches\New_Delhi\Scene_4_2025-05-13\patch_0086.npy,2560,5632,512,100.0,patches\New_Delhi\Scene_4_2025-05-13\patch_0086.npy
1853,New_Delhi,Scene_4_2025-05-13,87,C:\Users\Aditya main\Desktop\Project_Sih\patches\New_Delhi\Scene_4_2025-05-13\patch_0087.npy,2560,6144,512,100.0,patches\New_Delhi\Scene_4_2025-05-13\patch_0087.npy
1854,New_Delhi,Scene_4_2025-05-13,88,C:\Users\Aditya main\Desktop\Project_Sih\patches\New_Delhi\Scene_4_2025-05-13\patch_0088.npy,2560,6656,512,100.0,patches\New_Delhi\Scene_4_2025-05-13\patch_0088.npy
1855,New_Delhi,Scene_4_2025-05-13,89,C:\Users\Aditya main\Desktop\Project_Sih\patches\New_Delhi\Scene_4_2025-05-13\patch_0089.npy,2560,7168,512,100.0,patches\New_Delhi\Scene_4_2025-05-13\patch_0089.npy
1856,New_Delhi,Scene_4_2025-05-13,90,C:\Users\Aditya main\Desktop\Project_Sih\patches\New_Delhi\Scene_4_2025-05-13\patch_0090.npy,3072,0,512,100.0,patches\New_Delhi\Scene_4_2025-05-13\patch_0090.npy
1857,New_Delhi,Scene_4_2025-05-13,91,C:\Users\Aditya main\Desktop\Project_Sih\patches\New_Delhi\Scene_4_2025-05-13\patch_0091.npy,3072,512,512,100.0,patches\New_Delhi\Scene_4_2025-05-13\patch_0091.npy
1858,New_Delhi,Scene_4_2025-05-13,92,C:\Users\Aditya main\Desktop\Project_Sih\patches\New_Delhi\Scene_4_2025-05-13\patch_0092.npy,3072,1024,512,100.0,patches\New_Delhi\Scene_4_2025-05-13\patch_0092.npy
1859,New_Delhi,Scene_4_2025-05-13,93,C:\Users\Aditya main\Desktop\Project_Sih\patches\New_Delhi\Scene_4_2025-05-13\patch_0093.npy,3072,1536,512,100.0,patches\New_Delhi\Scene_4_2025-05-13\patch_0093.npy
1860,New_Delhi,Scene_4_2025-05-13,94,C:\Users\Aditya main\Desktop\Project_Sih\patches\New_Delhi\Scene_4_2025-05-13\patch_0094.npy,3072,2048,512,100.0,patches\New_Delhi\Scene_4_2025-05-13\patch_0094.npy
1861,New_Delhi,Scene_4_2025-05-13,95,C:\Users\Aditya main\Desktop\Project_Sih\patches\New_Delhi\Scene_4_2025-05-13\patch_0095.npy,3072,2560,512,100.0,patches\New_Delhi\Scene_4_2025-05-13\patch_0095.npy
1862,New_Delhi,Scene_4_2025-05-13,96,C:\Users\Aditya main\Desktop\Project_Sih\patches\New_Delhi\Scene_4_2025-05-13\patch_0096.npy,3072,3072,512,100.0,patches\New_Delhi\Scene_4_2025-05-13\patch_0096.npy
1863,New_Delhi,Scene_4_2025-05-13,97,C:\Users\Aditya main\Desktop\Project_Sih\patches\New_Delhi\Scene_4_2025-05-13\patch_0097.npy,3072,3584,512,100.0,patches\New_Delhi\Scene_4_2025-05-13\patch_0097.npy
1864,New_Delhi,Scene_4_2025-05-13,98,C:\Users\Aditya main\Desktop\Project_Sih\patches\New_Delhi\Scene_4_2025-05-13\patch_0098.npy,3072,4096,512,100.0,patches\New_Delhi\Scene_4_2025-05-13\patch_0098.npy
1865,New_Delhi,Scene_4_2025-05-13,99,C:\Users\Aditya main\Desktop\Project_Sih\patches\New_Delhi\Scene_4_2025-05-13\patch_0099.npy,3072,4608,512,100.0,patches\New_Delhi\Scene_4_2025-05-13\patch_0099.npy
1866,New_Delhi,Scene_4_2025-05-13,100,C:\Users\Aditya main\Desktop\Project_Sih\patches\New_Delhi\Scene_4_2025-05-13\patch_0100.npy,3072,5120,512,100.0,patches\New_Delhi\Scene_4_2025-05-13\patch_0100.npy
1867,New_Delhi,Scene_4_2025-05-13,101,C:\Users\Aditya main\Desktop\Project_Sih\patches\New_Delhi\Scene_4_2025-05-13\patch_0101.npy,3072,5632,512,100.0,patches\New_Delhi\Scene_4_2025-05-13\patch_0101.npy
1868,New_Delhi,Scene_4_2025-05-13,102,C:\Users\Aditya main\Desktop\Project_Sih\patches\New_Delhi\Scene_4_2025-05-13\patch_0102.npy,3072,6144,512,100.0,patches\New_Delhi\Scene_4_2025-05-13\patch_0102.npy
1869,New_Delhi,Scene_4_2025-05-13,103,C:\Users\Aditya main\Desktop\Project_Sih\patches\New_Delhi\Scene_4_2025-05-13\patch_0103.npy,3072,6656,512,100.0,patches\New_Delhi\Scene_4_2025-05-13\patch_0103.npy
1870,New_Delhi,Scene_4_2025-05-13,104,C:\Users\Aditya main\Desktop\Project_Sih\patches\New_Delhi\Scene_4_2025-05-13\patch_0104.npy,3072,7168,512,100.0,patches\New_Delhi\Scene_4_2025-05-13\patch_0104.npy
1871,New_Delhi,Scene_4_2025-05-13,105,C:\Users\Aditya main\Desktop\Project_Sih\patches\New_Delhi\Scene_4_2025-05-13\patch_0105.npy,3584,0,512,100.0,patches\New_Delhi\Scene_4_2025-05-13\patch_0105.npy
1872,New_Delhi,Scene_4_2025-05-13,106,C:\Users\Aditya main\Desktop\Project_Sih\patches\New_Delhi\Scene_4_2025-05-13\patch_0106.npy,3584,512,512,100.0,patches\New_Delhi\Scene_4_2025-05-13\patch_0106.npy
1873,New_Delhi,Scene_4_2025-05-13,107,C:\Users\Aditya main\Desktop\Project_Sih\patches\New_Delhi\Scene_4_2025-05-13\patch_0107.npy,3584,1024,512,100.0,patches\New_Delhi\Scene_4_2025-05-13\patch_0107.npy
1874,New_Delhi,Scene_4_2025-05-13,108,C:\Users\Aditya main\Desktop\Project_Sih\patches\New_Delhi\Scene_4_2025-05-13\patch_0108.npy,3584,1536,512,100.0,patches\New_Delhi\Scene_4_2025-05-13\patch_0108.npy
1875,New_Delhi,Scene_4_2025-05-13,109,C:\Users\Aditya main\Desktop\Project_Sih\patches\New_Delhi\Scene_4_2025-05-13\patch_0109.npy,3584,2048,512,100.0,patches\New_Delhi\Scene_4_2025-05-13\patch_0109.npy
1876,New_Delhi,Scene_4_2025-05-13,110,C:\Users\Aditya main\Desktop\Project_Sih\patches\New_Delhi\Scene_4_2025-05-13\patch_0110.npy,3584,2560,512,100.0,patches\New_Delhi\Scene_4_2025-05-13\patch_0110.npy
1877,New_Delhi,Scene_4_2025-05-13,111,C:\Users\Aditya main\Desktop\Project_Sih\patches\New_Delhi\Scene_4_2025-05-13\patch_0111.npy,3584,3072,512,100.0,patches\New_Delhi\Scene_4_2025-05-13\patch_0111.npy
1878,New_Delhi,Scene_4_2025-05-13,112,C:\Users\Aditya main\Desktop\Project_Sih\patches\New_Delhi\Scene_4_2025-05-13\patch_0112.npy,3584,3584,512,100.0,patches\New_Delhi\Scene_4_2025-05-13\patch_0112.npy
1879,New_Delhi,Scene_4_2025-05-13,113,C:\Users\Aditya main\Desktop\Project_Sih\patches\New_Delhi\Scene_4_2025-05-13\patch_0113.npy,3584,4096,512,100.0,patches\New_Delhi\Scene_4_2025-05-13\patch_0113.npy
1880,New_Delhi,Scene_4_2025-05-13,114,C:\Users\Aditya main\Desktop\Project_Sih\patches\New_Delhi\Scene_4_2025-05-13\patch_0114.npy,3584,4608,512,100.0,patches\New_Delhi\Scene_4_2025-05-13\patch_0114.npy
1881,New_Delhi,Scene_4_2025-05-13,115,C:\Users\Aditya main\Desktop\Project_Sih\patches\New_Delhi\Scene_4_2025-05-13\patch_0115.npy,3584,5120,512,100.0,patches\New_Delhi\Scene_4_2025-05-13\patch_0115.npy
1882,New_Delhi,Scene_4_2025-05-13,116,C:\Users\Aditya main\Desktop\Project_Sih\patches\New_Delhi\Scene_4_2025-05-13\patch_0116.npy,3584,5632,512,100.0,patches\New_Delhi\Scene_4_2025-05-13\patch_0116.npy
1883,New_Delhi,Scene_4_2025-05-13,117,C:\Users\Aditya main\Desktop\Project_Sih\patches\New_Delhi\Scene_4_2025-05-13\patch_0117.npy,3584,6144,512,100.0,patches\New_Delhi\Scene_4_2025-05-13\patch_0117.npy
1884,New_Delhi,Scene_4_2025-05-13,118,C:\Users\Aditya main\Desktop\Project_Sih\patches\New_Delhi\Scene_4_2025-05-13\patch_0118.npy,3584,6656,512,100.0,patches\New_Delhi\Scene_4_2025-05-13\patch_0118.npy
1885,New_Delhi,Scene_4_2025-05-13,119,C:\Users\Aditya main\Desktop\Project_Sih\patches\New_Delhi\Scene_4_2025-05-13\patch_0119.npy,3584,7168,512,100.0,patches\New_Delhi\Scene_4_2025-05-13\patch_0119.npy
1886,New_Delhi,Scene_4_2025-05-13,120,C:\Users\Aditya main\Desktop\Project_Sih\patches\New_Delhi\Scene_4_2025-05-13\patch_0120.npy,4096,0,512,100.0,patches\New_Delhi\Scene_4_2025-05-13\patch_0120.npy
1887,New_Delhi,Scene_4_2025-05-13,121,C:\Users\Aditya main\Desktop\Project_Sih\patches\New_Delhi\Scene_4_2025-05-13\patch_0121.npy,4096,512,512,100.0,patches\New_Delhi\Scene_4_2025-05-13\patch_0121.npy
1888,New_Delhi,Scene_4_2025-05-13,122,C:\Users\Aditya main\Desktop\Project_Sih\patches\New_Delhi\Scene_4_2025-05-13\patch_0122.npy,4096,1024,512,100.0,patches\New_Delhi\Scene_4_2025-05-13\patch_0122.npy
1889,New_Delhi,Scene_4_2025-05-13,123,C:\Users\Aditya main\Desktop\Project_Sih\patches\New_Delhi\Scene_4_2025-05-13\patch_0123.npy,4096,1536,512,100.0,patches\New_Delhi\Scene_4_2025-05-13\patch_0123.npy
1890,New_Delhi,Scene_4_2025-05-13,124,C:\Users\Aditya main\Desktop\Project_Sih\patches\New_Delhi\Scene_4_2025-05-13\patch_0124.npy,4096,2048,512,100.0,patches\New_Delhi\Scene_4_2025-05-13\patch_0124.npy
1891,New_Delhi,Scene_4_2025-05-13,125,C:\Users\Aditya main\Desktop\Project_Sih\patches\New_Delhi\Scene_4_2025-05-13\patch_0125.npy,4096,2560,512,100.0,patches\New_Delhi\Scene_4_2025-05-13\patch_0125.npy
1892,New_Delhi,Scene_4_2025-05-13,126,C:\Users\Aditya main\Desktop\Project_Sih\patches\New_Delhi\Scene_4_2025-05-13\patch_0126.npy,4096,3072,512,100.0,patches\New_Delhi\Scene_4_2025-05-13\patch_0126.npy
1893,New_Delhi,Scene_4_2025-05-13,127,C:\Users\Aditya main\Desktop\Project_Sih\patches\New_Delhi\Scene_4_2025-05-13\patch_0127.npy,4096,3584,512,100.0,patches\New_Delhi\Scene_4_2025-05-13\patch_0127.npy
1894,New_Delhi,Scene_4_2025-05-13,128,C:\Users\Aditya main\Desktop\Project_Sih\patches\New_Delhi\Scene_4_2025-05-13\patch_0128.npy,4096,4096,512,100.0,patches\New_Delhi\Scene_4_2025-05-13\patch_0128.npy
1895,New_Delhi,Scene_4_2025-05-13,129,C:\Users\Aditya main\Desktop\Project_Sih\patches\New_Delhi\Scene_4_2025-05-13\patch_0129.npy,4096,4608,512,100.0,patches\New_Delhi\Scene_4_2025-05-13\patch_0129.npy
1896,New_Delhi,Scene_4_2025-05-13,130,C:\Users\Aditya main\Desktop\Project_Sih\patches\New_Delhi\Scene_4_2025-05-13\patch_0130.npy,4096,5120,512,100.0,patches\New_Delhi\Scene_4_2025-05-13\patch_0130.npy
1897,New_Delhi,Scene_4_2025-05-13,131,C:\Users\Aditya main\Desktop\Project_Sih\patches\New_Delhi\Scene_4_2025-05-13\patch_0131.npy,4096,5632,512,100.0,patches\New_Delhi\Scene_4_2025-05-13\patch_0131.npy
1898,New_Delhi,Scene_4_2025-05-13,132,C:\Users\Aditya main\Desktop\Project_Sih\patches\New_Delhi\Scene_4_2025-05-13\patch_0132.npy,4096,6144,512,100.0,patches\New_Delhi\Scene_4_2025-05-13\patch_0132.npy
1899,New_Delhi,Scene_4_2025-05-13,133,C:\Users\Aditya main\Desktop\Project_Sih\patches\New_Delhi\Scene_4_2025-05-13\patch_0133.npy,4096,6656,512,100.0,patches\New_Delhi\Scene_4_2025-05-13\patch_0133.npy
1900,New_Delhi,Scene_4_2025-05-13,134,C:\Users\Aditya main\Desktop\Project_Sih\patches\New_Delhi\Scene_4_2025-05-13\patch_0134.npy,4096,7168,512,100.0,patches\New_Delhi\Scene_4_2025-05-13\patch_0134.npy
1901,New_Delhi,Scene_4_2025-05-13,135,C:\Users\Aditya main\Desktop\Project_Sih\patches\New_Delhi\Scene_4_2025-05-13\patch_0135.npy,4608,0,512,100.0,patches\New_Delhi\Scene_4_2025-05-13\patch_0135.npy
1902,New_Delhi,Scene_4_2025-05-13,136,C:\Users\Aditya main\Desktop\Project_Sih\patches\New_Delhi\Scene_4_2025-05-13\patch_0136.npy,4608,512,512,100.0,patches\New_Delhi\Scene_4_2025-05-13\patch_0136.npy
1903,New_Delhi,Scene_4_2025-05-13,137,C:\Users\Aditya main\Desktop\Project_Sih\patches\New_Delhi\Scene_4_2025-05-13\patch_0137.npy,4608,1024,512,100.0,patches\New_Delhi\Scene_4_2025-05-13\patch_0137.npy
1904,New_Delhi,Scene_4_2025-05-13,138,C:\Users\Aditya main\Desktop\Project_Sih\patches\New_Delhi\Scene_4_2025-05-13\patch_0138.npy,4608,1536,512,100.0,patches\New_Delhi\Scene_4_2025-05-13\patch_0138.npy
1905,New_Delhi,Scene_4_2025-05-13,139,C:\Users\Aditya main\Desktop\Project_Sih\patches\New_Delhi\Scene_4_2025-05-13\patch_0139.npy,4608,2048,512,100.0,patches\New_Delhi\Scene_4_2025-05-13\patch_0139.npy
1906,New_Delhi,Scene_4_2025-05-13,140,C:\Users\Aditya main\Desktop\Project_Sih\patches\New_Delhi\Scene_4_2025-05-13\patch_0140.npy,4608,2560,512,100.0,patches\New_Delhi\Scene_4_2025-05-13\patch_0140.npy
1907,New_Delhi,Scene_4_2025-05-13,141,C:\Users\Aditya main\Desktop\Project_Sih\patches\New_Delhi\Scene_4_2025-05-13\patch_0141.npy,4608,3072,512,100.0,patches\New_Delhi\Scene_4_2025-05-13\patch_0141.npy
1908,New_Delhi,Scene_4_2025-05-13,142,C:\Users\Aditya main\Desktop\Project_Sih\patches\New_Delhi\Scene_4_2025-05-13\patch_0142.npy,4608,3584,512,100.0,patches\New_Delhi\Scene_4_2025-05-13\patch_0142.npy
1909,New_Delhi,Scene_4_2025-05-13,143,C:\Users\Aditya main\Desktop\Project_Sih\patches\New_Delhi\Scene_4_2025-05-13\patch_0143.npy,4608,4096,512,100.0,patches\New_Delhi\Scene_4_2025-05-13\patch_0143.npy
1910,New_Delhi,Scene_4_2025-05-13,144,C:\Users\Aditya main\Desktop\Project_Sih\patches\New_Delhi\Scene_4_2025-05-13\patch_0144.npy,4608,4608,512,100.0,patches\New_Delhi\Scene_4_2025-05-13\patch_0144.npy
1911,New_Delhi,Scene_4_2025-05-13,145,C:\Users\Aditya main\Desktop\Project_Sih\patches\New_Delhi\Scene_4_2025-05-13\patch_0145.npy,4608,5120,512,100.0,patches\New_Delhi\Scene_4_2025-05-13\patch_0145.npy
1912,New_Delhi,Scene_4_2025-05-13,146,C:\Users\Aditya main\Desktop\Project_Sih\patches\New_Delhi\Scene_4_2025-05-13\patch_0146.npy,4608,5632,512,100.0,patches\New_Delhi\Scene_4_2025-05-13\patch_0146.npy
1913,New_Delhi,Scene_4_2025-05-13,147,C:\Users\Aditya main\Desktop\Project_Sih\patches\New_Delhi\Scene_4_2025-05-13\patch_0147.npy,4608,6144,512,100.0,patches\New_Delhi\Scene_4_2025-05-13\patch_0147.npy
1914,New_Delhi,Scene_4_2025-05-13,148,C:\Users\Aditya main\Desktop\Project_Sih\patches\New_Delhi\Scene_4_2025-05-13\patch_0148.npy,4608,6656,512,100.0,patches\New_Delhi\Scene_4_2025-05-13\patch_0148.npy
1915,New_Delhi,Scene_4_2025-05-13,149,C:\Users\Aditya main\Desktop\Project_Sih\patches\New_Delhi\Scene_4_2025-05-13\patch_0149.npy,4608,7168,512,100.0,patches\New_Delhi\Scene_4_2025-05-13\patch_0149.npy
1916,New_Delhi,Scene_4_2025-05-13,150,C:\Users\Aditya main\Desktop\Project_Sih\patches\New_Delhi\Scene_4_2025-05-13\patch_0150.npy,5120,0,512,100.0,patches\New_Delhi\Scene_4_2025-05-13\patch_0150.npy
1917,New_Delhi,Scene_4_2025-05-13,151,C:\Users\Aditya main\Desktop\Project_Sih\patches\New_Delhi\Scene_4_2025-05-13\patch_0151.npy,5120,512,512,100.0,patches\New_Delhi\Scene_4_2025-05-13\patch_0151.npy
1918,New_Delhi,Scene_4_2025-05-13,152,C:\Users\Aditya main\Desktop\Project_Sih\patches\New_Delhi\Scene_4_2025-05-13\patch_0152.npy,5120,1024,512,100.0,patches\New_Delhi\Scene_4_2025-05-13\patch_0152.npy
1919,New_Delhi,Scene_4_2025-05-13,153,C:\Users\Aditya main\Desktop\Project_Sih\patches\New_Delhi\Scene_4_2025-05-13\patch_0153.npy,5120,1536,512,100.0,patches\New_Delhi\Scene_4_2025-05-13\patch_0153.npy
1920,New_Delhi,Scene_4_2025-05-13,154,C:\Users\Aditya main\Desktop\Project_Sih\patches\New_Delhi\Scene_4_2025-05-13\patch_0154.npy,5120,2048,512,100.0,patches\New_Delhi\Scene_4_2025-05-13\patch_0154.npy
1921,New_Delhi,Scene_4_2025-05-13,155,C:\Users\Aditya main\Desktop\Project_Sih\patches\New_Delhi\Scene_4_2025-05-13\patch_0155.npy,5120,2560,512,100.0,patches\New_Delhi\Scene_4_2025-05-13\patch_0155.npy
1922,New_Delhi,Scene_4_2025-05-13,156,C:\Users\Aditya main\Desktop\Project_Sih\patches\New_Delhi\Scene_4_2025-05-13\patch_0156.npy,5120,3072,512,100.0,patches\New_Delhi\Scene_4_2025-05-13\patch_0156.npy
1923,New_Delhi,Scene_4_2025-05-13,157,C:\Users\Aditya main\Desktop\Project_Sih\patches\New_Delhi\Scene_4_2025-05-13\patch_0157.npy,5120,3584,512,100.0,patches\New_Delhi\Scene_4_2025-05-13\patch_0157.npy
1924,New_Delhi,Scene_4_2025-05-13,158,C:\Users\Aditya main\Desktop\Project_Sih\patches\New_Delhi\Scene_4_2025-05-13\patch_0158.npy,5120,4096,512,100.0,patches\New_Delhi\Scene_4_2025-05-13\patch_0158.npy
1925,New_Delhi,Scene_4_2025-05-13,159,C:\Users\Aditya main\Desktop\Project_Sih\patches\New_Delhi\Scene_4_2025-05-13\patch_0159.npy,5120,4608,512,100.0,patches\New_Delhi\Scene_4_2025-05-13\patch_0159.npy
1926,New_Delhi,Scene_4_2025-05-13,160,C:\Users\Aditya main\Desktop\Project_Sih\patches\New_Delhi\Scene_4_2025-05-13\patch_0160.npy,5120,5120,512,100.0,patches\New_Delhi\Scene_4_2025-05-13\patch_0160.npy
1927,New_Delhi,Scene_4_2025-05-13,161,C:\Users\Aditya main\Desktop\Project_Sih\patches\New_Delhi\Scene_4_2025-05-13\patch_0161.npy,5120,5632,512,100.0,patches\New_Delhi\Scene_4_2025-05-13\patch_0161.npy
1928,New_Delhi,Scene_4_2025-05-13,162,C:\Users\Aditya main\Desktop\Project_Sih\patches\New_Delhi\Scene_4_2025-05-13\patch_0162.npy,5120,6144,512,100.0,patches\New_Delhi\Scene_4_2025-05-13\patch_0162.npy
1929,New_Delhi,Scene_4_2025-05-13,163,C:\Users\Aditya main\Desktop\Project_Sih\patches\New_Delhi\Scene_4_2025-05-13\patch_0163.npy,5120,6656,512,100.0,patches\New_Delhi\Scene_4_2025-05-13\patch_0163.npy
1930,New_Delhi,Scene_4_2025-05-13,164,C:\Users\Aditya main\Desktop\Project_Sih\patches\New_Delhi\Scene_4_2025-05-13\patch_0164.npy,5120,7168,512,100.0,patches\New_Delhi\Scene_4_2025-05-13\patch_0164.npy
1931,New_Delhi,Scene_4_2025-05-13,165,C:\Users\Aditya main\Desktop\Project_Sih\patches\New_Delhi\Scene_4_2025-05-13\patch_0165.npy,5632,0,512,100.0,patches\New_Delhi\Scene_4_2025-05-13\patch_0165.npy
1932,New_Delhi,Scene_4_2025-05-13,166,C:\Users\Aditya main\Desktop\Project_Sih\patches\New_Delhi\Scene_4_2025-05-13\patch_0166.npy,5632,512,512,100.0,patches\New_Delhi\Scene_4_2025-05-13\patch_0166.npy
1933,New_Delhi,Scene_4_2025-05-13,167,C:\Users\Aditya main\Desktop\Project_Sih\patches\New_Delhi\Scene_4_2025-05-13\patch_0167.npy,5632,1024,512,100.0,patches\New_Delhi\Scene_4_2025-05-13\patch_0167.npy
1934,New_Delhi,Scene_4_2025-05-13,168,C:\Users\Aditya main\Desktop\Project_Sih\patches\New_Delhi\Scene_4_2025-05-13\patch_0168.npy,5632,1536,512,100.0,patches\New_Delhi\Scene_4_2025-05-13\patch_0168.npy
1935,New_Delhi,Scene_4_2025-05-13,169,C:\Users\Aditya main\Desktop\Project_Sih\patches\New_Delhi\Scene_4_2025-05-13\patch_0169.npy,5632,2048,512,100.0,patches\New_Delhi\Scene_4_2025-05-13\patch_0169.npy
1936,New_Delhi,Scene_4_2025-05-13,170,C:\Users\Aditya main\Desktop\Project_Sih\patches\New_Delhi\Scene_4_2025-05-13\patch_0170.npy,5632,2560,512,100.0,patches\New_Delhi\Scene_4_2025-05-13\patch_0170.npy
1937,New_Delhi,Scene_4_2025-05-13,171,C:\Users\Aditya main\Desktop\Project_Sih\patches\New_Delhi\Scene_4_2025-05-13\patch_0171.npy,5632,3072,512,100.0,patches\New_Delhi\Scene_4_2025-05-13\patch_0171.npy
1938,New_Delhi,Scene_4_2025-05-13,172,C:\Users\Aditya main\Desktop\Project_Sih\patches\New_Delhi\Scene_4_2025-05-13\patch_0172.npy,5632,3584,512,100.0,patches\New_Delhi\Scene_4_2025-05-13\patch_0172.npy
1939,New_Delhi,Scene_4_2025-05-13,173,C:\Users\Aditya main\Desktop\Project_Sih\patches\New_Delhi\Scene_4_2025-05-13\patch_0173.npy,5632,4096,512,100.0,patches\New_Delhi\Scene_4_2025-05-13\patch_0173.npy
1940,New_Delhi,Scene_4_2025-05-13,174,C:\Users\Aditya main\Desktop\Project_Sih\patches\New_Delhi\Scene_4_2025-05-13\patch_0174.npy,5632,4608,512,100.0,patches\New_Delhi\Scene_4_2025-05-13\patch_0174.npy
1941,New_Delhi,Scene_4_2025-05-13,175,C:\Users\Aditya main\Desktop\Project_Sih\patches\New_Delhi\Scene_4_2025-05-13\patch_0175.npy,5632,5120,512,100.0,patches\New_Delhi\Scene_4_2025-05-13\patch_0175.npy
1942,New_Delhi,Scene_4_2025-05-13,176,C:\Users\Aditya main\Desktop\Project_Sih\patches\New_Delhi\Scene_4_2025-05-13\patch_0176.npy,5632,5632,512,100.0,patches\New_Delhi\Scene_4_2025-05-13\patch_0176.npy
1943,New_Delhi,Scene_4_2025-05-13,177,C:\Users\Aditya main\Desktop\Project_Sih\patches\New_Delhi\Scene_4_2025-05-13\patch_0177.npy,5632,6144,512,100.0,patches\New_Delhi\Scene_4_2025-05-13\patch_0177.npy
1944,New_Delhi,Scene_4_2025-05-13,178,C:\Users\Aditya main\Desktop\Project_Sih\patches\New_Delhi\Scene_4_2025-05-13\patch_0178.npy,5632,6656,512,100.0,patches\New_Delhi\Scene_4_2025-05-13\patch_0178.npy
1945,New_Delhi,Scene_4_2025-05-13,179,C:\Users\Aditya main\Desktop\Project_Sih\patches\New_Delhi\Scene_4_2025-05-13\patch_0179.npy,5632,7168,512,100.0,patches\New_Delhi\Scene_4_2025-05-13\patch_0179.npy
1946,New_Delhi,Scene_4_2025-05-13,180,C:\Users\Aditya main\Desktop\Project_Sih\patches\New_Delhi\Scene_4_2025-05-13\patch_0180.npy,6144,0,512,100.0,patches\New_Delhi\Scene_4_2025-05-13\patch_0180.npy
1947,New_Delhi,Scene_4_2025-05-13,181,C:\Users\Aditya main\Desktop\Project_Sih\patches\New_Delhi\Scene_4_2025-05-13\patch_0181.npy,6144,512,512,100.0,patches\New_Delhi\Scene_4_2025-05-13\patch_0181.npy
1948,New_Delhi,Scene_4_2025-05-13,182,C:\Users\Aditya main\Desktop\Project_Sih\patches\New_Delhi\Scene_4_2025-05-13\patch_0182.npy,6144,1024,512,100.0,patches\New_Delhi\Scene_4_2025-05-13\patch_0182.npy
1949,New_Delhi,Scene_4_2025-05-13,183,C:\Users\Aditya main\Desktop\Project_Sih\patches\New_Delhi\Scene_4_2025-05-13\patch_0183.npy,6144,1536,512,100.0,patches\New_Delhi\Scene_4_2025-05-13\patch_0183.npy
1950,New_Delhi,Scene_4_2025-05-13,184,C:\Users\Aditya main\Desktop\Project_Sih\patches\New_Delhi\Scene_4_2025-05-13\patch_0184.npy,6144,2048,512,100.0,patches\New_Delhi\Scene_4_2025-05-13\patch_0184.npy
1951,New_Delhi,Scene_4_2025-05-13,185,C:\Users\Aditya main\Desktop\Project_Sih\patches\New_Delhi\Scene_4_2025-05-13\patch_0185.npy,6144,2560,512,100.0,patches\New_Delhi\Scene_4_2025-05-13\patch_0185.npy
1952,New_Delhi,Scene_4_2025-05-13,186,C:\Users\Aditya main\Desktop\Project_Sih\patches\New_Delhi\Scene_4_2025-05-13\patch_0186.npy,6144,3072,512,100.0,patches\New_Delhi\Scene_4_2025-05-13\patch_0186.npy
1953,New_Delhi,Scene_4_2025-05-13,187,C:\Users\Aditya main\Desktop\Project_Sih\patches\New_Delhi\Scene_4_2025-05-13\patch_0187.npy,6144,3584,512,99.8443603515625,patches\New_Delhi\Scene_4_2025-05-13\patch_0187.npy
1954,New_Delhi,Scene_4_2025-05-13,188,C:\Users\Aditya main\Desktop\Project_Sih\patches\New_Delhi\Scene_4_2025-05-13\patch_0188.npy,6144,4096,512,100.0,patches\New_Delhi\Scene_4_2025-05-13\patch_0188.npy
1955,New_Delhi,Scene_4_2025-05-13,189,C:\Users\Aditya main\Desktop\Project_Sih\patches\New_Delhi\Scene_4_2025-05-13\patch_0189.npy,6144,4608,512,98.83270263671876,patches\New_Delhi\Scene_4_2025-05-13\patch_0189.npy
1956,New_Delhi,Scene_4_2025-05-13,190,C:\Users\Aditya main\Desktop\Project_Sih\patches\New_Delhi\Scene_4_2025-05-13\patch_0190.npy,6144,5120,512,100.0,patches\New_Delhi\Scene_4_2025-05-13\patch_0190.npy
1957,New_Delhi,Scene_4_2025-05-13,191,C:\Users\Aditya main\Desktop\Project_Sih\patches\New_Delhi\Scene_4_2025-05-13\patch_0191.npy,6144,5632,512,100.0,patches\New_Delhi\Scene_4_2025-05-13\patch_0191.npy
1958,New_Delhi,Scene_4_2025-05-13,192,C:\Users\Aditya main\Desktop\Project_Sih\patches\New_Delhi\Scene_4_2025-05-13\patch_0192.npy,6144,6144,512,100.0,patches\New_Delhi\Scene_4_2025-05-13\patch_0192.npy
1959,New_Delhi,Scene_4_2025-05-13,193,C:\Users\Aditya main\Desktop\Project_Sih\patches\New_Delhi\Scene_4_2025-05-13\patch_0193.npy,6144,6656,512,100.0,patches\New_Delhi\Scene_4_2025-05-13\patch_0193.npy
1960,New_Delhi,Scene_4_2025-05-13,194,C:\Users\Aditya main\Desktop\Project_Sih\patches\New_Delhi\Scene_4_2025-05-13\patch_0194.npy,6144,7168,512,100.0,patches\New_Delhi\Scene_4_2025-05-13\patch_0194.npy
1961,New_Delhi,Scene_4_2025-05-13,195,C:\Users\Aditya main\Desktop\Project_Sih\patches\New_Delhi\Scene_4_2025-05-13\patch_0195.npy,6656,0,512,100.0,patches\New_Delhi\Scene_4_2025-05-13\patch_0195.npy
1962,New_Delhi,Scene_4_2025-05-13,196,C:\Users\Aditya main\Desktop\Project_Sih\patches\New_Delhi\Scene_4_2025-05-13\patch_0196.npy,6656,512,512,100.0,patches\New_Delhi\Scene_4_2025-05-13\patch_0196.npy
1963,New_Delhi,Scene_4_2025-05-13,197,C:\Users\Aditya main\Desktop\Project_Sih\patches\New_Delhi\Scene_4_2025-05-13\patch_0197.npy,6656,1024,512,100.0,patches\New_Delhi\Scene_4_2025-05-13\patch_0197.npy
1964,New_Delhi,Scene_4_2025-05-13,198,C:\Users\Aditya main\Desktop\Project_Sih\patches\New_Delhi\Scene_4_2025-05-13\patch_0198.npy,6656,1536,512,100.0,patches\New_Delhi\Scene_4_2025-05-13\patch_0198.npy
1965,New_Delhi,Scene_4_2025-05-13,199,C:\Users\Aditya main\Desktop\Project_Sih\patches\New_Delhi\Scene_4_2025-05-13\patch_0199.npy,6656,2048,512,100.0,patches\New_Delhi\Scene_4_2025-05-13\patch_0199.npy
1966,New_Delhi,Scene_4_2025-05-13,200,C:\Users\Aditya main\Desktop\Project_Sih\patches\New_Delhi\Scene_4_2025-05-13\patch_0200.npy,6656,2560,512,100.0,patches\New_Delhi\Scene_4_2025-05-13\patch_0200.npy
1967,New_Delhi,Scene_4_2025-05-13,201,C:\Users\Aditya main\Desktop\Project_Sih\patches\New_Delhi\Scene_4_2025-05-13\patch_0201.npy,6656,3072,512,99.810791015625,patches\New_Delhi\Scene_4_2025-05-13\patch_0201.npy
1968,New_Delhi,Scene_4_2025-05-13,202,C:\Users\Aditya main\Desktop\Project_Sih\patches\New_Delhi\Scene_4_2025-05-13\patch_0202.npy,6656,3584,512,99.26910400390624,patches\New_Delhi\Scene_4_2025-05-13\patch_0202.npy
1969,New_Delhi,Scene_4_2025-05-13,203,C:\Users\Aditya main\Desktop\Project_Sih\patches\New_Delhi\Scene_4_2025-05-13\patch_0203.npy,6656,4096,512,100.0,patches\New_Delhi\Scene_4_2025-05-13\patch_0203.npy
1970,New_Delhi,Scene_4_2025-05-13,204,C:\Users\Aditya main\Desktop\Project_Sih\patches\New_Delhi\Scene_4_2025-05-13\patch_0204.npy,6656,4608,512,95.074462890625,patches\New_Delhi\Scene_4_2025-05-13\patch_0204.npy
1971,New_Delhi,Scene_4_2025-05-13,205,C:\Users\Aditya main\Desktop\Project_Sih\patches\New_Delhi\Scene_4_2025-05-13\patch_0205.npy,6656,5120,512,100.0,patches\New_Delhi\Scene_4_2025-05-13\patch_0205.npy
1972,New_Delhi,Scene_4_2025-05-13,206,C:\Users\Aditya main\Desktop\Project_Sih\patches\New_Delhi\Scene_4_2025-05-13\patch_0206.npy,6656,5632,512,100.0,patches\New_Delhi\Scene_4_2025-05-13\patch_0206.npy
1973,New_Delhi,Scene_4_2025-05-13,207,C:\Users\Aditya main\Desktop\Project_Sih\patches\New_Delhi\Scene_4_2025-05-13\patch_0207.npy,6656,6144,512,100.0,patches\New_Delhi\Scene_4_2025-05-13\patch_0207.npy
1974,New_Delhi,Scene_4_2025-05-13,208,C:\Users\Aditya main\Desktop\Project_Sih\patches\New_Delhi\Scene_4_2025-05-13\patch_0208.npy,6656,6656,512,100.0,patches\New_Delhi\Scene_4_2025-05-13\patch_0208.npy
1975,New_Delhi,Scene_4_2025-05-13,209,C:\Users\Aditya main\Desktop\Project_Sih\patches\New_Delhi\Scene_4_2025-05-13\patch_0209.npy,6656,7168,512,100.0,patches\New_Delhi\Scene_4_2025-05-13\patch_0209.npy
2018,New_Delhi,Scene_5_2025-04-23,0,C:\Users\Aditya main\Desktop\Project_Sih\patches\New_Delhi\Scene_5_2025-04-23\patch_0000.npy,0,0,512,100.0,patches\New_Delhi\Scene_5_2025-04-23\patch_0000.npy
2019,New_Delhi,Scene_5_2025-04-23,1,C:\Users\Aditya main\Desktop\Project_Sih\patches\New_Delhi\Scene_5_2025-04-23\patch_0001.npy,0,512,512,100.0,patches\New_Delhi\Scene_5_2025-04-23\patch_0001.npy
2020,New_Delhi,Scene_5_2025-04-23,2,C:\Users\Aditya main\Desktop\Project_Sih\patches\New_Delhi\Scene_5_2025-04-23\patch_0002.npy,0,1024,512,100.0,patches\New_Delhi\Scene_5_2025-04-23\patch_0002.npy
2021,New_Delhi,Scene_5_2025-04-23,3,C:\Users\Aditya main\Desktop\Project_Sih\patches\New_Delhi\Scene_5_2025-04-23\patch_0003.npy,0,1536,512,99.99847412109376,patches\New_Delhi\Scene_5_2025-04-23\patch_0003.npy
2022,New_Delhi,Scene_5_2025-04-23,4,C:\Users\Aditya main\Desktop\Project_Sih\patches\New_Delhi\Scene_5_2025-04-23\patch_0004.npy,0,2048,512,100.0,patches\New_Delhi\Scene_5_2025-04-23\patch_0004.npy
2023,New_Delhi,Scene_5_2025-04-23,5,C:\Users\Aditya main\Desktop\Project_Sih\patches\New_Delhi\Scene_5_2025-04-23\patch_0005.npy,0,2560,512,100.0,patches\New_Delhi\Scene_5_2025-04-23\patch_0005.npy
2024,New_Delhi,Scene_5_2025-04-23,6,C:\Users\Aditya main\Desktop\Project_Sih\patches\New_Delhi\Scene_5_2025-04-23\patch_0006.npy,0,3072,512,100.0,patches\New_Delhi\Scene_5_2025-04-23\patch_0006.npy
2025,New_Delhi,Scene_5_2025-04-23,7,C:\Users\Aditya main\Desktop\Project_Sih\patches\New_Delhi\Scene_5_2025-04-23\patch_0007.npy,0,3584,512,99.993896484375,patches\New_Delhi\Scene_5_2025-04-23\patch_0007.npy
2026,New_Delhi,Scene_5_2025-04-23,8,C:\Users\Aditya main\Desktop\Project_Sih\patches\New_Delhi\Scene_5_2025-04-23\patch_0008.npy,0,4096,512,100.0,patches\New_Delhi\Scene_5_2025-04-23\patch_0008.npy
2027,New_Delhi,Scene_5_2025-04-23,9,C:\Users\Aditya main\Desktop\Project_Sih\patches\New_Delhi\Scene_5_2025-04-23\patch_0009.npy,0,4608,512,100.0,patches\New_Delhi\Scene_5_2025-04-23\patch_0009.npy
2028,New_Delhi,Scene_5_2025-04-23,10,C:\Users\Aditya main\Desktop\Project_Sih\patches\New_Delhi\Scene_5_2025-04-23\patch_0010.npy,0,5120,512,100.0,patches\New_Delhi\Scene_5_2025-04-23\patch_0010.npy
2029,New_Delhi,Scene_5_2025-04-23,11,C:\Users\Aditya main\Desktop\Project_Sih\patches\New_Delhi\Scene_5_2025-04-23\patch_0011.npy,0,5632,512,100.0,patches\New_Delhi\Scene_5_2025-04-23\patch_0011.npy
2030,New_Delhi,Scene_5_2025-04-23,12,C:\Users\Aditya main\Desktop\Project_Sih\patches\New_Delhi\Scene_5_2025-04-23\patch_0012.npy,0,6144,512,100.0,patches\New_Delhi\Scene_5_2025-04-23\patch_0012.npy
2031,New_Delhi,Scene_5_2025-04-23,13,C:\Users\Aditya main\Desktop\Project_Sih\patches\New_Delhi\Scene_5_2025-04-23\patch_0013.npy,0,6656,512,100.0,patches\New_Delhi\Scene_5_2025-04-23\patch_0013.npy
2032,New_Delhi,Scene_5_2025-04-23,14,C:\Users\Aditya main\Desktop\Project_Sih\patches\New_Delhi\Scene_5_2025-04-23\patch_0014.npy,0,7168,512,100.0,patches\New_Delhi\Scene_5_2025-04-23\patch_0014.npy
2033,New_Delhi,Scene_5_2025-04-23,15,C:\Users\Aditya main\Desktop\Project_Sih\patches\New_Delhi\Scene_5_2025-04-23\patch_0015.npy,512,0,512,100.0,patches\New_Delhi\Scene_5_2025-04-23\patch_0015.npy
2034,New_Delhi,Scene_5_2025-04-23,16,C:\Users\Aditya main\Desktop\Project_Sih\patches\New_Delhi\Scene_5_2025-04-23\patch_0016.npy,512,512,512,100.0,patches\New_Delhi\Scene_5_2025-04-23\patch_0016.npy
2035,New_Delhi,Scene_5_2025-04-23,17,C:\Users\Aditya main\Desktop\Project_Sih\patches\New_Delhi\Scene_5_2025-04-23\patch_0017.npy,512,1024,512,100.0,patches\New_Delhi\Scene_5_2025-04-23\patch_0017.npy
2036,New_Delhi,Scene_5_2025-04-23,18,C:\Users\Aditya main\Desktop\Project_Sih\patches\New_Delhi\Scene_5_2025-04-23\patch_0018.npy,512,1536,512,100.0,patches\New_Delhi\Scene_5_2025-04-23\patch_0018.npy
2037,New_Delhi,Scene_5_2025-04-23,19,C:\Users\Aditya main\Desktop\Project_Sih\patches\New_Delhi\Scene_5_2025-04-23\patch_0019.npy,512,2048,512,100.0,patches\New_Delhi\Scene_5_2025-04-23\patch_0019.npy
2038,New_Delhi,Scene_5_2025-04-23,20,C:\Users\Aditya main\Desktop\Project_Sih\patches\New_Delhi\Scene_5_2025-04-23\patch_0020.npy,512,2560,512,100.0,patches\New_Delhi\Scene_5_2025-04-23\patch_0020.npy
2039,New_Delhi,Scene_5_2025-04-23,21,C:\Users\Aditya main\Desktop\Project_Sih\patches\New_Delhi\Scene_5_2025-04-23\patch_0021.npy,512,3072,512,100.0,patches\New_Delhi\Scene_5_2025-04-23\patch_0021.npy
2040,New_Delhi,Scene_5_2025-04-23,22,C:\Users\Aditya main\Desktop\Project_Sih\patches\New_Delhi\Scene_5_2025-04-23\patch_0022.npy,512,3584,512,100.0,patches\New_Delhi\Scene_5_2025-04-23\patch_0022.npy
2041,New_Delhi,Scene_5_2025-04-23,23,C:\Users\Aditya main\Desktop\Project_Sih\patches\New_Delhi\Scene_5_2025-04-23\patch_0023.npy,512,4096,512,100.0,patches\New_Delhi\Scene_5_2025-04-23\patch_0023.npy
2042,New_Delhi,Scene_5_2025-04-23,24,C:\Users\Aditya main\Desktop\Project_Sih\patches\New_Delhi\Scene_5_2025-04-23\patch_0024.npy,512,4608,512,100.0,patches\New_Delhi\Scene_5_2025-04-23\patch_0024.npy
2043,New_Delhi,Scene_5_2025-04-23,25,C:\Users\Aditya main\Desktop\Project_Sih\patches\New_Delhi\Scene_5_2025-04-23\patch_0025.npy,512,5120,512,100.0,patches\New_Delhi\Scene_5_2025-04-23\patch_0025.npy
2044,New_Delhi,Scene_5_2025-04-23,26,C:\Users\Aditya main\Desktop\Project_Sih\patches\New_Delhi\Scene_5_2025-04-23\patch_0026.npy,512,5632,512,100.0,patches\New_Delhi\Scene_5_2025-04-23\patch_0026.npy
2045,New_Delhi,Scene_5_2025-04-23,27,C:\Users\Aditya main\Desktop\Project_Sih\patches\New_Delhi\Scene_5_2025-04-23\patch_0027.npy,512,6144,512,100.0,patches\New_Delhi\Scene_5_2025-04-23\patch_0027.npy
2046,New_Delhi,Scene_5_2025-04-23,28,C:\Users\Aditya main\Desktop\Project_Sih\patches\New_Delhi\Scene_5_2025-04-23\patch_0028.npy,512,6656,512,100.0,patches\New_Delhi\Scene_5_2025-04-23\patch_0028.npy
2047,New_Delhi,Scene_5_2025-04-23,29,C:\Users\Aditya main\Desktop\Project_Sih\patches\New_Delhi\Scene_5_2025-04-23\patch_0029.npy,512,7168,512,100.0,patches\New_Delhi\Scene_5_2025-04-23\patch_0029.npy
2048,New_Delhi,Scene_5_2025-04-23,30,C:\Users\Aditya main\Desktop\Project_Sih\patches\New_Delhi\Scene_5_2025-04-23\patch_0030.npy,1024,0,512,100.0,patches\New_Delhi\Scene_5_2025-04-23\patch_0030.npy
2049,New_Delhi,Scene_5_2025-04-23,31,C:\Users\Aditya main\Desktop\Project_Sih\patches\New_Delhi\Scene_5_2025-04-23\patch_0031.npy,1024,512,512,100.0,patches\New_Delhi\Scene_5_2025-04-23\patch_0031.npy
2050,New_Delhi,Scene_5_2025-04-23,32,C:\Users\Aditya main\Desktop\Project_Sih\patches\New_Delhi\Scene_5_2025-04-23\patch_0032.npy,1024,1024,512,100.0,patches\New_Delhi\Scene_5_2025-04-23\patch_0032.npy
2051,New_Delhi,Scene_5_2025-04-23,33,C:\Users\Aditya main\Desktop\Project_Sih\patches\New_Delhi\Scene_5_2025-04-23\patch_0033.npy,1024,1536,512,100.0,patches\New_Delhi\Scene_5_2025-04-23\patch_0033.npy
2052,New_Delhi,Scene_5_2025-04-23,34,C:\Users\Aditya main\Desktop\Project_Sih\patches\New_Delhi\Scene_5_2025-04-23\patch_0034.npy,1024,2048,512,100.0,patches\New_Delhi\Scene_5_2025-04-23\patch_0034.npy
2053,New_Delhi,Scene_5_2025-04-23,35,C:\Users\Aditya main\Desktop\Project_Sih\patches\New_Delhi\Scene_5_2025-04-23\patch_0035.npy,1024,2560,512,100.0,patches\New_Delhi\Scene_5_2025-04-23\patch_0035.npy
2054,New_Delhi,Scene_5_2025-04-23,36,C:\Users\Aditya main\Desktop\Project_Sih\patches\New_Delhi\Scene_5_2025-04-23\patch_0036.npy,1024,3072,512,99.969482421875,patches\New_Delhi\Scene_5_2025-04-23\patch_0036.npy
2055,New_Delhi,Scene_5_2025-04-23,37,C:\Users\Aditya main\Desktop\Project_Sih\patches\New_Delhi\Scene_5_2025-04-23\patch_0037.npy,1024,3584,512,100.0,patches\New_Delhi\Scene_5_2025-04-23\patch_0037.npy
2056,New_Delhi,Scene_5_2025-04-23,38,C:\Users\Aditya main\Desktop\Project_Sih\patches\New_Delhi\Scene_5_2025-04-23\patch_0038.npy,1024,4096,512,100.0,patches\New_Delhi\Scene_5_2025-04-23\patch_0038.npy
2057,New_Delhi,Scene_5_2025-04-23,39,C:\Users\Aditya main\Desktop\Project_Sih\patches\New_Delhi\Scene_5_2025-04-23\patch_0039.npy,1024,4608,512,100.0,patches\New_Delhi\Scene_5_2025-04-23\patch_0039.npy
2058,New_Delhi,Scene_5_2025-04-23,40,C:\Users\Aditya main\Desktop\Project_Sih\patches\New_Delhi\Scene_5_2025-04-23\patch_0040.npy,1024,5120,512,100.0,patches\New_Delhi\Scene_5_2025-04-23\patch_0040.npy
2059,New_Delhi,Scene_5_2025-04-23,41,C:\Users\Aditya main\Desktop\Project_Sih\patches\New_Delhi\Scene_5_2025-04-23\patch_0041.npy,1024,5632,512,100.0,patches\New_Delhi\Scene_5_2025-04-23\patch_0041.npy
2060,New_Delhi,Scene_5_2025-04-23,42,C:\Users\Aditya main\Desktop\Project_Sih\patches\New_Delhi\Scene_5_2025-04-23\patch_0042.npy,1024,6144,512,100.0,patches\New_Delhi\Scene_5_2025-04-23\patch_0042.npy
2061,New_Delhi,Scene_5_2025-04-23,43,C:\Users\Aditya main\Desktop\Project_Sih\patches\New_Delhi\Scene_5_2025-04-23\patch_0043.npy,1024,6656,512,100.0,patches\New_Delhi\Scene_5_2025-04-23\patch_0043.npy
2062,New_Delhi,Scene_5_2025-04-23,44,C:\Users\Aditya main\Desktop\Project_Sih\patches\New_Delhi\Scene_5_2025-04-23\patch_0044.npy,1024,7168,512,100.0,patches\New_Delhi\Scene_5_2025-04-23\patch_0044.npy
2063,New_Delhi,Scene_5_2025-04-23,45,C:\Users\Aditya main\Desktop\Project_Sih\patches\New_Delhi\Scene_5_2025-04-23\patch_0045.npy,1536,0,512,100.0,patches\New_Delhi\Scene_5_2025-04-23\patch_0045.npy
2064,New_Delhi,Scene_5_2025-04-23,46,C:\Users\Aditya main\Desktop\Project_Sih\patches\New_Delhi\Scene_5_2025-04-23\patch_0046.npy,1536,512,512,99.98016357421876,patches\New_Delhi\Scene_5_2025-04-23\patch_0046.npy
2065,New_Delhi,Scene_5_2025-04-23,47,C:\Users\Aditya main\Desktop\Project_Sih\patches\New_Delhi\Scene_5_2025-04-23\patch_0047.npy,1536,1024,512,99.99847412109376,patches\New_Delhi\Scene_5_2025-04-23\patch_0047.npy
2066,New_Delhi,Scene_5_2025-04-23,48,C:\Users\Aditya main\Desktop\Project_Sih\patches\New_Delhi\Scene_5_2025-04-23\patch_0048.npy,1536,1536,512,99.98321533203124,patches\New_Delhi\Scene_5_2025-04-23\patch_0048.npy
2067,New_Delhi,Scene_5_2025-04-23,49,C:\Users\Aditya main\Desktop\Project_Sih\patches\New_Delhi\Scene_5_2025-04-23\patch_0049.npy,1536,2048,512,100.0,patches\New_Delhi\Scene_5_2025-04-23\patch_0049.npy
2068,New_Delhi,Scene_5_2025-04-23,50,C:\Users\Aditya main\Desktop\Project_Sih\patches\New_Delhi\Scene_5_2025-04-23\patch_0050.npy,1536,2560,512,100.0,patches\New_Delhi\Scene_5_2025-04-23\patch_0050.npy
2069,New_Delhi,Scene_5_2025-04-23,51,C:\Users\Aditya main\Desktop\Project_Sih\patches\New_Delhi\Scene_5_2025-04-23\patch_0051.npy,1536,3072,512,99.97100830078124,patches\New_Delhi\Scene_5_2025-04-23\patch_0051.npy
2070,New_Delhi,Scene_5_2025-04-23,52,C:\Users\Aditya main\Desktop\Project_Sih\patches\New_Delhi\Scene_5_2025-04-23\patch_0052.npy,1536,3584,512,99.96795654296876,patches\New_Delhi\Scene_5_2025-04-23\patch_0052.npy
2071,New_Delhi,Scene_5_2025-04-23,53,C:\Users\Aditya main\Desktop\Project_Sih\patches\New_Delhi\Scene_5_2025-04-23\patch_0053.npy,1536,4096,512,100.0,patches\New_Delhi\Scene_5_2025-04-23\patch_0053.npy
2072,New_Delhi,Scene_5_2025-04-23,54,C:\Users\Aditya main\Desktop\Project_Sih\patches\New_Delhi\Scene_5_2025-04-23\patch_0054.npy,1536,4608,512,100.0,patches\New_Delhi\Scene_5_2025-04-23\patch_0054.npy
2073,New_Delhi,Scene_5_2025-04-23,55,C:\Users\Aditya main\Desktop\Project_Sih\patches\New_Delhi\Scene_5_2025-04-23\patch_0055.npy,1536,5120,512,100.0,patches\New_Delhi\Scene_5_2025-04-23\patch_0055.npy
2074,New_Delhi,Scene_5_2025-04-23,56,C:\Users\Aditya main\Desktop\Project_Sih\patches\New_Delhi\Scene_5_2025-04-23\patch_0056.npy,1536,5632,512,100.0,patches\New_Delhi\Scene_5_2025-04-23\patch_0056.npy
2075,New_Delhi,Scene_5_2025-04-23,57,C:\Users\Aditya main\Desktop\Project_Sih\patches\New_Delhi\Scene_5_2025-04-23\patch_0057.npy,1536,6144,512,100.0,patches\New_Delhi\Scene_5_2025-04-23\patch_0057.npy
2076,New_Delhi,Scene_5_2025-04-23,58,C:\Users\Aditya main\Desktop\Project_Sih\patches\New_Delhi\Scene_5_2025-04-23\patch_0058.npy,1536,6656,512,100.0,patches\New_Delhi\Scene_5_2025-04-23\patch_0058.npy
2077,New_Delhi,Scene_5_2025-04-23,59,C:\Users\Aditya main\Desktop\Project_Sih\patches\New_Delhi\Scene_5_2025-04-23\patch_0059.npy,1536,7168,512,99.99847412109376,patches\New_Delhi\Scene_5_2025-04-23\patch_0059.npy
2078,New_Delhi,Scene_5_2025-04-23,60,C:\Users\Aditya main\Desktop\Project_Sih\patches\New_Delhi\Scene_5_2025-04-23\patch_0060.npy,2048,0,512,100.0,patches\New_Delhi\Scene_5_2025-04-23\patch_0060.npy
2079,New_Delhi,Scene_5_2025-04-23,61,C:\Users\Aditya main\Desktop\Project_Sih\patches\New_Delhi\Scene_5_2025-04-23\patch_0061.npy,2048,512,512,100.0,patches\New_Delhi\Scene_5_2025-04-23\patch_0061.npy
2080,New_Delhi,Scene_5_2025-04-23,62,C:\Users\Aditya main\Desktop\Project_Sih\patches\New_Delhi\Scene_5_2025-04-23\patch_0062.npy,2048,1024,512,99.98779296875,patches\New_Delhi\Scene_5_2025-04-23\patch_0062.npy
2081,New_Delhi,Scene_5_2025-04-23,63,C:\Users\Aditya main\Desktop\Project_Sih\patches\New_Delhi\Scene_5_2025-04-23\patch_0063.npy,2048,1536,512,99.8992919921875,patches\New_Delhi\Scene_5_2025-04-23\patch_0063.npy
2082,New_Delhi,Scene_5_2025-04-23,64,C:\Users\Aditya main\Desktop\Project_Sih\patches\New_Delhi\Scene_5_2025-04-23\patch_0064.npy,2048,2048,512,99.99847412109376,patches\New_Delhi\Scene_5_2025-04-23\patch_0064.npy
2083,New_Delhi,Scene_5_2025-04-23,65,C:\Users\Aditya main\Desktop\Project_Sih\patches\New_Delhi\Scene_5_2025-04-23\patch_0065.npy,2048,2560,512,99.91302490234376,patches\New_Delhi\Scene_5_2025-04-23\patch_0065.npy
2084,New_Delhi,Scene_5_2025-04-23,66,C:\Users\Aditya main\Desktop\Project_Sih\patches\New_Delhi\Scene_5_2025-04-23\patch_0066.npy,2048,3072,512,99.92828369140624,patches\New_Delhi\Scene_5_2025-04-23\patch_0066.npy
2085,New_Delhi,Scene_5_2025-04-23,67,C:\Users\Aditya main\Desktop\Project_Sih\patches\New_Delhi\Scene_5_2025-04-23\patch_0067.npy,2048,3584,512,100.0,patches\New_Delhi\Scene_5_2025-04-23\patch_0067.npy
2086,New_Delhi,Scene_5_2025-04-23,68,C:\Users\Aditya main\Desktop\Project_Sih\patches\New_Delhi\Scene_5_2025-04-23\patch_0068.npy,2048,4096,512,100.0,patches\New_Delhi\Scene_5_2025-04-23\patch_0068.npy
2087,New_Delhi,Scene_5_2025-04-23,69,C:\Users\Aditya main\Desktop\Project_Sih\patches\New_Delhi\Scene_5_2025-04-23\patch_0069.npy,2048,4608,512,99.99542236328124,patches\New_Delhi\Scene_5_2025-04-23\patch_0069.npy
2088,New_Delhi,Scene_5_2025-04-23,70,C:\Users\Aditya main\Desktop\Project_Sih\patches\New_Delhi\Scene_5_2025-04-23\patch_0070.npy,2048,5120,512,99.94659423828124,patches\New_Delhi\Scene_5_2025-04-23\patch_0070.npy
2089,New_Delhi,Scene_5_2025-04-23,71,C:\Users\Aditya main\Desktop\Project_Sih\patches\New_Delhi\Scene_5_2025-04-23\patch_0071.npy,2048,5632,512,100.0,patches\New_Delhi\Scene_5_2025-04-23\patch_0071.npy
2090,New_Delhi,Scene_5_2025-04-23,72,C:\Users\Aditya main\Desktop\Project_Sih\patches\New_Delhi\Scene_5_2025-04-23\patch_0072.npy,2048,6144,512,100.0,patches\New_Delhi\Scene_5_2025-04-23\patch_0072.npy
2091,New_Delhi,Scene_5_2025-04-23,73,C:\Users\Aditya main\Desktop\Project_Sih\patches\New_Delhi\Scene_5_2025-04-23\patch_0073.npy,2048,6656,512,100.0,patches\New_Delhi\Scene_5_2025-04-23\patch_0073.npy
2092,New_Delhi,Scene_5_2025-04-23,74,C:\Users\Aditya main\Desktop\Project_Sih\patches\New_Delhi\Scene_5_2025-04-23\patch_0074.npy,2048,7168,512,100.0,patches\New_Delhi\Scene_5_2025-04-23\patch_0074.npy
2093,New_Delhi,Scene_5_2025-04-23,75,C:\Users\Aditya main\Desktop\Project_Sih\patches\New_Delhi\Scene_5_2025-04-23\patch_0075.npy,2560,0,512,100.0,patches\New_Delhi\Scene_5_2025-04-23\patch_0075.npy
2094,New_Delhi,Scene_5_2025-04-23,76,C:\Users\Aditya main\Desktop\Project_Sih\patches\New_Delhi\Scene_5_2025-04-23\patch_0076.npy,2560,512,512,100.0,patches\New_Delhi\Scene_5_2025-04-23\patch_0076.npy
2095,New_Delhi,Scene_5_2025-04-23,77,C:\Users\Aditya main\Desktop\Project_Sih\patches\New_Delhi\Scene_5_2025-04-23\patch_0077.npy,2560,1024,512,100.0,patches\New_Delhi\Scene_5_2025-04-23\patch_0077.npy
2096,New_Delhi,Scene_5_2025-04-23,78,C:\Users\Aditya main\Desktop\Project_Sih\patches\New_Delhi\Scene_5_2025-04-23\patch_0078.npy,2560,1536,512,99.97100830078124,patches\New_Delhi\Scene_5_2025-04-23\patch_0078.npy
2097,New_Delhi,Scene_5_2025-04-23,79,C:\Users\Aditya main\Desktop\Project_Sih\patches\New_Delhi\Scene_5_2025-04-23\patch_0079.npy,2560,2048,512,99.98779296875,patches\New_Delhi\Scene_5_2025-04-23\patch_0079.npy
2098,New_Delhi,Scene_5_2025-04-23,80,C:\Users\Aditya main\Desktop\Project_Sih\patches\New_Delhi\Scene_5_2025-04-23\patch_0080.npy,2560,2560,512,100.0,patches\New_Delhi\Scene_5_2025-04-23\patch_0080.npy
2099,New_Delhi,Scene_5_2025-04-23,81,C:\Users\Aditya main\Desktop\Project_Sih\patches\New_Delhi\Scene_5_2025-04-23\patch_0081.npy,2560,3072,512,99.98931884765624,patches\New_Delhi\Scene_5_2025-04-23\patch_0081.npy
2100,New_Delhi,Scene_5_2025-04-23,82,C:\Users\Aditya main\Desktop\Project_Sih\patches\New_Delhi\Scene_5_2025-04-23\patch_0082.npy,2560,3584,512,100.0,patches\New_Delhi\Scene_5_2025-04-23\patch_0082.npy
2101,New_Delhi,Scene_5_2025-04-23,83,C:\Users\Aditya main\Desktop\Project_Sih\patches\New_Delhi\Scene_5_2025-04-23\patch_0083.npy,2560,4096,512,100.0,patches\New_Delhi\Scene_5_2025-04-23\patch_0083.npy
2102,New_Delhi,Scene_5_2025-04-23,84,C:\Users\Aditya main\Desktop\Project_Sih\patches\New_Delhi\Scene_5_2025-04-23\patch_0084.npy,2560,4608,512,99.98016357421876,patches\New_Delhi\Scene_5_2025-04-23\patch_0084.npy
2103,New_Delhi,Scene_5_2025-04-23,85,C:\Users\Aditya main\Desktop\Project_Sih\patches\New_Delhi\Scene_5_2025-04-23\patch_0085.npy,2560,5120,512,99.9969482421875,patches\New_Delhi\Scene_5_2025-04-23\patch_0085.npy
2104,New_Delhi,Scene_5_2025-04-23,86,C:\Users\Aditya main\Desktop\Project_Sih\patches\New_Delhi\Scene_5_2025-04-23\patch_0086.npy,2560,5632,512,99.99847412109376,patches\New_Delhi\Scene_5_2025-04-23\patch_0086.npy
2105,New_Delhi,Scene_5_2025-04-23,87,C:\Users\Aditya main\Desktop\Project_Sih\patches\New_Delhi\Scene_5_2025-04-23\patch_0087.npy,2560,6144,512,100.0,patches\New_Delhi\Scene_5_2025-04-23\patch_0087.npy
2106,New_Delhi,Scene_5_2025-04-23,88,C:\Users\Aditya main\Desktop\Project_Sih\patches\New_Delhi\Scene_5_2025-04-23\patch_0088.npy,2560,6656,512,100.0,patches\New_Delhi\Scene_5_2025-04-23\patch_0088.npy
2107,New_Delhi,Scene_5_2025-04-23,89,C:\Users\Aditya main\Desktop\Project_Sih\patches\New_Delhi\Scene_5_2025-04-23\patch_0089.npy,2560,7168,512,100.0,patches\New_Delhi\Scene_5_2025-04-23\patch_0089.npy
2108,New_Delhi,Scene_5_2025-04-23,90,C:\Users\Aditya main\Desktop\Project_Sih\patches\New_Delhi\Scene_5_2025-04-23\patch_0090.npy,3072,0,512,100.0,patches\New_Delhi\Scene_5_2025-04-23\patch_0090.npy
2109,New_Delhi,Scene_5_2025-04-23,91,C:\Users\Aditya main\Desktop\Project_Sih\patches\New_Delhi\Scene_5_2025-04-23\patch_0091.npy,3072,512,512,100.0,patches\New_Delhi\Scene_5_2025-04-23\patch_0091.npy
2110,New_Delhi,Scene_5_2025-04-23,92,C:\Users\Aditya main\Desktop\Project_Sih\patches\New_Delhi\Scene_5_2025-04-23\patch_0092.npy,3072,1024,512,100.0,patches\New_Delhi\Scene_5_2025-04-23\patch_0092.npy
2111,New_Delhi,Scene_5_2025-04-23,93,C:\Users\Aditya main\Desktop\Project_Sih\patches\New_Delhi\Scene_5_2025-04-23\patch_0093.npy,3072,1536,512,99.99542236328124,patches\New_Delhi\Scene_5_2025-04-23\patch_0093.npy
2112,New_Delhi,Scene_5_2025-04-23,94,C:\Users\Aditya main\Desktop\Project_Sih\patches\New_Delhi\Scene_5_2025-04-23\patch_0094.npy,3072,2048,512,99.98016357421876,patches\New_Delhi\Scene_5_2025-04-23\patch_0094.npy
2113,New_Delhi,Scene_5_2025-04-23,95,C:\Users\Aditya main\Desktop\Project_Sih\patches\New_Delhi\Scene_5_2025-04-23\patch_0095.npy,3072,2560,512,99.99237060546876,patches\New_Delhi\Scene_5_2025-04-23\patch_0095.npy
2114,New_Delhi,Scene_5_2025-04-23,96,C:\Users\Aditya main\Desktop\Project_Sih\patches\New_Delhi\Scene_5_2025-04-23\patch_0096.npy,3072,3072,512,99.957275390625,patches\New_Delhi\Scene_5_2025-04-23\patch_0096.npy
2115,New_Delhi,Scene_5_2025-04-23,97,C:\Users\Aditya main\Desktop\Project_Sih\patches\New_Delhi\Scene_5_2025-04-23\patch_0097.npy,3072,3584,512,100.0,patches\New_Delhi\Scene_5_2025-04-23\patch_0097.npy
2116,New_Delhi,Scene_5_2025-04-23,98,C:\Users\Aditya main\Desktop\Project_Sih\patches\New_Delhi\Scene_5_2025-04-23\patch_0098.npy,3072,4096,512,100.0,patches\New_Delhi\Scene_5_2025-04-23\patch_0098.npy
2117,New_Delhi,Scene_5_2025-04-23,99,C:\Users\Aditya main\Desktop\Project_Sih\patches\New_Delhi\Scene_5_2025-04-23\patch_0099.npy,3072,4608,512,99.98779296875,patches\New_Delhi\Scene_5_2025-04-23\patch_0099.npy
2118,New_Delhi,Scene_5_2025-04-23,100,C:\Users\Aditya main\Desktop\Project_Sih\patches\New_Delhi\Scene_5_2025-04-23\patch_0100.npy,3072,5120,512,99.99237060546876,patches\New_Delhi\Scene_5_2025-04-23\patch_0100.npy
2119,New_Delhi,Scene_5_2025-04-23,101,C:\Users\Aditya main\Desktop\Project_Sih\patches\New_Delhi\Scene_5_2025-04-23\patch_0101.npy,3072,5632,512,99.9755859375,patches\New_Delhi\Scene_5_2025-04-23\patch_0101.npy
2120,New_Delhi,Scene_5_2025-04-23,102,C:\Users\Aditya main\Desktop\Project_Sih\patches\New_Delhi\Scene_5_2025-04-23\patch_0102.npy,3072,6144,512,100.0,patches\New_Delhi\Scene_5_2025-04-23\patch_0102.npy
2121,New_Delhi,Scene_5_2025-04-23,103,C:\Users\Aditya main\Desktop\Project_Sih\patches\New_Delhi\Scene_5_2025-04-23\patch_0103.npy,3072,6656,512,100.0,patches\New_Delhi\Scene_5_2025-04-23\patch_0103.npy
2122,New_Delhi,Scene_5_2025-04-23,104,C:\Users\Aditya main\Desktop\Project_Sih\patches\New_Delhi\Scene_5_2025-04-23\patch_0104.npy,3072,7168,512,100.0,patches\New_Delhi\Scene_5_2025-04-23\patch_0104.npy
2123,New_Delhi,Scene_5_2025-04-23,105,C:\Users\Aditya main\Desktop\Project_Sih\patches\New_Delhi\Scene_5_2025-04-23\patch_0105.npy,3584,0,512,100.0,patches\New_Delhi\Scene_5_2025-04-23\patch_0105.npy
2124,New_Delhi,Scene_5_2025-04-23,106,C:\Users\Aditya main\Desktop\Project_Sih\patches\New_Delhi\Scene_5_2025-04-23\patch_0106.npy,3584,512,512,100.0,patches\New_Delhi\Scene_5_2025-04-23\patch_0106.npy
2125,New_Delhi,Scene_5_2025-04-23,107,C:\Users\Aditya main\Desktop\Project_Sih\patches\New_Delhi\Scene_5_2025-04-23\patch_0107.npy,3584,1024,512,100.0,patches\New_Delhi\Scene_5_2025-04-23\patch_0107.npy
2126,New_Delhi,Scene_5_2025-04-23,108,C:\Users\Aditya main\Desktop\Project_Sih\patches\New_Delhi\Scene_5_2025-04-23\patch_0108.npy,3584,1536,512,100.0,patches\New_Delhi\Scene_5_2025-04-23\patch_0108.npy
2127,New_Delhi,Scene_5_2025-04-23,109,C:\Users\Aditya main\Desktop\Project_Sih\patches\New_Delhi\Scene_5_2025-04-23\patch_0109.npy,3584,2048,512,99.90081787109376,patches\New_Delhi\Scene_5_2025-04-23\patch_0109.npy
2128,New_Delhi,Scene_5_2025-04-23,110,C:\Users\Aditya main\Desktop\Project_Sih\patches\New_Delhi\Scene_5_2025-04-23\patch_0110.npy,3584,2560,512,99.896240234375,patches\New_Delhi\Scene_5_2025-04-23\patch_0110.npy
2129,New_Delhi,Scene_5_2025-04-23,111,C:\Users\Aditya main\Desktop\Project_Sih\patches\New_Delhi\Scene_5_2025-04-23\patch_0111.npy,3584,3072,512,100.0,patches\New_Delhi\Scene_5_2025-04-23\patch_0111.npy
2130,New_Delhi,Scene_5_2025-04-23,112,C:\Users\Aditya main\Desktop\Project_Sih\patches\New_Delhi\Scene_5_2025-04-23\patch_0112.npy,3584,3584,512,100.0,patches\New_Delhi\Scene_5_2025-04-23\patch_0112.npy
2131,New_Delhi,Scene_5_2025-04-23,113,C:\Users\Aditya main\Desktop\Project_Sih\patches\New_Delhi\Scene_5_2025-04-23\patch_0113.npy,3584,4096,512,99.99847412109376,patches\New_Delhi\Scene_5_2025-04-23\patch_0113.npy
2132,New_Delhi,Scene_5_2025-04-23,114,C:\Users\Aditya main\Desktop\Project_Sih\patches\New_Delhi\Scene_5_2025-04-23\patch_0114.npy,3584,4608,512,99.99237060546876,patches\New_Delhi\Scene_5_2025-04-23\patch_0114.npy
2133,New_Delhi,Scene_5_2025-04-23,115,C:\Users\Aditya main\Desktop\Project_Sih\patches\New_Delhi\Scene_5_2025-04-23\patch_0115.npy,3584,5120,512,99.920654296875,patches\New_Delhi\Scene_5_2025-04-23\patch_0115.npy
2134,New_Delhi,Scene_5_2025-04-23,116,C:\Users\Aditya main\Desktop\Project_Sih\patches\New_Delhi\Scene_5_2025-04-23\patch_0116.npy,3584,5632,512,99.99542236328124,patches\New_Delhi\Scene_5_2025-04-23\patch_0116.npy
2135,New_Delhi,Scene_5_2025-04-23,117,C:\Users\Aditya main\Desktop\Project_Sih\patches\New_Delhi\Scene_5_2025-04-23\patch_0117.npy,3584,6144,512,100.0,patches\New_Delhi\Scene_5_2025-04-23\patch_0117.npy
2136,New_Delhi,Scene_5_2025-04-23,118,C:\Users\Aditya main\Desktop\Project_Sih\patches\New_Delhi\Scene_5_2025-04-23\patch_0118.npy,3584,6656,512,100.0,patches\New_Delhi\Scene_5_2025-04-23\patch_0118.npy
2137,New_Delhi,Scene_5_2025-04-23,119,C:\Users\Aditya main\Desktop\Project_Sih\patches\New_Delhi\Scene_5_2025-04-23\patch_0119.npy,3584,7168,512,100.0,patches\New_Delhi\Scene_5_2025-04-23\patch_0119.npy
2138,New_Delhi,Scene_5_2025-04-23,120,C:\Users\Aditya main\Desktop\Project_Sih\patches\New_Delhi\Scene_5_2025-04-23\patch_0120.npy,4096,0,512,100.0,patches\New_Delhi\Scene_5_2025-04-23\patch_0120.npy
2139,New_Delhi,Scene_5_2025-04-23,121,C:\Users\Aditya main\Desktop\Project_Sih\patches\New_Delhi\Scene_5_2025-04-23\patch_0121.npy,4096,512,512,99.97406005859376,patches\New_Delhi\Scene_5_2025-04-23\patch_0121.npy
2140,New_Delhi,Scene_5_2025-04-23,122,C:\Users\Aditya main\Desktop\Project_Sih\patches\New_Delhi\Scene_5_2025-04-23\patch_0122.npy,4096,1024,512,100.0,patches\New_Delhi\Scene_5_2025-04-23\patch_0122.npy
2141,New_Delhi,Scene_5_2025-04-23,123,C:\Users\Aditya main\Desktop\Project_Sih\patches\New_Delhi\Scene_5_2025-04-23\patch_0123.npy,4096,1536,512,100.0,patches\New_Delhi\Scene_5_2025-04-23\patch_0123.npy
2142,New_Delhi,Scene_5_2025-04-23,124,C:\Users\Aditya main\Desktop\Project_Sih\patches\New_Delhi\Scene_5_2025-04-23\patch_0124.npy,4096,2048,512,100.0,patches\New_Delhi\Scene_5_2025-04-23\patch_0124.npy
2143,New_Delhi,Scene_5_2025-04-23,125,C:\Users\Aditya main\Desktop\Project_Sih\patches\New_Delhi\Scene_5_2025-04-23\patch_0125.npy,4096,2560,512,99.79095458984376,patches\New_Delhi\Scene_5_2025-04-23\patch_0125.npy
2144,New_Delhi,Scene_5_2025-04-23,126,C:\Users\Aditya main\Desktop\Project_Sih\patches\New_Delhi\Scene_5_2025-04-23\patch_0126.npy,4096,3072,512,99.93133544921876,patches\New_Delhi\Scene_5_2025-04-23\patch_0126.npy
2145,New_Delhi,Scene_5_2025-04-23,127,C:\Users\Aditya main\Desktop\Project_Sih\patches\New_Delhi\Scene_5_2025-04-23\patch_0127.npy,4096,3584,512,99.9847412109375,patches\New_Delhi\Scene_5_2025-04-23\patch_0127.npy
2146,New_Delhi,Scene_5_2025-04-23,128,C:\Users\Aditya main\Desktop\Project_Sih\patches\New_Delhi\Scene_5_2025-04-23\patch_0128.npy,4096,4096,512,99.9298095703125,patches\New_Delhi\Scene_5_2025-04-23\patch_0128.npy
2147,New_Delhi,Scene_5_2025-04-23,129,C:\Users\Aditya main\Desktop\Project_Sih\patches\New_Delhi\Scene_5_2025-04-23\patch_0129.npy,4096,4608,512,99.981689453125,patches\New_Delhi\Scene_5_2025-04-23\patch_0129.npy
2148,New_Delhi,Scene_5_2025-04-23,130,C:\Users\Aditya main\Desktop\Project_Sih\patches\New_Delhi\Scene_5_2025-04-23\patch_0130.npy,4096,5120,512,99.87945556640624,patches\New_Delhi\Scene_5_2025-04-23\patch_0130.npy
2149,New_Delhi,Scene_5_2025-04-23,131,C:\Users\Aditya main\Desktop\Project_Sih\patches\New_Delhi\Scene_5_2025-04-23\patch_0131.npy,4096,5632,512,99.7344970703125,patches\New_Delhi\Scene_5_2025-04-23\patch_0131.npy
2150,New_Delhi,Scene_5_2025-04-23,132,C:\Users\Aditya main\Desktop\Project_Sih\patches\New_Delhi\Scene_5_2025-04-23\patch_0132.npy,4096,6144,512,99.93743896484376,patches\New_Delhi\Scene_5_2025-04-23\patch_0132.npy
2151,New_Delhi,Scene_5_2025-04-23,133,C:\Users\Aditya main\Desktop\Project_Sih\patches\New_Delhi\Scene_5_2025-04-23\patch_0133.npy,4096,6656,512,99.9114990234375,patches\New_Delhi\Scene_5_2025-04-23\patch_0133.npy
2152,New_Delhi,Scene_5_2025-04-23,134,C:\Users\Aditya main\Desktop\Project_Sih\patches\New_Delhi\Scene_5_2025-04-23\patch_0134.npy,4096,7168,512,100.0,patches\New_Delhi\Scene_5_2025-04-23\patch_0134.npy
2153,New_Delhi,Scene_5_2025-04-23,135,C:\Users\Aditya main\Desktop\Project_Sih\patches\New_Delhi\Scene_5_2025-04-23\patch_0135.npy,4608,0,512,100.0,patches\New_Delhi\Scene_5_2025-04-23\patch_0135.npy
2154,New_Delhi,Scene_5_2025-04-23,136,C:\Users\Aditya main\Desktop\Project_Sih\patches\New_Delhi\Scene_5_2025-04-23\patch_0136.npy,4608,512,512,100.0,patches\New_Delhi\Scene_5_2025-04-23\patch_0136.npy
2155,New_Delhi,Scene_5_2025-04-23,137,C:\Users\Aditya main\Desktop\Project_Sih\patches\New_Delhi\Scene_5_2025-04-23\patch_0137.npy,4608,1024,512,100.0,patches\New_Delhi\Scene_5_2025-04-23\patch_0137.npy
2156,New_Delhi,Scene_5_2025-04-23,138,C:\Users\Aditya main\Desktop\Project_Sih\patches\New_Delhi\Scene_5_2025-04-23\patch_0138.npy,4608,1536,512,99.99237060546876,patches\New_Delhi\Scene_5_2025-04-23\patch_0138.npy
2157,New_Delhi,Scene_5_2025-04-23,139,C:\Users\Aditya main\Desktop\Project_Sih\patches\New_Delhi\Scene_5_2025-04-23\patch_0139.npy,4608,2048,512,99.993896484375,patches\New_Delhi\Scene_5_2025-04-23\patch_0139.npy
2158,New_Delhi,Scene_5_2025-04-23,140,C:\Users\Aditya main\Desktop\Project_Sih\patches\New_Delhi\Scene_5_2025-04-23\patch_0140.npy,4608,2560,512,99.981689453125,patches\New_Delhi\Scene_5_2025-04-23\patch_0140.npy
2159,New_Delhi,Scene_5_2025-04-23,141,C:\Users\Aditya main\Desktop\Project_Sih\patches\New_Delhi\Scene_5_2025-04-23\patch_0141.npy,4608,3072,512,99.761962890625,patches\New_Delhi\Scene_5_2025-04-23\patch_0141.npy
2160,New_Delhi,Scene_5_2025-04-23,142,C:\Users\Aditya main\Desktop\Project_Sih\patches\New_Delhi\Scene_5_2025-04-23\patch_0142.npy,4608,3584,512,99.94354248046876,patches\New_Delhi\Scene_5_2025-04-23\patch_0142.npy
2161,New_Delhi,Scene_5_2025-04-23,143,C:\Users\Aditya main\Desktop\Project_Sih\patches\New_Delhi\Scene_5_2025-04-23\patch_0143.npy,4608,4096,512,99.9755859375,patches\New_Delhi\Scene_5_2025-04-23\patch_0143.npy
2162,New_Delhi,Scene_5_2025-04-23,144,C:\Users\Aditya main\Desktop\Project_Sih\patches\New_Delhi\Scene_5_2025-04-23\patch_0144.npy,4608,4608,512,99.99237060546876,patches\New_Delhi\Scene_5_2025-04-23\patch_0144.npy
2163,New_Delhi,Scene_5_2025-04-23,145,C:\Users\Aditya main\Desktop\Project_Sih\patches\New_Delhi\Scene_5_2025-04-23\patch_0145.npy,4608,5120,512,99.77874755859376,patches\New_Delhi\Scene_5_2025-04-23\patch_0145.npy
2164,New_Delhi,Scene_5_2025-04-23,146,C:\Users\Aditya main\Desktop\Project_Sih\patches\New_Delhi\Scene_5_2025-04-23\patch_0146.npy,4608,5632,512,99.95574951171876,patches\New_Delhi\Scene_5_2025-04-23\patch_0146.npy
2165,New_Delhi,Scene_5_2025-04-23,147,C:\Users\Aditya main\Desktop\Project_Sih\patches\New_Delhi\Scene_5_2025-04-23\patch_0147.npy,4608,6144,512,99.84130859375,patches\New_Delhi\Scene_5_2025-04-23\patch_0147.npy
2166,New_Delhi,Scene_5_2025-04-23,148,C:\Users\Aditya main\Desktop\Project_Sih\patches\New_Delhi\Scene_5_2025-04-23\patch_0148.npy,4608,6656,512,100.0,patches\New_Delhi\Scene_5_2025-04-23\patch_0148.npy
2167,New_Delhi,Scene_5_2025-04-23,149,C:\Users\Aditya main\Desktop\Project_Sih\patches\New_Delhi\Scene_5_2025-04-23\patch_0149.npy,4608,7168,512,100.0,patches\New_Delhi\Scene_5_2025-04-23\patch_0149.npy
2168,New_Delhi,Scene_5_2025-04-23,150,C:\Users\Aditya main\Desktop\Project_Sih\patches\New_Delhi\Scene_5_2025-04-23\patch_0150.npy,5120,0,512,100.0,patches\New_Delhi\Scene_5_2025-04-23\patch_0150.npy
2169,New_Delhi,Scene_5_2025-04-23,151,C:\Users\Aditya main\Desktop\Project_Sih\patches\New_Delhi\Scene_5_2025-04-23\patch_0151.npy,5120,512,512,100.0,patches\New_Delhi\Scene_5_2025-04-23\patch_0151.npy
2170,New_Delhi,Scene_5_2025-04-23,152,C:\Users\Aditya main\Desktop\Project_Sih\patches\New_Delhi\Scene_5_2025-04-23\patch_0152.npy,5120,1024,512,100.0,patches\New_Delhi\Scene_5_2025-04-23\patch_0152.npy
2171,New_Delhi,Scene_5_2025-04-23,153,C:\Users\Aditya main\Desktop\Project_Sih\patches\New_Delhi\Scene_5_2025-04-23\patch_0153.npy,5120,1536,512,100.0,patches\New_Delhi\Scene_5_2025-04-23\patch_0153.npy
2172,New_Delhi,Scene_5_2025-04-23,154,C:\Users\Aditya main\Desktop\Project_Sih\patches\New_Delhi\Scene_5_2025-04-23\patch_0154.npy,5120,2048,512,99.94049072265624,patches\New_Delhi\Scene_5_2025-04-23\patch_0154.npy
2173,New_Delhi,Scene_5_2025-04-23,155,C:\Users\Aditya main\Desktop\Project_Sih\patches\New_Delhi\Scene_5_2025-04-23\patch_0155.npy,5120,2560,512,99.99847412109376,patches\New_Delhi\Scene_5_2025-04-23\patch_0155.npy
2174,New_Delhi,Scene_5_2025-04-23,156,C:\Users\Aditya main\Desktop\Project_Sih\patches\New_Delhi\Scene_5_2025-04-23\patch_0156.npy,5120,3072,512,99.15313720703124,patches\New_Delhi\Scene_5_2025-04-23\patch_0156.npy
2175,New_Delhi,Scene_5_2025-04-23,157,C:\Users\Aditya main\Desktop\Project_Sih\patches\New_Delhi\Scene_5_2025-04-23\patch_0157.npy,5120,3584,512,99.99237060546876,patches\New_Delhi\Scene_5_2025-04-23\patch_0157.npy
2176,New_Delhi,Scene_5_2025-04-23,158,C:\Users\Aditya main\Desktop\Project_Sih\patches\New_Delhi\Scene_5_2025-04-23\patch_0158.npy,5120,4096,512,99.932861328125,patches\New_Delhi\Scene_5_2025-04-23\patch_0158.npy
2177,New_Delhi,Scene_5_2025-04-23,159,C:\Users\Aditya main\Desktop\Project_Sih\patches\New_Delhi\Scene_5_2025-04-23\patch_0159.npy,5120,4608,512,99.99542236328124,patches\New_Delhi\Scene_5_2025-04-23\patch_0159.npy
2178,New_Delhi,Scene_5_2025-04-23,160,C:\Users\Aditya main\Desktop\Project_Sih\patches\New_Delhi\Scene_5_2025-04-23\patch_0160.npy,5120,5120,512,99.6856689453125,patches\New_Delhi\Scene_5_2025-04-23\patch_0160.npy
2179,New_Delhi,Scene_5_2025-04-23,161,C:\Users\Aditya main\Desktop\Project_Sih\patches\New_Delhi\Scene_5_2025-04-23\patch_0161.npy,5120,5632,512,99.54071044921876,patches\New_Delhi\Scene_5_2025-04-23\patch_0161.npy
2180,New_Delhi,Scene_5_2025-04-23,162,C:\Users\Aditya main\Desktop\Project_Sih\patches\New_Delhi\Scene_5_2025-04-23\patch_0162.npy,5120,6144,512,99.37896728515624,patches\New_Delhi\Scene_5_2025-04-23\patch_0162.npy
2181,New_Delhi,Scene_5_2025-04-23,163,C:\Users\Aditya main\Desktop\Project_Sih\patches\New_Delhi\Scene_5_2025-04-23\patch_0163.npy,5120,6656,512,98.39935302734376,patches\New_Delhi\Scene_5_2025-04-23\patch_0163.npy
2182,New_Delhi,Scene_5_2025-04-23,164,C:\Users\Aditya main\Desktop\Project_Sih\patches\New_Delhi\Scene_5_2025-04-23\patch_0164.npy,5120,7168,512,99.90234375,patches\New_Delhi\Scene_5_2025-04-23\patch_0164.npy
2183,New_Delhi,Scene_5_2025-04-23,165,C:\Users\Aditya main\Desktop\Project_Sih\patches\New_Delhi\Scene_5_2025-04-23\patch_0165.npy,5632,0,512,100.0,patches\New_Delhi\Scene_5_2025-04-23\patch_0165.npy
2184,New_Delhi,Scene_5_2025-04-23,166,C:\Users\Aditya main\Desktop\Project_Sih\patches\New_Delhi\Scene_5_2025-04-23\patch_0166.npy,5632,512,512,100.0,patches\New_Delhi\Scene_5_2025-04-23\patch_0166.npy
2185,New_Delhi,Scene_5_2025-04-23,167,C:\Users\Aditya main\Desktop\Project_Sih\patches\New_Delhi\Scene_5_2025-04-23\patch_0167.npy,5632,1024,512,99.95269775390624,patches\New_Delhi\Scene_5_2025-04-23\patch_0167.npy
2186,New_Delhi,Scene_5_2025-04-23,168,C:\Users\Aditya main\Desktop\Project_Sih\patches\New_Delhi\Scene_5_2025-04-23\patch_0168.npy,5632,1536,512,98.626708984375,patches\New_Delhi\Scene_5_2025-04-23\patch_0168.npy
2187,New_Delhi,Scene_5_2025-04-23,169,C:\Users\Aditya main\Desktop\Project_Sih\patches\New_Delhi\Scene_5_2025-04-23\patch_0169.npy,5632,2048,512,99.94354248046876,patches\New_Delhi\Scene_5_2025-04-23\patch_0169.npy
2188,New_Delhi,Scene_5_2025-04-23,170,C:\Users\Aditya main\Desktop\Project_Sih\patches\New_Delhi\Scene_5_2025-04-23\patch_0170.npy,5632,2560,512,99.84283447265624,patches\New_Delhi\Scene_5_2025-04-23\patch_0170.npy
2189,New_Delhi,Scene_5_2025-04-23,171,C:\Users\Aditya main\Desktop\Project_Sih\patches\New_Delhi\Scene_5_2025-04-23\patch_0171.npy,5632,3072,512,99.8809814453125,patches\New_Delhi\Scene_5_2025-04-23\patch_0171.npy
2190,New_Delhi,Scene_5_2025-04-23,172,C:\Users\Aditya main\Desktop\Project_Sih\patches\New_Delhi\Scene_5_2025-04-23\patch_0172.npy,5632,3584,512,100.0,patches\New_Delhi\Scene_5_2025-04-23\patch_0172.npy
2191,New_Delhi,Scene_5_2025-04-23,173,C:\Users\Aditya main\Desktop\Project_Sih\patches\New_Delhi\Scene_5_2025-04-23\patch_0173.npy,5632,4096,512,99.5361328125,patches\New_Delhi\Scene_5_2025-04-23\patch_0173.npy
2192,New_Delhi,Scene_5_2025-04-23,174,C:\Users\Aditya main\Desktop\Project_Sih\patches\New_Delhi\Scene_5_2025-04-23\patch_0174.npy,5632,4608,512,99.9542236328125,patches\New_Delhi\Scene_5_2025-04-23\patch_0174.npy
2193,New_Delhi,Scene_5_2025-04-23,175,C:\Users\Aditya main\Desktop\Project_Sih\patches\New_Delhi\Scene_5_2025-04-23\patch_0175.npy,5632,5120,512,99.4781494140625,patches\New_Delhi\Scene_5_2025-04-23\patch_0175.npy
2194,New_Delhi,Scene_5_2025-04-23,176,C:\Users\Aditya main\Desktop\Project_Sih\patches\New_Delhi\Scene_5_2025-04-23\patch_0176.npy,5632,5632,512,99.86572265625,patches\New_Delhi\Scene_5_2025-04-23\patch_0176.npy
2195,New_Delhi,Scene_5_2025-04-23,177,C:\Users\Aditya main\Desktop\Project_Sih\patches\New_Delhi\Scene_5_2025-04-23\patch_0177.npy,5632,6144,512,98.48785400390624,patches\New_Delhi\Scene_5_2025-04-23\patch_0177.npy
2196,New_Delhi,Scene_5_2025-04-23,178,C:\Users\Aditya main\Desktop\Project_Sih\patches\New_Delhi\Scene_5_2025-04-23\patch_0178.npy,5632,6656,512,99.9542236328125,patches\New_Delhi\Scene_5_2025-04-23\patch_0178.npy
2197,New_Delhi,Scene_5_2025-04-23,179,C:\Users\Aditya main\Desktop\Project_Sih\patches\New_Delhi\Scene_5_2025-04-23\patch_0179.npy,5632,7168,512,99.93743896484376,patches\New_Delhi\Scene_5_2025-04-23\patch_0179.npy
2198,New_Delhi,Scene_5_2025-04-23,180,C:\Users\Aditya main\Desktop\Project_Sih\patches\New_Delhi\Scene_5_2025-04-23\patch_0180.npy,6144,0,512,98.62518310546876,patches\New_Delhi\Scene_5_2025-04-23\patch_0180.npy
2199,New_Delhi,Scene_5_2025-04-23,181,C:\Users\Aditya main\Desktop\Project_Sih\patches\New_Delhi\Scene_5_2025-04-23\patch_0181.npy,6144,512,512,99.9786376953125,patches\New_Delhi\Scene_5_2025-04-23\patch_0181.npy
2200,New_Delhi,Scene_5_2025-04-23,182,C:\Users\Aditya main\Desktop\Project_Sih\patches\New_Delhi\Scene_5_2025-04-23\patch_0182.npy,6144,1024,512,99.1851806640625,patches\New_Delhi\Scene_5_2025-04-23\patch_0182.npy
2201,New_Delhi,Scene_5_2025-04-23,183,C:\Users\Aditya main\Desktop\Project_Sih\patches\New_Delhi\Scene_5_2025-04-23\patch_0183.npy,6144,1536,512,98.0377197265625,patches\New_Delhi\Scene_5_2025-04-23\patch_0183.npy
2202,New_Delhi,Scene_5_2025-04-23,184,C:\Users\Aditya main\Desktop\Project_Sih\patches\New_Delhi\Scene_5_2025-04-23\patch_0184.npy,6144,2048,512,99.1912841796875,patches\New_Delhi\Scene_5_2025-04-23\patch_0184.npy
2203,New_Delhi,Scene_5_2025-04-23,185,C:\Users\Aditya main\Desktop\Project_Sih\patches\New_Delhi\Scene_5_2025-04-23\patch_0185.npy,6144,2560,512,99.98321533203124,patches\New_Delhi\Scene_5_2025-04-23\patch_0185.npy
2204,New_Delhi,Scene_5_2025-04-23,186,C:\Users\Aditya main\Desktop\Project_Sih\patches\New_Delhi\Scene_5_2025-04-23\patch_0186.npy,6144,3072,512,99.7955322265625,patches\New_Delhi\Scene_5_2025-04-23\patch_0186.npy
2205,New_Delhi,Scene_5_2025-04-23,187,C:\Users\Aditya main\Desktop\Project_Sih\patches\New_Delhi\Scene_5_2025-04-23\patch_0187.npy,6144,3584,512,99.98626708984376,patches\New_Delhi\Scene_5_2025-04-23\patch_0187.npy
2206,New_Delhi,Scene_5_2025-04-23,188,C:\Users\Aditya main\Desktop\Project_Sih\patches\New_Delhi\Scene_5_2025-04-23\patch_0188.npy,6144,4096,512,97.61810302734376,patches\New_Delhi\Scene_5_2025-04-23\patch_0188.npy
2207,New_Delhi,Scene_5_2025-04-23,189,C:\Users\Aditya main\Desktop\Project_Sih\patches\New_Delhi\Scene_5_2025-04-23\patch_0189.npy,6144,4608,512,98.50921630859376,patches\New_Delhi\Scene_5_2025-04-23\patch_0189.npy
2208,New_Delhi,Scene_5_2025-04-23,190,C:\Users\Aditya main\Desktop\Project_Sih\patches\New_Delhi\Scene_5_2025-04-23\patch_0190.npy,6144,5120,512,99.89776611328124,patches\New_Delhi\Scene_5_2025-04-23\patch_0190.npy
2209,New_Delhi,Scene_5_2025-04-23,191,C:\Users\Aditya main\Desktop\Project_Sih\patches\New_Delhi\Scene_5_2025-04-23\patch_0191.npy,6144,5632,512,99.8565673828125,patches\New_Delhi\Scene_5_2025-04-23\patch_0191.npy
2210,New_Delhi,Scene_5_2025-04-23,192,C:\Users\Aditya main\Desktop\Project_Sih\patches\New_Delhi\Scene_5_2025-04-23\patch_0192.npy,6144,6144,512,99.08905029296876,patches\New_Delhi\Scene_5_2025-04-23\patch_0192.npy
2211,New_Delhi,Scene_5_2025-04-23,193,C:\Users\Aditya main\Desktop\Project_Sih\patches\New_Delhi\Scene_5_2025-04-23\patch_0193.npy,6144,6656,512,99.85504150390624,patches\New_Delhi\Scene_5_2025-04-23\patch_0193.npy
2212,New_Delhi,Scene_5_2025-04-23,194,C:\Users\Aditya main\Desktop\Project_Sih\patches\New_Delhi\Scene_5_2025-04-23\patch_0194.npy,6144,7168,512,99.24468994140624,patches\New_Delhi\Scene_5_2025-04-23\patch_0194.npy
2213,New_Delhi,Scene_5_2025-04-23,195,C:\Users\Aditya main\Desktop\Project_Sih\patches\New_Delhi\Scene_5_2025-04-23\patch_0195.npy,6656,0,512,99.34539794921876,patches\New_Delhi\Scene_5_2025-04-23\patch_0195.npy
2214,New_Delhi,Scene_5_2025-04-23,196,C:\Users\Aditya main\Desktop\Project_Sih\patches\New_Delhi\Scene_5_2025-04-23\patch_0196.npy,6656,512,512,99.83978271484376,patches\New_Delhi\Scene_5_2025-04-23\patch_0196.npy
2215,New_Delhi,Scene_5_2025-04-23,197,C:\Users\Aditya main\Desktop\Project_Sih\patches\New_Delhi\Scene_5_2025-04-23\patch_0197.npy,6656,1024,512,94.53277587890624,patches\New_Delhi\Scene_5_2025-04-23\patch_0197.npy
2216,New_Delhi,Scene_5_2025-04-23,198,C:\Users\Aditya main\Desktop\Project_Sih\patches\New_Delhi\Scene_5_2025-04-23\patch_0198.npy,6656,1536,512,90.3717041015625,patches\New_Delhi\Scene_5_2025-04-23\patch_0198.npy
2217,New_Delhi,Scene_5_2025-04-23,199,C:\Users\Aditya main\Desktop\Project_Sih\patches\New_Delhi\Scene_5_2025-04-23\patch_0199.npy,6656,2048,512,97.0123291015625,patches\New_Delhi\Scene_5_2025-04-23\patch_0199.npy
2218,New_Delhi,Scene_5_2025-04-23,200,C:\Users\Aditya main\Desktop\Project_Sih\patches\New_Delhi\Scene_5_2025-04-23\patch_0200.npy,6656,2560,512,94.81353759765624,patches\New_Delhi\Scene_5_2025-04-23\patch_0200.npy
2219,New_Delhi,Scene_5_2025-04-23,201,C:\Users\Aditya main\Desktop\Project_Sih\patches\New_Delhi\Scene_5_2025-04-23\patch_0201.npy,6656,3072,512,98.59771728515624,patches\New_Delhi\Scene_5_2025-04-23\patch_0201.npy
2220,New_Delhi,Scene_5_2025-04-23,202,C:\Users\Aditya main\Desktop\Project_Sih\patches\New_Delhi\Scene_5_2025-04-23\patch_0202.npy,6656,3584,512,99.82452392578124,patches\New_Delhi\Scene_5_2025-04-23\patch_0202.npy
2221,New_Delhi,Scene_5_2025-04-23,203,C:\Users\Aditya main\Desktop\Project_Sih\patches\New_Delhi\Scene_5_2025-04-23\patch_0203.npy,6656,4096,512,97.90191650390624,patches\New_Delhi\Scene_5_2025-04-23\patch_0203.npy
2222,New_Delhi,Scene_5_2025-04-23,204,C:\Users\Aditya main\Desktop\Project_Sih\patches\New_Delhi\Scene_5_2025-04-23\patch_0204.npy,6656,4608,512,94.66094970703124,patches\New_Delhi\Scene_5_2025-04-23\patch_0204.npy
2223,New_Delhi,Scene_5_2025-04-23,205,C:\Users\Aditya main\Desktop\Project_Sih\patches\New_Delhi\Scene_5_2025-04-23\patch_0205.npy,6656,5120,512,98.35357666015624,patches\New_Delhi\Scene_5_2025-04-23\patch_0205.npy
2224,New_Delhi,Scene_5_2025-04-23,206,C:\Users\Aditya main\Desktop\Project_Sih\patches\New_Delhi\Scene_5_2025-04-23\patch_0206.npy,6656,5632,512,99.93438720703124,patches\New_Delhi\Scene_5_2025-04-23\patch_0206.npy
2225,New_Delhi,Scene_5_2025-04-23,207,C:\Users\Aditya main\Desktop\Project_Sih\patches\New_Delhi\Scene_5_2025-04-23\patch_0207.npy,6656,6144,512,99.73907470703124,patches\New_Delhi\Scene_5_2025-04-23\patch_0207.npy
2226,New_Delhi,Scene_5_2025-04-23,208,C:\Users\Aditya main\Desktop\Project_Sih\patches\New_Delhi\Scene_5_2025-04-23\patch_0208.npy,6656,6656,512,98.45123291015624,patches\New_Delhi\Scene_5_2025-04-23\patch_0208.npy
2227,New_Delhi,Scene_5_2025-04-23,209,C:\Users\Aditya main\Desktop\Project_Sih\patches\New_Delhi\Scene_5_2025-04-23\patch_0209.npy,6656,7168,512,98.64654541015624,patches\New_Delhi\Scene_5_2025-04-23\patch_0209.npy
